year,country,gdp_tier,industry,company_size,num_employees,rd_spend_pct_gdp,internet_penetration_pct,digital_maturity_index,ai_adoption_rate,adoption_level,prior_year_adoption_rate,adoption_momentum,rolling_3yr_avg,years_since_2018
2018,Australia,3,Agriculture,Large,24661,2.59,99.0,83.5,10.77,Low,10.77,0.0,10.77,0
2019,Australia,3,Agriculture,Large,32153,2.46,97.3,77.5,19.73,Low,10.77,8.96,10.77,1
2020,Australia,3,Agriculture,Large,2202,3.0,99.0,85.1,29.18,Low,19.73,9.45,15.25,2
2021,Australia,3,Agriculture,Large,14559,2.82,99.0,84.1,30.77,Medium,29.18,1.5899999999999999,19.893333333333334,3
2022,Australia,3,Agriculture,Large,35936,2.43,99.0,82.9,36.15,Medium,30.77,5.379999999999999,26.56,4
2023,Australia,3,Agriculture,Large,14919,2.81,99.0,81.4,45.36,Medium,36.15,9.21,32.03333333333333,5
2024,Australia,3,Agriculture,Large,43906,3.37,94.9,60.1,69.37,High,45.36,24.010000000000005,37.42666666666667,6
2025,Australia,3,Agriculture,Large,27974,1.9,99.0,78.3,61.11,High,69.37,-8.260000000000005,50.29333333333333,7
2018,Australia,3,Agriculture,Medium,124,2.95,99.0,85.0,6.39,Low,6.39,0.0,6.39,0
2019,Australia,3,Agriculture,Medium,991,2.75,99.0,79.0,5.9,Low,6.39,-0.4899999999999993,6.39,1
2020,Australia,3,Agriculture,Medium,736,2.17,99.0,86.6,6.04,Low,5.9,0.13999999999999968,6.145,2
2021,Australia,3,Agriculture,Medium,991,2.54,99.0,99.4,26.69,Low,6.04,20.650000000000002,6.109999999999999,3
2022,Australia,3,Agriculture,Medium,804,3.03,99.0,78.1,36.95,Medium,26.69,10.260000000000002,12.876666666666667,4
2023,Australia,3,Agriculture,Medium,838,2.74,98.6,70.8,30.75,Medium,36.95,-6.200000000000003,23.22666666666667,5
2024,Australia,3,Agriculture,Medium,616,2.11,94.6,76.7,48.15,Medium,30.75,17.4,31.46333333333334,6
2025,Australia,3,Agriculture,Medium,190,2.75,99.0,100.0,54.88,Medium,48.15,6.730000000000004,38.61666666666667,7
2018,Australia,3,Agriculture,Small,34,2.85,96.2,71.3,2.0,Low,2.0,0.0,2.0,0
2019,Australia,3,Agriculture,Small,32,2.92,94.6,64.5,7.31,Low,2.0,5.31,2.0,1
2020,Australia,3,Agriculture,Small,30,2.35,92.0,90.9,16.19,Low,7.31,8.880000000000003,4.654999999999999,2
2021,Australia,3,Agriculture,Small,18,2.53,99.0,99.0,14.24,Low,16.19,-1.950000000000001,8.5,3
2022,Australia,3,Agriculture,Small,89,2.34,94.4,83.4,20.03,Low,14.24,5.790000000000001,12.58,4
2023,Australia,3,Agriculture,Small,29,2.62,97.0,84.9,28.87,Low,20.03,8.84,16.820000000000004,5
2024,Australia,3,Agriculture,Small,76,2.67,87.5,77.2,47.42,Medium,28.87,18.55,21.04666666666667,6
2025,Australia,3,Agriculture,Small,94,2.55,99.0,83.3,52.77,Medium,47.42,5.350000000000001,32.10666666666667,7
2018,Australia,3,Automotive,Large,39102,2.59,99.0,99.1,48.12,Medium,48.12,0.0,48.12,0
2019,Australia,3,Automotive,Large,13914,2.51,98.6,78.3,55.72,High,48.12,7.600000000000001,48.12,1
2020,Australia,3,Automotive,Large,42758,2.59,96.7,100.0,60.09,High,55.72,4.3700000000000045,51.92,2
2021,Australia,3,Automotive,Large,32322,2.58,99.0,94.9,64.87,High,60.09,4.780000000000001,54.64333333333334,3
2022,Australia,3,Automotive,Large,42499,2.57,93.9,77.4,75.57,High,64.87,10.699999999999989,60.22666666666667,4
2023,Australia,3,Automotive,Large,22622,2.72,98.4,73.2,69.11,High,75.57,-6.459999999999994,66.84333333333333,5
2024,Australia,3,Automotive,Large,5876,3.21,96.5,96.0,97.0,High,69.11,27.89,69.85000000000001,6
2025,Australia,3,Automotive,Large,11387,3.14,87.5,76.0,97.0,High,97.0,0.0,80.56,7
2018,Australia,3,Automotive,Medium,281,2.61,82.6,100.0,28.6,Low,28.6,0.0,28.6,0
2019,Australia,3,Automotive,Medium,268,2.64,95.2,80.0,47.2,Medium,28.6,18.6,28.6,1
2020,Australia,3,Automotive,Medium,960,3.07,99.0,82.3,41.23,Medium,47.2,-5.970000000000006,37.900000000000006,2
2021,Australia,3,Automotive,Medium,331,2.44,99.0,90.7,45.63,Medium,41.23,4.400000000000006,39.01,3
2022,Australia,3,Automotive,Medium,880,2.17,99.0,89.8,53.66,Medium,45.63,8.029999999999994,44.68666666666667,4
2023,Australia,3,Automotive,Medium,236,2.54,99.0,80.3,61.46,High,53.66,7.800000000000004,46.839999999999996,5
2024,Australia,3,Automotive,Medium,784,3.13,99.0,86.6,68.79,High,61.46,7.330000000000005,53.583333333333336,6
2025,Australia,3,Automotive,Medium,240,2.71,99.0,97.9,84.37,High,68.79,15.579999999999998,61.30333333333334,7
2018,Australia,3,Automotive,Small,13,2.48,99.0,99.7,13.57,Low,13.57,0.0,13.57,0
2019,Australia,3,Automotive,Small,94,2.09,99.0,89.8,30.4,Medium,13.57,16.83,13.57,1
2020,Australia,3,Automotive,Small,37,2.44,99.0,100.0,26.67,Low,30.4,-3.729999999999997,21.985,2
2021,Australia,3,Automotive,Small,90,2.5,88.6,77.5,31.75,Medium,26.67,5.079999999999998,23.546666666666667,3
2022,Australia,3,Automotive,Small,64,2.62,99.0,81.8,41.79,Medium,31.75,10.04,29.606666666666666,4
2023,Australia,3,Automotive,Small,71,2.68,99.0,86.0,50.25,Medium,41.79,8.46,33.403333333333336,5
2024,Australia,3,Automotive,Small,83,2.5,99.0,84.1,63.95,High,50.25,13.700000000000003,41.26333333333333,6
2025,Australia,3,Automotive,Small,83,3.07,94.0,93.7,67.0,High,63.95,3.049999999999997,51.99666666666667,7
2018,Australia,3,Education,Large,47970,2.47,99.0,89.3,31.57,Medium,31.57,0.0,31.57,0
2019,Australia,3,Education,Large,17963,2.35,99.0,100.0,27.18,Low,31.57,-4.390000000000001,31.57,1
2020,Australia,3,Education,Large,27025,2.39,98.9,82.4,46.2,Medium,27.18,19.020000000000003,29.375,2
2021,Australia,3,Education,Large,29069,3.18,99.0,92.6,63.1,High,46.2,16.9,34.983333333333334,3
2022,Australia,3,Education,Large,14764,2.88,99.0,83.3,47.12,Medium,63.1,-15.980000000000004,45.49333333333333,4
2023,Australia,3,Education,Large,48210,2.68,86.6,77.9,68.01,High,47.12,20.890000000000008,52.14000000000001,5
2024,Australia,3,Education,Large,19205,2.88,99.0,80.9,76.86,High,68.01,8.849999999999994,59.410000000000004,6
2025,Australia,3,Education,Large,36306,2.66,96.5,95.3,87.16,High,76.86,10.299999999999997,63.99666666666667,7
2018,Australia,3,Education,Medium,417,2.62,99.0,87.5,12.22,Low,12.22,0.0,12.22,0
2019,Australia,3,Education,Medium,209,2.4,93.4,91.7,22.45,Low,12.22,10.229999999999999,12.22,1
2020,Australia,3,Education,Medium,858,2.62,99.0,89.1,32.09,Medium,22.45,9.640000000000004,17.335,2
2021,Australia,3,Education,Medium,966,2.68,97.7,70.9,33.11,Medium,32.09,1.019999999999996,22.253333333333334,3
2022,Australia,3,Education,Medium,552,2.24,99.0,90.8,39.8,Medium,33.11,6.689999999999998,29.21666666666667,4
2023,Australia,3,Education,Medium,795,2.27,94.9,83.8,53.72,Medium,39.8,13.920000000000002,35.0,5
2024,Australia,3,Education,Medium,506,2.52,97.5,71.5,67.54,High,53.72,13.820000000000007,42.21,6
2025,Australia,3,Education,Medium,246,2.5,95.9,85.4,75.86,High,67.54,8.319999999999993,53.68666666666667,7
2018,Australia,3,Education,Small,10,3.0,99.0,85.3,7.98,Low,7.98,0.0,7.98,0
2019,Australia,3,Education,Small,46,2.28,99.0,63.8,12.31,Low,7.98,4.33,7.98,1
2020,Australia,3,Education,Small,64,2.65,99.0,99.5,16.52,Low,12.31,4.209999999999999,10.145,2
2021,Australia,3,Education,Small,98,2.57,99.0,83.6,29.54,Low,16.52,13.02,12.270000000000001,3
2022,Australia,3,Education,Small,17,2.67,99.0,75.6,40.78,Medium,29.54,11.240000000000002,19.456666666666667,4
2023,Australia,3,Education,Small,17,2.63,99.0,93.7,34.7,Medium,40.78,-6.079999999999998,28.94666666666667,5
2024,Australia,3,Education,Small,8,2.32,99.0,94.1,50.47,Medium,34.7,15.769999999999996,35.00666666666667,6
2025,Australia,3,Education,Small,14,2.54,99.0,81.5,69.05,High,50.47,18.58,41.98333333333334,7
2018,Australia,3,Financial Services,Large,20530,2.03,96.8,100.0,40.75,Medium,40.75,0.0,40.75,0
2019,Australia,3,Financial Services,Large,43976,3.1,94.9,97.5,63.18,High,40.75,22.43,40.75,1
2020,Australia,3,Financial Services,Large,20150,2.33,93.9,93.5,67.7,High,63.18,4.520000000000003,51.965,2
2021,Australia,3,Financial Services,Large,28459,2.26,99.0,88.7,80.87,High,67.7,13.170000000000002,57.21,3
2022,Australia,3,Financial Services,Large,37746,2.69,99.0,97.5,75.59,High,80.87,-5.280000000000001,70.58333333333333,4
2023,Australia,3,Financial Services,Large,19581,2.72,99.0,72.2,87.27,High,75.59,11.679999999999993,74.72,5
2024,Australia,3,Financial Services,Large,49076,2.14,99.0,86.6,97.0,High,87.27,9.730000000000004,81.24333333333334,6
2025,Australia,3,Financial Services,Large,44278,2.64,92.1,84.0,97.0,High,97.0,0.0,86.62,7
2018,Australia,3,Financial Services,Medium,799,3.24,98.9,96.6,30.41,Medium,30.41,0.0,30.41,0
2019,Australia,3,Financial Services,Medium,827,2.8,82.1,100.0,39.48,Medium,30.41,9.069999999999997,30.41,1
2020,Australia,3,Financial Services,Medium,670,2.8,76.0,92.7,46.07,Medium,39.48,6.590000000000003,34.945,2
2021,Australia,3,Financial Services,Medium,829,2.56,80.3,85.6,54.42,Medium,46.07,8.350000000000001,38.65333333333333,3
2022,Australia,3,Financial Services,Medium,533,3.16,99.0,84.6,55.65,High,54.42,1.2299999999999969,46.656666666666666,4
2023,Australia,3,Financial Services,Medium,660,2.72,94.3,87.0,72.98,High,55.65,17.330000000000005,52.04666666666666,5
2024,Australia,3,Financial Services,Medium,970,2.87,99.0,94.9,75.85,High,72.98,2.8699999999999903,61.01666666666667,6
2025,Australia,3,Financial Services,Medium,458,2.62,92.2,89.1,83.77,High,75.85,7.920000000000002,68.16,7
2018,Australia,3,Financial Services,Small,74,2.8,99.0,100.0,17.48,Low,17.48,0.0,17.48,0
2019,Australia,3,Financial Services,Small,61,1.98,90.6,87.9,29.37,Low,17.48,11.89,17.48,1
2020,Australia,3,Financial Services,Small,19,2.61,95.8,93.8,41.71,Medium,29.37,12.34,23.425,2
2021,Australia,3,Financial Services,Small,36,2.61,96.4,85.2,34.61,Medium,41.71,-7.100000000000001,29.52,3
2022,Australia,3,Financial Services,Small,26,2.09,99.0,95.3,48.28,Medium,34.61,13.670000000000002,35.23,4
2023,Australia,3,Financial Services,Small,6,2.66,94.6,95.9,48.05,Medium,48.28,-0.23000000000000398,41.53333333333333,5
2024,Australia,3,Financial Services,Small,96,2.35,97.6,97.6,51.66,Medium,48.05,3.6099999999999994,43.64666666666667,6
2025,Australia,3,Financial Services,Small,36,2.63,99.0,97.4,72.95,High,51.66,21.290000000000006,49.330000000000005,7
2018,Australia,3,Gaming,Large,48564,2.65,91.7,93.2,54.34,Medium,54.34,0.0,54.34,0
2019,Australia,3,Gaming,Large,21437,2.19,99.0,96.8,59.81,High,54.34,5.469999999999999,54.34,1
2020,Australia,3,Gaming,Large,1900,2.94,99.0,98.3,57.77,High,59.81,-2.039999999999999,57.075,2
2021,Australia,3,Gaming,Large,2921,2.59,99.0,85.8,79.62,High,57.77,21.85,57.30666666666667,3
2022,Australia,3,Gaming,Large,18905,2.68,99.0,82.8,86.28,High,79.62,6.659999999999997,65.73333333333333,4
2023,Australia,3,Gaming,Large,29991,2.46,99.0,96.0,85.47,High,86.28,-0.8100000000000023,74.55666666666667,5
2024,Australia,3,Gaming,Large,1735,2.46,78.7,100.0,92.26,High,85.47,6.790000000000006,83.79,6
2025,Australia,3,Gaming,Large,11472,2.91,79.3,73.3,97.0,High,92.26,4.739999999999995,88.00333333333333,7
2018,Australia,3,Gaming,Medium,743,2.64,94.8,100.0,33.33,Medium,33.33,0.0,33.33,0
2019,Australia,3,Gaming,Medium,660,2.43,84.7,71.9,50.23,Medium,33.33,16.9,33.33,1
2020,Australia,3,Gaming,Medium,176,2.27,99.0,98.6,47.87,Medium,50.23,-2.3599999999999994,41.78,2
2021,Australia,3,Gaming,Medium,386,2.53,94.9,93.1,64.16,High,47.87,16.29,43.81,3
2022,Australia,3,Gaming,Medium,987,2.8,99.0,100.0,56.26,High,64.16,-7.899999999999999,54.086666666666666,4
2023,Australia,3,Gaming,Medium,607,2.46,94.4,91.2,66.03,High,56.26,9.770000000000003,56.096666666666664,5
2024,Australia,3,Gaming,Medium,815,2.19,99.0,89.6,77.65,High,66.03,11.620000000000005,62.15,6
2025,Australia,3,Gaming,Medium,174,2.35,99.0,100.0,83.42,High,77.65,5.769999999999996,66.64666666666666,7
2018,Australia,3,Gaming,Small,43,2.44,90.3,79.2,18.77,Low,18.77,0.0,18.77,0
2019,Australia,3,Gaming,Small,99,2.16,98.5,100.0,30.44,Medium,18.77,11.670000000000002,18.77,1
2020,Australia,3,Gaming,Small,44,2.66,99.0,79.0,34.51,Medium,30.44,4.069999999999997,24.605,2
2021,Australia,3,Gaming,Small,39,2.58,99.0,87.1,47.13,Medium,34.51,12.620000000000005,27.906666666666666,3
2022,Australia,3,Gaming,Small,44,2.16,94.3,94.5,51.73,Medium,47.13,4.599999999999994,37.36000000000001,4
2023,Australia,3,Gaming,Small,37,2.85,99.0,97.7,54.42,Medium,51.73,2.690000000000005,44.45666666666667,5
2024,Australia,3,Gaming,Small,7,2.92,92.9,92.7,59.84,High,54.42,5.420000000000002,51.093333333333334,6
2025,Australia,3,Gaming,Small,44,2.39,99.0,90.7,72.79,High,59.84,12.950000000000003,55.330000000000005,7
2018,Australia,3,Government,Large,31229,2.95,99.0,84.7,24.88,Low,24.88,0.0,24.88,0
2019,Australia,3,Government,Large,39503,2.92,91.4,92.1,27.62,Low,24.88,2.740000000000002,24.88,1
2020,Australia,3,Government,Large,22539,2.64,99.0,78.3,40.87,Medium,27.62,13.249999999999996,26.25,2
2021,Australia,3,Government,Large,45810,2.57,99.0,82.8,36.26,Medium,40.87,-4.609999999999999,31.123333333333335,3
2022,Australia,3,Government,Large,2677,2.28,96.7,72.1,41.26,Medium,36.26,5.0,34.916666666666664,4
2023,Australia,3,Government,Large,48881,2.26,99.0,72.8,48.1,Medium,41.26,6.840000000000003,39.46333333333333,5
2024,Australia,3,Government,Large,11030,2.64,96.7,94.3,72.1,High,48.1,23.999999999999993,41.87333333333333,6
2025,Australia,3,Government,Large,11097,2.36,99.0,87.6,75.38,High,72.1,3.280000000000001,53.81999999999999,7
2018,Australia,3,Government,Medium,766,2.48,99.0,74.3,9.35,Low,9.35,0.0,9.35,0
2019,Australia,3,Government,Medium,996,2.36,99.0,72.6,10.1,Low,9.35,0.75,9.35,1
2020,Australia,3,Government,Medium,498,2.87,99.0,82.8,29.23,Low,10.1,19.130000000000003,9.725,2
2021,Australia,3,Government,Medium,158,2.43,99.0,93.4,39.07,Medium,29.23,9.84,16.226666666666667,3
2022,Australia,3,Government,Medium,975,2.41,99.0,92.0,35.33,Medium,39.07,-3.740000000000002,26.133333333333336,4
2023,Australia,3,Government,Medium,985,2.31,97.4,84.4,41.28,Medium,35.33,5.950000000000003,34.54333333333333,5
2024,Australia,3,Government,Medium,845,2.68,99.0,88.2,63.49,High,41.28,22.21,38.56,6
2025,Australia,3,Government,Medium,464,2.01,99.0,86.0,64.56,High,63.49,1.0700000000000003,46.70000000000001,7
2018,Australia,3,Government,Small,54,2.82,98.7,78.7,2.0,Low,2.0,0.0,2.0,0
2019,Australia,3,Government,Small,19,2.67,87.8,90.2,4.78,Low,2.0,2.7800000000000002,2.0,1
2020,Australia,3,Government,Small,64,3.0,99.0,79.9,19.78,Low,4.78,15.0,3.39,2
2021,Australia,3,Government,Small,44,2.71,94.0,63.9,27.14,Low,19.78,7.359999999999999,8.853333333333333,3
2022,Australia,3,Government,Small,62,2.34,89.9,81.2,19.91,Low,27.14,-7.23,17.233333333333334,4
2023,Australia,3,Government,Small,25,2.27,92.3,70.7,41.82,Medium,19.91,21.91,22.276666666666667,5
2024,Australia,3,Government,Small,50,2.99,90.1,96.3,46.09,Medium,41.82,4.270000000000003,29.623333333333335,6
2025,Australia,3,Government,Small,55,2.5,99.0,97.5,58.44,High,46.09,12.349999999999994,35.940000000000005,7
2018,Australia,3,Healthcare,Large,17834,2.9,95.5,100.0,51.36,Medium,51.36,0.0,51.36,0
2019,Australia,3,Healthcare,Large,5734,2.77,92.4,100.0,50.96,Medium,51.36,-0.3999999999999986,51.36,1
2020,Australia,3,Healthcare,Large,48220,2.75,93.1,79.8,69.94,High,50.96,18.979999999999997,51.16,2
2021,Australia,3,Healthcare,Large,23172,2.77,99.0,86.2,71.84,High,69.94,1.9000000000000057,57.419999999999995,3
2022,Australia,3,Healthcare,Large,28151,2.52,94.9,97.3,71.29,High,71.84,-0.5499999999999972,64.24666666666667,4
2023,Australia,3,Healthcare,Large,16322,2.15,99.0,98.9,92.49,High,71.29,21.19999999999999,71.02333333333333,5
2024,Australia,3,Healthcare,Large,40047,2.51,91.9,86.3,91.03,High,92.49,-1.4599999999999937,78.54,6
2025,Australia,3,Healthcare,Large,5936,2.41,99.0,85.1,97.0,High,91.03,5.969999999999999,84.93666666666667,7
2018,Australia,3,Healthcare,Medium,181,2.59,99.0,99.0,31.78,Medium,31.78,0.0,31.78,0
2019,Australia,3,Healthcare,Medium,876,3.33,99.0,73.1,36.86,Medium,31.78,5.079999999999998,31.78,1
2020,Australia,3,Healthcare,Medium,405,2.58,99.0,97.3,44.2,Medium,36.86,7.340000000000003,34.32,2
2021,Australia,3,Healthcare,Medium,292,2.03,99.0,100.0,59.52,High,44.2,15.32,37.61333333333334,3
2022,Australia,3,Healthcare,Medium,774,2.69,99.0,83.3,55.88,High,59.52,-3.6400000000000006,46.86000000000001,4
2023,Australia,3,Healthcare,Medium,103,2.52,97.1,100.0,68.72,High,55.88,12.839999999999996,53.20000000000001,5
2024,Australia,3,Healthcare,Medium,195,2.57,99.0,92.9,78.0,High,68.72,9.280000000000001,61.373333333333335,6
2025,Australia,3,Healthcare,Medium,247,2.92,99.0,86.8,78.6,High,78.0,0.5999999999999943,67.53333333333333,7
2018,Australia,3,Healthcare,Small,90,3.2,93.5,94.4,14.67,Low,14.67,0.0,14.67,0
2019,Australia,3,Healthcare,Small,65,2.37,97.0,82.4,17.75,Low,14.67,3.08,14.67,1
2020,Australia,3,Healthcare,Small,46,2.12,95.2,86.6,19.26,Low,17.75,1.5100000000000016,16.21,2
2021,Australia,3,Healthcare,Small,41,2.79,99.0,88.7,43.93,Medium,19.26,24.669999999999998,17.22666666666667,3
2022,Australia,3,Healthcare,Small,30,2.22,99.0,90.2,42.51,Medium,43.93,-1.4200000000000017,26.98,4
2023,Australia,3,Healthcare,Small,7,2.71,99.0,86.1,47.44,Medium,42.51,4.93,35.23333333333333,5
2024,Australia,3,Healthcare,Small,70,2.47,99.0,100.0,60.97,High,47.44,13.530000000000001,44.626666666666665,6
2025,Australia,3,Healthcare,Small,31,2.88,99.0,100.0,71.56,High,60.97,10.590000000000003,50.306666666666665,7
2018,Australia,3,Legal,Large,8636,2.37,91.6,88.0,27.36,Low,27.36,0.0,27.36,0
2019,Australia,3,Legal,Large,31398,2.35,95.8,73.7,31.84,Medium,27.36,4.48,27.36,1
2020,Australia,3,Legal,Large,23134,2.78,93.7,97.3,49.79,Medium,31.84,17.95,29.6,2
2021,Australia,3,Legal,Large,43018,3.01,98.1,84.2,45.16,Medium,49.79,-4.630000000000003,36.33,3
2022,Australia,3,Legal,Large,36502,2.78,99.0,94.5,56.6,High,45.16,11.440000000000005,42.26333333333333,4
2023,Australia,3,Legal,Large,41562,2.92,92.8,94.9,65.23,High,56.6,8.630000000000003,50.51666666666666,5
2024,Australia,3,Legal,Large,44266,2.76,99.0,85.2,78.77,High,65.23,13.539999999999992,55.663333333333334,6
2025,Australia,3,Legal,Large,16924,2.88,91.5,76.1,79.48,High,78.77,0.710000000000008,66.86666666666667,7
2018,Australia,3,Legal,Medium,107,2.71,91.3,80.2,15.63,Low,15.63,0.0,15.63,0
2019,Australia,3,Legal,Medium,914,2.64,86.1,58.9,34.69,Medium,15.63,19.059999999999995,15.63,1
2020,Australia,3,Legal,Medium,387,2.28,97.4,97.2,32.68,Medium,34.69,-2.009999999999998,25.16,2
2021,Australia,3,Legal,Medium,414,2.35,99.0,100.0,38.43,Medium,32.68,5.75,27.666666666666668,3
2022,Australia,3,Legal,Medium,212,1.98,99.0,92.7,37.82,Medium,38.43,-0.6099999999999994,35.26666666666667,4
2023,Australia,3,Legal,Medium,290,2.74,99.0,97.6,53.79,Medium,37.82,15.969999999999999,36.31,5
2024,Australia,3,Legal,Medium,843,3.11,96.1,78.3,59.06,High,53.79,5.270000000000003,43.346666666666664,6
2025,Australia,3,Legal,Medium,450,2.46,95.1,67.9,71.26,High,59.06,12.200000000000003,50.22333333333333,7
2018,Australia,3,Legal,Small,26,2.18,99.0,86.5,5.91,Low,5.91,0.0,5.91,0
2019,Australia,3,Legal,Small,65,2.57,99.0,99.5,5.1,Low,5.91,-0.8100000000000005,5.91,1
2020,Australia,3,Legal,Small,96,2.59,99.0,80.3,19.67,Low,5.1,14.570000000000002,5.505,2
2021,Australia,3,Legal,Small,26,2.81,95.2,84.1,21.49,Low,19.67,1.8199999999999967,10.226666666666667,3
2022,Australia,3,Legal,Small,96,2.51,99.0,68.4,33.39,Medium,21.49,11.900000000000002,15.42,4
2023,Australia,3,Legal,Small,13,2.46,90.4,100.0,43.41,Medium,33.39,10.019999999999996,24.849999999999998,5
2024,Australia,3,Legal,Small,11,2.45,92.7,100.0,52.59,Medium,43.41,9.180000000000007,32.76333333333333,6
2025,Australia,3,Legal,Small,34,2.94,98.0,92.8,56.67,High,52.59,4.079999999999998,43.129999999999995,7
2018,Australia,3,Manufacturing,Large,10476,2.91,99.0,100.0,38.16,Medium,38.16,0.0,38.16,0
2019,Australia,3,Manufacturing,Large,34991,3.17,99.0,83.7,45.91,Medium,38.16,7.75,38.16,1
2020,Australia,3,Manufacturing,Large,44518,2.4,90.5,85.5,51.61,Medium,45.91,5.700000000000003,42.035,2
2021,Australia,3,Manufacturing,Large,33567,2.66,99.0,93.6,60.49,High,51.61,8.880000000000003,45.22666666666667,3
2022,Australia,3,Manufacturing,Large,24442,2.65,99.0,100.0,70.24,High,60.49,9.749999999999993,52.669999999999995,4
2023,Australia,3,Manufacturing,Large,21386,2.87,90.5,100.0,75.8,High,70.24,5.560000000000002,60.78,5
2024,Australia,3,Manufacturing,Large,10965,2.82,99.0,89.1,86.92,High,75.8,11.120000000000005,68.84333333333335,6
2025,Australia,3,Manufacturing,Large,3393,3.18,99.0,80.8,97.0,High,86.92,10.079999999999998,77.65333333333334,7
2018,Australia,3,Manufacturing,Medium,646,2.55,99.0,97.8,26.89,Low,26.89,0.0,26.89,0
2019,Australia,3,Manufacturing,Medium,722,2.81,89.5,92.9,37.6,Medium,26.89,10.71,26.89,1
2020,Australia,3,Manufacturing,Medium,176,3.05,99.0,83.5,43.93,Medium,37.6,6.329999999999998,32.245000000000005,2
2021,Australia,3,Manufacturing,Medium,974,2.16,99.0,98.1,46.39,Medium,43.93,2.460000000000001,36.14,3
2022,Australia,3,Manufacturing,Medium,831,2.52,85.2,87.0,57.23,High,46.39,10.839999999999996,42.64,4
2023,Australia,3,Manufacturing,Medium,290,2.55,97.4,88.6,64.92,High,57.23,7.690000000000005,49.18333333333333,5
2024,Australia,3,Manufacturing,Medium,238,2.71,94.0,81.7,66.1,High,64.92,1.1799999999999926,56.18000000000001,6
2025,Australia,3,Manufacturing,Medium,330,2.77,99.0,84.7,79.39,High,66.1,13.290000000000006,62.75,7
2018,Australia,3,Manufacturing,Small,9,2.75,97.1,86.7,19.35,Low,19.35,0.0,19.35,0
2019,Australia,3,Manufacturing,Small,86,2.69,99.0,66.3,24.88,Low,19.35,5.529999999999998,19.35,1
2020,Australia,3,Manufacturing,Small,75,2.61,97.4,100.0,27.24,Low,24.88,2.3599999999999994,22.115000000000002,2
2021,Australia,3,Manufacturing,Small,68,2.69,99.0,84.0,34.67,Medium,27.24,7.430000000000003,23.823333333333334,3
2022,Australia,3,Manufacturing,Small,94,2.63,99.0,92.6,39.19,Medium,34.67,4.519999999999996,28.929999999999996,4
2023,Australia,3,Manufacturing,Small,40,3.03,97.6,73.0,62.44,High,39.19,23.25,33.699999999999996,5
2024,Australia,3,Manufacturing,Small,92,3.13,87.8,87.2,61.45,High,62.44,-0.9899999999999949,45.43333333333333,6
2025,Australia,3,Manufacturing,Small,20,2.01,99.0,95.7,61.82,High,61.45,0.36999999999999744,54.36000000000001,7
2018,Australia,3,Media & Entertainment,Large,43087,2.56,99.0,96.4,46.14,Medium,46.14,0.0,46.14,0
2019,Australia,3,Media & Entertainment,Large,20476,2.16,91.3,88.8,57.13,High,46.14,10.990000000000002,46.14,1
2020,Australia,3,Media & Entertainment,Large,42920,2.39,99.0,94.2,63.43,High,57.13,6.299999999999997,51.635000000000005,2
2021,Australia,3,Media & Entertainment,Large,40413,2.67,98.1,100.0,65.4,High,63.43,1.970000000000006,55.56666666666666,3
2022,Australia,3,Media & Entertainment,Large,15328,1.87,99.0,74.3,74.97,High,65.4,9.569999999999993,61.98666666666667,4
2023,Australia,3,Media & Entertainment,Large,11747,2.73,90.0,84.8,80.19,High,74.97,5.219999999999999,67.93333333333334,5
2024,Australia,3,Media & Entertainment,Large,35405,2.0,86.1,86.5,97.0,High,80.19,16.810000000000002,73.52,6
2025,Australia,3,Media & Entertainment,Large,19060,2.55,96.5,87.8,90.05,High,97.0,-6.950000000000003,84.05333333333333,7
2018,Australia,3,Media & Entertainment,Medium,205,2.77,98.5,89.7,27.14,Low,27.14,0.0,27.14,0
2019,Australia,3,Media & Entertainment,Medium,559,2.07,97.2,98.1,21.97,Low,27.14,-5.170000000000002,27.14,1
2020,Australia,3,Media & Entertainment,Medium,754,2.71,99.0,100.0,41.41,Medium,21.97,19.439999999999998,24.555,2
2021,Australia,3,Media & Entertainment,Medium,474,2.29,99.0,79.1,50.19,Medium,41.41,8.780000000000001,30.173333333333332,3
2022,Australia,3,Media & Entertainment,Medium,460,2.86,99.0,81.0,55.48,High,50.19,5.289999999999999,37.85666666666666,4
2023,Australia,3,Media & Entertainment,Medium,659,2.67,99.0,96.0,60.06,High,55.48,4.580000000000005,49.026666666666664,5
2024,Australia,3,Media & Entertainment,Medium,750,2.12,99.0,81.0,79.75,High,60.06,19.689999999999998,55.24333333333333,6
2025,Australia,3,Media & Entertainment,Medium,138,2.84,98.5,72.2,84.34,High,79.75,4.590000000000003,65.09666666666666,7
2018,Australia,3,Media & Entertainment,Small,14,2.38,95.8,77.5,12.49,Low,12.49,0.0,12.49,0
2019,Australia,3,Media & Entertainment,Small,71,3.04,99.0,84.8,24.53,Low,12.49,12.040000000000001,12.49,1
2020,Australia,3,Media & Entertainment,Small,92,2.69,95.0,95.4,35.23,Medium,24.53,10.699999999999996,18.51,2
2021,Australia,3,Media & Entertainment,Small,24,2.41,99.0,89.2,38.72,Medium,35.23,3.490000000000002,24.083333333333332,3
2022,Australia,3,Media & Entertainment,Small,37,2.58,89.9,95.1,38.19,Medium,38.72,-0.5300000000000011,32.82666666666666,4
2023,Australia,3,Media & Entertainment,Small,80,2.55,85.3,100.0,52.85,Medium,38.19,14.660000000000004,37.379999999999995,5
2024,Australia,3,Media & Entertainment,Small,13,1.81,99.0,93.5,61.52,High,52.85,8.670000000000002,43.25333333333333,6
2025,Australia,3,Media & Entertainment,Small,62,2.59,93.8,90.5,73.42,High,61.52,11.899999999999999,50.85333333333333,7
2018,Australia,3,Retail,Large,39343,2.55,93.9,74.3,42.13,Medium,42.13,0.0,42.13,0
2019,Australia,3,Retail,Large,49336,2.87,94.8,97.8,50.5,Medium,42.13,8.369999999999997,42.13,1
2020,Australia,3,Retail,Large,1751,2.65,97.6,82.1,53.58,Medium,50.5,3.0799999999999983,46.315,2
2021,Australia,3,Retail,Large,38451,2.67,98.2,86.9,61.25,High,53.58,7.670000000000002,48.73666666666667,3
2022,Australia,3,Retail,Large,1860,2.64,97.8,84.4,75.22,High,61.25,13.969999999999999,55.11000000000001,4
2023,Australia,3,Retail,Large,28486,2.67,96.0,94.3,67.41,High,75.22,-7.810000000000002,63.35,5
2024,Australia,3,Retail,Large,9187,2.5,89.8,94.0,85.18,High,67.41,17.77000000000001,67.96,6
2025,Australia,3,Retail,Large,29853,2.55,99.0,95.9,96.84,High,85.18,11.659999999999997,75.93666666666667,7
2018,Australia,3,Retail,Medium,338,2.44,98.5,85.9,32.27,Medium,32.27,0.0,32.27,0
2019,Australia,3,Retail,Medium,505,2.21,99.0,100.0,29.93,Low,32.27,-2.3400000000000034,32.27,1
2020,Australia,3,Retail,Medium,109,2.68,99.0,86.4,42.53,Medium,29.93,12.600000000000001,31.1,2
2021,Australia,3,Retail,Medium,523,2.82,89.1,100.0,35.59,Medium,42.53,-6.939999999999998,34.910000000000004,3
2022,Australia,3,Retail,Medium,603,2.85,91.3,84.2,47.72,Medium,35.59,12.129999999999995,36.01666666666667,4
2023,Australia,3,Retail,Medium,854,2.72,96.8,95.8,58.75,High,47.72,11.030000000000001,41.946666666666665,5
2024,Australia,3,Retail,Medium,363,2.58,99.0,94.2,70.89,High,58.75,12.14,47.35333333333333,6
2025,Australia,3,Retail,Medium,175,2.95,96.9,77.4,80.29,High,70.89,9.400000000000006,59.120000000000005,7
2018,Australia,3,Retail,Small,92,2.5,99.0,92.8,8.35,Low,8.35,0.0,8.35,0
2019,Australia,3,Retail,Small,48,2.29,99.0,99.9,16.68,Low,8.35,8.33,8.35,1
2020,Australia,3,Retail,Small,20,2.68,99.0,99.4,22.03,Low,16.68,5.350000000000001,12.515,2
2021,Australia,3,Retail,Small,97,2.47,91.8,89.7,28.59,Low,22.03,6.559999999999999,15.686666666666667,3
2022,Australia,3,Retail,Small,75,2.82,99.0,81.5,42.43,Medium,28.59,13.84,22.433333333333334,4
2023,Australia,3,Retail,Small,5,2.62,99.0,91.0,50.52,Medium,42.43,8.090000000000003,31.01666666666667,5
2024,Australia,3,Retail,Small,17,2.42,99.0,87.3,61.04,High,50.52,10.519999999999996,40.513333333333335,6
2025,Australia,3,Retail,Small,10,2.84,99.0,78.9,63.41,High,61.04,2.3699999999999974,51.330000000000005,7
2018,Australia,3,Technology,Large,31432,2.64,99.0,84.9,62.67,High,62.67,0.0,62.67,0
2019,Australia,3,Technology,Large,24358,3.11,90.9,100.0,65.99,High,62.67,3.319999999999993,62.67,1
2020,Australia,3,Technology,Large,15410,2.3,94.5,97.4,81.41,High,65.99,15.420000000000002,64.33,2
2021,Australia,3,Technology,Large,24845,2.6,97.4,83.1,80.6,High,81.41,-0.8100000000000023,70.02333333333333,3
2022,Australia,3,Technology,Large,7823,2.16,99.0,88.2,84.92,High,80.6,4.320000000000007,75.99999999999999,4
2023,Australia,3,Technology,Large,41504,2.12,99.0,90.0,91.55,High,84.92,6.6299999999999955,82.31,5
2024,Australia,3,Technology,Large,23470,2.52,98.0,99.8,97.0,High,91.55,5.450000000000003,85.69,6
2025,Australia,3,Technology,Large,21310,2.55,99.0,99.5,97.0,High,97.0,0.0,91.15666666666668,7
2018,Australia,3,Technology,Medium,303,2.46,94.8,98.5,40.7,Medium,40.7,0.0,40.7,0
2019,Australia,3,Technology,Medium,297,2.52,99.0,99.7,41.81,Medium,40.7,1.1099999999999994,40.7,1
2020,Australia,3,Technology,Medium,752,2.8,97.8,100.0,64.26,High,41.81,22.450000000000003,41.255,2
2021,Australia,3,Technology,Medium,807,2.86,86.1,100.0,71.1,High,64.26,6.839999999999989,48.92333333333334,3
2022,Australia,3,Technology,Medium,609,3.11,99.0,90.9,64.32,High,71.1,-6.780000000000001,59.05666666666667,4
2023,Australia,3,Technology,Medium,135,2.58,97.7,100.0,84.31,High,64.32,19.99000000000001,66.56,5
2024,Australia,3,Technology,Medium,629,2.86,99.0,84.9,91.66,High,84.31,7.349999999999994,73.24333333333334,6
2025,Australia,3,Technology,Medium,302,2.4,99.0,94.4,97.0,High,91.66,5.340000000000003,80.09666666666665,7
2018,Australia,3,Technology,Small,41,2.33,88.4,100.0,22.01,Low,22.01,0.0,22.01,0
2019,Australia,3,Technology,Small,90,2.66,87.9,87.8,26.73,Low,22.01,4.719999999999999,22.01,1
2020,Australia,3,Technology,Small,27,2.92,94.5,100.0,33.17,Medium,26.73,6.440000000000001,24.37,2
2021,Australia,3,Technology,Small,95,2.88,88.5,100.0,47.76,Medium,33.17,14.589999999999996,27.30333333333333,3
2022,Australia,3,Technology,Small,76,2.87,99.0,79.5,48.37,Medium,47.76,0.6099999999999994,35.88666666666666,4
2023,Australia,3,Technology,Small,85,2.84,97.2,91.8,64.15,High,48.37,15.780000000000008,43.1,5
2024,Australia,3,Technology,Small,77,3.03,99.0,100.0,70.31,High,64.15,6.159999999999997,53.42666666666667,6
2025,Australia,3,Technology,Small,21,2.36,99.0,97.7,78.13,High,70.31,7.819999999999993,60.943333333333335,7
2018,Brazil,2,Agriculture,Large,40903,1.72,88.3,55.1,12.36,Low,12.36,0.0,12.36,0
2019,Brazil,2,Agriculture,Large,30048,1.7,85.6,58.3,8.32,Low,12.36,-4.039999999999999,12.36,1
2020,Brazil,2,Agriculture,Large,24544,1.4,85.3,58.0,17.3,Low,8.32,8.98,10.34,2
2021,Brazil,2,Agriculture,Large,4262,1.73,74.0,81.6,20.78,Low,17.3,3.4800000000000004,12.660000000000002,3
2022,Brazil,2,Agriculture,Large,37273,1.8,79.9,70.3,33.54,Medium,20.78,12.759999999999998,15.466666666666669,4
2023,Brazil,2,Agriculture,Large,19114,1.54,89.1,65.3,45.56,Medium,33.54,12.020000000000003,23.873333333333335,5
2024,Brazil,2,Agriculture,Large,35574,2.04,82.2,54.5,47.55,Medium,45.56,1.9899999999999949,33.29333333333333,6
2025,Brazil,2,Agriculture,Large,9421,2.34,93.0,61.9,55.26,High,47.55,7.710000000000001,42.21666666666667,7
2018,Brazil,2,Agriculture,Medium,781,2.01,80.6,60.9,2.0,Low,2.0,0.0,2.0,0
2019,Brazil,2,Agriculture,Medium,923,2.23,89.4,65.9,3.97,Low,2.0,1.9700000000000002,2.0,1
2020,Brazil,2,Agriculture,Medium,549,1.83,79.5,53.1,9.99,Low,3.97,6.02,2.9850000000000003,2
2021,Brazil,2,Agriculture,Medium,198,1.89,85.5,59.4,19.59,Low,9.99,9.6,5.32,3
2022,Brazil,2,Agriculture,Medium,287,1.6,80.9,55.0,26.13,Low,19.59,6.539999999999999,11.183333333333332,4
2023,Brazil,2,Agriculture,Medium,487,1.42,98.1,68.7,30.4,Medium,26.13,4.27,18.57,5
2024,Brazil,2,Agriculture,Medium,713,2.1,87.4,57.8,46.06,Medium,30.4,15.660000000000004,25.373333333333335,6
2025,Brazil,2,Agriculture,Medium,232,2.06,71.1,58.3,47.73,Medium,46.06,1.6699999999999946,34.196666666666665,7
2018,Brazil,2,Agriculture,Small,58,1.75,78.7,60.2,2.0,Low,2.0,0.0,2.0,0
2019,Brazil,2,Agriculture,Small,62,2.16,77.5,59.9,2.0,Low,2.0,0.0,2.0,1
2020,Brazil,2,Agriculture,Small,81,2.37,77.3,75.6,6.05,Low,2.0,4.05,2.0,2
2021,Brazil,2,Agriculture,Small,71,2.11,80.4,66.2,10.91,Low,6.05,4.86,3.35,3
2022,Brazil,2,Agriculture,Small,34,1.9,91.3,71.1,15.48,Low,10.91,4.57,6.32,4
2023,Brazil,2,Agriculture,Small,63,1.74,75.0,73.1,25.84,Low,15.48,10.36,10.813333333333333,5
2024,Brazil,2,Agriculture,Small,33,1.92,88.5,59.1,39.05,Medium,25.84,13.209999999999997,17.41,6
2025,Brazil,2,Agriculture,Small,29,1.78,69.4,74.2,45.12,Medium,39.05,6.07,26.790000000000003,7
2018,Brazil,2,Automotive,Large,47960,2.07,72.1,90.6,29.66,Low,29.66,0.0,29.66,0
2019,Brazil,2,Automotive,Large,16981,1.84,79.2,85.7,35.41,Medium,29.66,5.7499999999999964,29.66,1
2020,Brazil,2,Automotive,Large,26823,2.15,81.2,54.3,41.55,Medium,35.41,6.140000000000001,32.535,2
2021,Brazil,2,Automotive,Large,23084,1.96,74.3,72.3,53.75,Medium,41.55,12.200000000000003,35.54,3
2022,Brazil,2,Automotive,Large,24013,1.98,83.3,61.7,48.82,Medium,53.75,-4.93,43.56999999999999,4
2023,Brazil,2,Automotive,Large,13841,2.44,81.0,69.5,74.63,High,48.82,25.809999999999995,48.04,5
2024,Brazil,2,Automotive,Large,12882,2.22,83.0,63.1,81.94,High,74.63,7.310000000000002,59.06666666666666,6
2025,Brazil,2,Automotive,Large,3294,1.98,84.8,68.4,90.12,High,81.94,8.180000000000007,68.46333333333332,7
2018,Brazil,2,Automotive,Medium,886,2.03,73.5,64.9,13.59,Low,13.59,0.0,13.59,0
2019,Brazil,2,Automotive,Medium,150,2.39,76.8,89.0,21.54,Low,13.59,7.949999999999999,13.59,1
2020,Brazil,2,Automotive,Medium,518,2.13,96.1,75.7,30.88,Medium,21.54,9.34,17.564999999999998,2
2021,Brazil,2,Automotive,Medium,616,1.41,71.6,86.7,31.84,Medium,30.88,0.9600000000000009,22.00333333333333,3
2022,Brazil,2,Automotive,Medium,987,2.1,86.2,73.7,43.52,Medium,31.84,11.680000000000003,28.086666666666662,4
2023,Brazil,2,Automotive,Medium,990,2.1,84.2,95.1,58.52,High,43.52,15.0,35.413333333333334,5
2024,Brazil,2,Automotive,Medium,877,1.67,70.5,75.8,60.11,High,58.52,1.5899999999999963,44.62666666666667,6
2025,Brazil,2,Automotive,Medium,308,2.09,76.9,69.9,68.25,High,60.11,8.14,54.050000000000004,7
2018,Brazil,2,Automotive,Small,23,1.5,81.8,56.9,2.0,Low,2.0,0.0,2.0,0
2019,Brazil,2,Automotive,Small,89,1.48,90.4,69.7,14.58,Low,2.0,12.58,2.0,1
2020,Brazil,2,Automotive,Small,32,1.66,71.4,60.9,15.43,Low,14.58,0.8499999999999996,8.29,2
2021,Brazil,2,Automotive,Small,71,1.64,72.9,68.3,24.65,Low,15.43,9.219999999999999,10.67,3
2022,Brazil,2,Automotive,Small,56,2.23,96.6,67.8,41.92,Medium,24.65,17.270000000000003,18.22,4
2023,Brazil,2,Automotive,Small,31,1.51,81.0,71.1,37.16,Medium,41.92,-4.760000000000005,27.333333333333332,5
2024,Brazil,2,Automotive,Small,19,1.57,83.1,70.5,46.77,Medium,37.16,9.610000000000007,34.57666666666666,6
2025,Brazil,2,Automotive,Small,64,2.01,78.3,71.3,54.62,Medium,46.77,7.849999999999994,41.949999999999996,7
2018,Brazil,2,Education,Large,43629,2.13,77.2,54.5,9.63,Low,9.63,0.0,9.63,0
2019,Brazil,2,Education,Large,33383,2.11,73.2,81.7,26.77,Low,9.63,17.14,9.63,1
2020,Brazil,2,Education,Large,14755,1.83,89.5,66.9,21.24,Low,26.77,-5.530000000000001,18.2,2
2021,Brazil,2,Education,Large,20058,2.04,65.3,68.8,46.11,Medium,21.24,24.87,19.213333333333335,3
2022,Brazil,2,Education,Large,46301,1.87,88.8,55.7,38.58,Medium,46.11,-7.530000000000001,31.373333333333335,4
2023,Brazil,2,Education,Large,27592,1.8,70.3,67.0,55.01,High,38.58,16.43,35.31,5
2024,Brazil,2,Education,Large,3177,2.48,85.1,75.0,59.9,High,55.01,4.890000000000001,46.56666666666666,6
2025,Brazil,2,Education,Large,27409,1.99,85.8,62.2,76.08,High,59.9,16.18,51.163333333333334,7
2018,Brazil,2,Education,Medium,883,1.99,73.9,66.9,19.42,Low,19.42,0.0,19.42,0
2019,Brazil,2,Education,Medium,176,2.11,84.4,65.5,19.56,Low,19.42,0.13999999999999702,19.42,1
2020,Brazil,2,Education,Medium,403,1.92,89.2,73.1,21.23,Low,19.56,1.6700000000000017,19.490000000000002,2
2021,Brazil,2,Education,Medium,394,2.01,82.7,75.1,21.99,Low,21.23,0.759999999999998,20.07,3
2022,Brazil,2,Education,Medium,487,2.31,80.5,55.3,28.74,Low,21.99,6.75,20.926666666666666,4
2023,Brazil,2,Education,Medium,144,1.4,71.2,79.3,44.18,Medium,28.74,15.440000000000001,23.986666666666665,5
2024,Brazil,2,Education,Medium,837,1.89,84.0,75.3,60.46,High,44.18,16.28,31.636666666666667,6
2025,Brazil,2,Education,Medium,296,1.89,69.9,67.8,55.75,High,60.46,-4.710000000000001,44.46,7
2018,Brazil,2,Education,Small,29,1.89,97.5,82.4,2.0,Low,2.0,0.0,2.0,0
2019,Brazil,2,Education,Small,61,1.92,73.8,57.1,9.45,Low,2.0,7.449999999999999,2.0,1
2020,Brazil,2,Education,Small,32,1.62,74.0,66.5,13.21,Low,9.45,3.7600000000000016,5.725,2
2021,Brazil,2,Education,Small,50,1.68,91.2,97.2,19.8,Low,13.21,6.59,8.22,3
2022,Brazil,2,Education,Small,38,1.38,80.9,65.7,23.92,Low,19.8,4.120000000000001,14.153333333333334,4
2023,Brazil,2,Education,Small,16,1.72,85.4,70.4,40.04,Medium,23.92,16.119999999999997,18.97666666666667,5
2024,Brazil,2,Education,Small,94,1.96,73.5,72.1,40.03,Medium,40.04,-0.00999999999999801,27.919999999999998,6
2025,Brazil,2,Education,Small,71,2.11,83.4,63.3,58.86,High,40.03,18.83,34.663333333333334,7
2018,Brazil,2,Financial Services,Large,39794,2.19,68.8,83.6,30.83,Medium,30.83,0.0,30.83,0
2019,Brazil,2,Financial Services,Large,2153,1.97,65.1,83.4,40.42,Medium,30.83,9.590000000000003,30.83,1
2020,Brazil,2,Financial Services,Large,17690,1.68,71.4,68.8,52.63,Medium,40.42,12.21,35.625,2
2021,Brazil,2,Financial Services,Large,6167,2.31,70.7,78.4,55.57,High,52.63,2.9399999999999977,41.29333333333333,3
2022,Brazil,2,Financial Services,Large,40565,1.69,67.0,81.0,61.83,High,55.57,6.259999999999998,49.54,4
2023,Brazil,2,Financial Services,Large,25937,2.15,71.3,56.4,61.89,High,61.83,0.060000000000002274,56.67666666666667,5
2024,Brazil,2,Financial Services,Large,15202,2.02,81.8,66.9,79.79,High,61.89,17.900000000000006,59.76333333333334,6
2025,Brazil,2,Financial Services,Large,27728,1.15,88.0,77.1,94.19,High,79.79,14.399999999999991,67.83666666666666,7
2018,Brazil,2,Financial Services,Medium,642,2.11,66.8,77.7,18.28,Low,18.28,0.0,18.28,0
2019,Brazil,2,Financial Services,Medium,715,1.75,83.0,84.0,24.48,Low,18.28,6.199999999999999,18.28,1
2020,Brazil,2,Financial Services,Medium,282,1.51,83.8,71.8,30.82,Medium,24.48,6.34,21.380000000000003,2
2021,Brazil,2,Financial Services,Medium,788,1.46,81.8,82.1,41.54,Medium,30.82,10.719999999999999,24.526666666666667,3
2022,Brazil,2,Financial Services,Medium,177,1.86,70.8,59.8,47.81,Medium,41.54,6.270000000000003,32.28,4
2023,Brazil,2,Financial Services,Medium,804,1.73,66.1,86.7,54.4,Medium,47.81,6.589999999999996,40.056666666666665,5
2024,Brazil,2,Financial Services,Medium,970,1.41,76.9,58.9,68.21,High,54.4,13.809999999999995,47.916666666666664,6
2025,Brazil,2,Financial Services,Medium,606,1.65,89.4,69.2,73.61,High,68.21,5.400000000000006,56.80666666666667,7
2018,Brazil,2,Financial Services,Small,31,1.56,89.8,67.1,8.03,Low,8.03,0.0,8.03,0
2019,Brazil,2,Financial Services,Small,25,1.97,87.6,88.8,8.13,Low,8.03,0.10000000000000142,8.03,1
2020,Brazil,2,Financial Services,Small,13,2.22,74.9,81.3,26.36,Low,8.13,18.229999999999997,8.08,2
2021,Brazil,2,Financial Services,Small,30,2.11,75.1,61.3,32.52,Medium,26.36,6.160000000000004,14.173333333333332,3
2022,Brazil,2,Financial Services,Small,65,2.04,64.0,82.5,32.44,Medium,32.52,-0.0800000000000054,22.33666666666667,4
2023,Brazil,2,Financial Services,Small,81,2.38,65.6,78.3,37.93,Medium,32.44,5.490000000000002,30.44,5
2024,Brazil,2,Financial Services,Small,65,2.22,77.9,66.1,50.85,Medium,37.93,12.920000000000002,34.296666666666674,6
2025,Brazil,2,Financial Services,Small,15,1.83,81.5,71.7,69.73,High,50.85,18.880000000000003,40.406666666666666,7
2018,Brazil,2,Gaming,Large,2535,1.95,65.8,62.6,37.18,Medium,37.18,0.0,37.18,0
2019,Brazil,2,Gaming,Large,46543,2.13,76.8,65.8,35.12,Medium,37.18,-2.0600000000000023,37.18,1
2020,Brazil,2,Gaming,Large,38451,1.86,90.0,72.4,49.27,Medium,35.12,14.150000000000006,36.15,2
2021,Brazil,2,Gaming,Large,9448,1.75,85.1,74.6,46.24,Medium,49.27,-3.030000000000001,40.52333333333333,3
2022,Brazil,2,Gaming,Large,23567,1.7,88.0,74.8,55.27,High,46.24,9.030000000000001,43.54333333333333,4
2023,Brazil,2,Gaming,Large,29634,1.68,73.6,60.5,69.54,High,55.27,14.270000000000003,50.26,5
2024,Brazil,2,Gaming,Large,22735,1.59,89.3,87.6,83.11,High,69.54,13.569999999999993,57.01666666666667,6
2025,Brazil,2,Gaming,Large,41944,2.08,75.8,81.6,88.96,High,83.11,5.849999999999994,69.30666666666667,7
2018,Brazil,2,Gaming,Medium,236,1.3,85.7,72.5,19.67,Low,19.67,0.0,19.67,0
2019,Brazil,2,Gaming,Medium,795,1.57,65.8,76.1,23.64,Low,19.67,3.969999999999999,19.67,1
2020,Brazil,2,Gaming,Medium,876,1.96,88.5,75.8,36.85,Medium,23.64,13.21,21.655,2
2021,Brazil,2,Gaming,Medium,544,2.35,78.3,67.8,39.57,Medium,36.85,2.719999999999999,26.72,3
2022,Brazil,2,Gaming,Medium,434,1.67,75.5,70.1,45.46,Medium,39.57,5.890000000000001,33.35333333333333,4
2023,Brazil,2,Gaming,Medium,891,2.07,79.1,75.8,57.03,High,45.46,11.57,40.626666666666665,5
2024,Brazil,2,Gaming,Medium,916,1.95,88.1,78.7,68.51,High,57.03,11.480000000000004,47.35333333333333,6
2025,Brazil,2,Gaming,Medium,459,2.06,85.3,85.6,74.47,High,68.51,5.959999999999994,57.0,7
2018,Brazil,2,Gaming,Small,33,1.79,78.0,84.4,19.65,Low,19.65,0.0,19.65,0
2019,Brazil,2,Gaming,Small,81,1.73,75.2,75.1,15.61,Low,19.65,-4.039999999999999,19.65,1
2020,Brazil,2,Gaming,Small,87,1.33,73.8,68.3,29.4,Low,15.61,13.79,17.63,2
2021,Brazil,2,Gaming,Small,80,1.72,70.6,72.3,34.81,Medium,29.4,5.410000000000004,21.55333333333333,3
2022,Brazil,2,Gaming,Small,81,1.77,90.9,61.8,31.63,Medium,34.81,-3.1800000000000033,26.606666666666666,4
2023,Brazil,2,Gaming,Small,7,2.08,79.7,95.0,48.27,Medium,31.63,16.640000000000004,31.94666666666667,5
2024,Brazil,2,Gaming,Small,5,2.2,87.0,73.2,66.94,High,48.27,18.669999999999995,38.236666666666665,6
2025,Brazil,2,Gaming,Small,87,1.91,77.4,67.4,59.64,High,66.94,-7.299999999999997,48.946666666666665,7
2018,Brazil,2,Government,Large,32592,1.43,82.9,57.9,5.15,Low,5.15,0.0,5.15,0
2019,Brazil,2,Government,Large,39887,1.5,83.5,72.0,14.63,Low,5.15,9.48,5.15,1
2020,Brazil,2,Government,Large,27555,2.02,84.9,64.7,31.02,Medium,14.63,16.39,9.89,2
2021,Brazil,2,Government,Large,25581,1.82,86.0,52.2,31.04,Medium,31.02,0.019999999999999574,16.933333333333334,3
2022,Brazil,2,Government,Large,39910,2.05,64.0,71.0,32.38,Medium,31.04,1.3400000000000034,25.563333333333333,4
2023,Brazil,2,Government,Large,28135,2.22,87.4,64.0,41.65,Medium,32.38,9.269999999999996,31.48,5
2024,Brazil,2,Government,Large,18480,1.71,85.0,64.1,55.03,High,41.65,13.380000000000003,35.02333333333333,6
2025,Brazil,2,Government,Large,15250,1.79,91.9,76.1,66.08,High,55.03,11.049999999999997,43.02,7
2018,Brazil,2,Government,Medium,627,2.62,93.4,62.7,2.0,Low,2.0,0.0,2.0,0
2019,Brazil,2,Government,Medium,840,1.99,82.1,67.4,2.0,Low,2.0,0.0,2.0,1
2020,Brazil,2,Government,Medium,824,1.87,75.1,70.5,16.61,Low,2.0,14.61,2.0,2
2021,Brazil,2,Government,Medium,753,1.84,79.1,66.9,26.47,Low,16.61,9.86,6.87,3
2022,Brazil,2,Government,Medium,673,1.98,74.1,65.1,34.19,Medium,26.47,7.719999999999999,15.026666666666666,4
2023,Brazil,2,Government,Medium,683,1.72,83.5,33.5,34.21,Medium,34.19,0.020000000000003126,25.756666666666664,5
2024,Brazil,2,Government,Medium,683,1.49,90.5,65.5,48.72,Medium,34.21,14.509999999999998,31.623333333333335,6
2025,Brazil,2,Government,Medium,761,1.56,77.8,78.1,61.95,High,48.72,13.230000000000004,39.04,7
2018,Brazil,2,Government,Small,97,1.4,79.7,62.2,2.0,Low,2.0,0.0,2.0,0
2019,Brazil,2,Government,Small,10,2.19,78.1,64.0,5.88,Low,2.0,3.88,2.0,1
2020,Brazil,2,Government,Small,72,2.52,74.8,77.7,14.15,Low,5.88,8.27,3.94,2
2021,Brazil,2,Government,Small,30,1.93,80.0,78.3,16.11,Low,14.15,1.959999999999999,7.343333333333334,3
2022,Brazil,2,Government,Small,25,1.9,75.2,52.9,24.42,Low,16.11,8.310000000000002,12.046666666666667,4
2023,Brazil,2,Government,Small,44,2.13,85.7,49.9,28.22,Low,24.42,3.799999999999997,18.22666666666667,5
2024,Brazil,2,Government,Small,19,2.06,83.3,64.6,36.64,Medium,28.22,8.420000000000002,22.916666666666668,6
2025,Brazil,2,Government,Small,82,1.68,74.0,56.1,43.63,Medium,36.64,6.990000000000002,29.76,7
2018,Brazil,2,Healthcare,Large,10717,1.92,88.0,68.7,29.21,Low,29.21,0.0,29.21,0
2019,Brazil,2,Healthcare,Large,26187,1.99,80.4,62.7,33.14,Medium,29.21,3.9299999999999997,29.21,1
2020,Brazil,2,Healthcare,Large,47498,1.81,80.5,71.9,41.38,Medium,33.14,8.240000000000002,31.175,2
2021,Brazil,2,Healthcare,Large,48471,2.33,84.2,70.9,52.63,Medium,41.38,11.25,34.57666666666667,3
2022,Brazil,2,Healthcare,Large,10435,2.06,76.5,59.1,57.68,High,52.63,5.049999999999997,42.38333333333333,4
2023,Brazil,2,Healthcare,Large,15197,2.19,77.7,70.1,72.38,High,57.68,14.699999999999996,50.56333333333333,5
2024,Brazil,2,Healthcare,Large,3283,1.81,79.1,66.6,77.24,High,72.38,4.859999999999999,60.89666666666667,6
2025,Brazil,2,Healthcare,Large,15739,2.02,79.8,91.6,97.0,High,77.24,19.760000000000005,69.10000000000001,7
2018,Brazil,2,Healthcare,Medium,144,1.62,94.5,57.6,17.77,Low,17.77,0.0,17.77,0
2019,Brazil,2,Healthcare,Medium,105,1.6,71.5,59.1,27.87,Low,17.77,10.100000000000001,17.77,1
2020,Brazil,2,Healthcare,Medium,367,2.33,82.3,60.8,28.43,Low,27.87,0.5599999999999987,22.82,2
2021,Brazil,2,Healthcare,Medium,964,2.14,83.7,74.4,32.39,Medium,28.43,3.960000000000001,24.689999999999998,3
2022,Brazil,2,Healthcare,Medium,851,1.44,78.6,74.8,35.37,Medium,32.39,2.979999999999997,29.563333333333333,4
2023,Brazil,2,Healthcare,Medium,978,1.55,83.2,68.8,51.18,Medium,35.37,15.810000000000002,32.06333333333333,5
2024,Brazil,2,Healthcare,Medium,860,2.04,71.3,74.8,62.64,High,51.18,11.46,39.64666666666667,6
2025,Brazil,2,Healthcare,Medium,381,1.56,77.2,85.6,66.13,High,62.64,3.489999999999995,49.73,7
2018,Brazil,2,Healthcare,Small,19,1.71,85.4,71.6,5.38,Low,5.38,0.0,5.38,0
2019,Brazil,2,Healthcare,Small,75,2.26,77.7,65.3,18.11,Low,5.38,12.73,5.38,1
2020,Brazil,2,Healthcare,Small,13,1.82,80.9,63.8,18.83,Low,18.11,0.7199999999999989,11.745,2
2021,Brazil,2,Healthcare,Small,62,2.17,67.2,73.1,33.47,Medium,18.83,14.64,14.106666666666664,3
2022,Brazil,2,Healthcare,Small,45,2.18,65.3,68.3,27.91,Low,33.47,-5.559999999999999,23.47,4
2023,Brazil,2,Healthcare,Small,89,1.79,79.8,84.8,46.72,Medium,27.91,18.81,26.736666666666665,5
2024,Brazil,2,Healthcare,Small,11,2.25,65.8,86.1,49.4,Medium,46.72,2.6799999999999997,36.03333333333333,6
2025,Brazil,2,Healthcare,Small,15,2.29,63.3,78.2,66.7,High,49.4,17.300000000000004,41.343333333333334,7
2018,Brazil,2,Legal,Large,13505,1.77,69.0,62.8,20.44,Low,20.44,0.0,20.44,0
2019,Brazil,2,Legal,Large,40303,1.57,76.5,55.2,28.88,Low,20.44,8.439999999999998,20.44,1
2020,Brazil,2,Legal,Large,29180,1.66,65.8,69.1,25.34,Low,28.88,-3.539999999999999,24.66,2
2021,Brazil,2,Legal,Large,12426,1.85,74.9,52.1,38.13,Medium,25.34,12.790000000000003,24.886666666666667,3
2022,Brazil,2,Legal,Large,10923,1.86,84.7,48.6,41.53,Medium,38.13,3.3999999999999986,30.783333333333335,4
2023,Brazil,2,Legal,Large,30989,1.85,79.6,46.2,50.56,Medium,41.53,9.030000000000001,35.0,5
2024,Brazil,2,Legal,Large,40802,1.76,86.9,74.5,57.23,High,50.56,6.669999999999995,43.406666666666666,6
2025,Brazil,2,Legal,Large,3942,1.75,81.6,62.8,69.09,High,57.23,11.860000000000007,49.77333333333333,7
2018,Brazil,2,Legal,Medium,792,2.26,82.2,88.1,12.82,Low,12.82,0.0,12.82,0
2019,Brazil,2,Legal,Medium,457,1.75,86.0,70.8,21.79,Low,12.82,8.969999999999999,12.82,1
2020,Brazil,2,Legal,Medium,933,1.51,86.0,39.5,19.46,Low,21.79,-2.3299999999999983,17.305,2
2021,Brazil,2,Legal,Medium,671,1.2,83.7,68.2,25.81,Low,19.46,6.349999999999998,18.023333333333333,3
2022,Brazil,2,Legal,Medium,923,2.58,90.8,75.5,24.43,Low,25.81,-1.379999999999999,22.353333333333335,4
2023,Brazil,2,Legal,Medium,100,1.9,88.2,51.8,38.7,Medium,24.43,14.270000000000003,23.233333333333334,5
2024,Brazil,2,Legal,Medium,857,1.66,87.6,66.4,57.25,High,38.7,18.549999999999997,29.646666666666665,6
2025,Brazil,2,Legal,Medium,279,2.33,78.3,73.9,60.33,High,57.25,3.0799999999999983,40.126666666666665,7
2018,Brazil,2,Legal,Small,98,1.8,87.5,66.6,4.13,Low,4.13,0.0,4.13,0
2019,Brazil,2,Legal,Small,29,2.03,82.6,78.4,2.0,Low,4.13,-2.13,4.13,1
2020,Brazil,2,Legal,Small,61,2.12,76.1,62.3,18.43,Low,2.0,16.43,3.065,2
2021,Brazil,2,Legal,Small,24,1.58,84.6,73.2,19.35,Low,18.43,0.9200000000000017,8.186666666666666,3
2022,Brazil,2,Legal,Small,45,1.54,90.8,73.8,26.48,Low,19.35,7.129999999999999,13.26,4
2023,Brazil,2,Legal,Small,12,1.89,68.3,68.1,37.77,Medium,26.48,11.290000000000003,21.42,5
2024,Brazil,2,Legal,Small,26,2.07,87.7,82.4,49.43,Medium,37.77,11.659999999999997,27.866666666666664,6
2025,Brazil,2,Legal,Small,31,1.78,75.8,72.9,46.68,Medium,49.43,-2.75,37.89333333333334,7
2018,Brazil,2,Manufacturing,Large,23716,2.2,84.1,73.1,38.82,Medium,38.82,0.0,38.82,0
2019,Brazil,2,Manufacturing,Large,30998,1.92,87.1,73.6,33.65,Medium,38.82,-5.170000000000002,38.82,1
2020,Brazil,2,Manufacturing,Large,43160,1.1,76.9,60.7,38.77,Medium,33.65,5.1200000000000045,36.235,2
2021,Brazil,2,Manufacturing,Large,36751,1.5,73.8,81.1,49.77,Medium,38.77,11.0,37.080000000000005,3
2022,Brazil,2,Manufacturing,Large,2782,2.27,74.6,71.9,60.07,High,49.77,10.299999999999997,40.730000000000004,4
2023,Brazil,2,Manufacturing,Large,11616,2.26,80.0,58.6,70.84,High,60.07,10.770000000000003,49.53666666666667,5
2024,Brazil,2,Manufacturing,Large,12070,1.22,94.5,77.3,72.41,High,70.84,1.5699999999999932,60.22666666666667,6
2025,Brazil,2,Manufacturing,Large,13010,1.78,85.5,71.6,80.39,High,72.41,7.980000000000004,67.77333333333334,7
2018,Brazil,2,Manufacturing,Medium,732,1.88,81.8,66.0,8.21,Low,8.21,0.0,8.21,0
2019,Brazil,2,Manufacturing,Medium,274,1.55,74.0,77.4,23.45,Low,8.21,15.239999999999998,8.21,1
2020,Brazil,2,Manufacturing,Medium,929,2.35,80.4,65.8,30.86,Medium,23.45,7.41,15.83,2
2021,Brazil,2,Manufacturing,Medium,367,1.88,82.7,65.0,33.54,Medium,30.86,2.6799999999999997,20.84,3
2022,Brazil,2,Manufacturing,Medium,971,2.2,92.5,67.9,40.55,Medium,33.54,7.009999999999998,29.28333333333333,4
2023,Brazil,2,Manufacturing,Medium,940,1.56,84.0,77.5,40.8,Medium,40.55,0.25,34.98333333333333,5
2024,Brazil,2,Manufacturing,Medium,435,2.03,69.7,80.9,66.23,High,40.8,25.430000000000007,38.29666666666666,6
2025,Brazil,2,Manufacturing,Medium,402,1.48,78.7,65.1,73.03,High,66.23,6.799999999999997,49.193333333333335,7
2018,Brazil,2,Manufacturing,Small,82,1.9,73.9,88.2,2.0,Low,2.0,0.0,2.0,0
2019,Brazil,2,Manufacturing,Small,9,2.22,85.1,76.5,12.13,Low,2.0,10.13,2.0,1
2020,Brazil,2,Manufacturing,Small,33,1.73,77.5,72.2,21.98,Low,12.13,9.85,7.065,2
2021,Brazil,2,Manufacturing,Small,34,2.09,85.0,91.2,20.55,Low,21.98,-1.4299999999999997,12.036666666666667,3
2022,Brazil,2,Manufacturing,Small,19,2.09,90.7,69.4,27.99,Low,20.55,7.439999999999998,18.220000000000002,4
2023,Brazil,2,Manufacturing,Small,72,1.77,78.0,70.5,32.46,Medium,27.99,4.470000000000002,23.506666666666664,5
2024,Brazil,2,Manufacturing,Small,41,2.09,93.7,83.5,44.47,Medium,32.46,12.009999999999998,27.0,6
2025,Brazil,2,Manufacturing,Small,60,2.21,84.0,79.1,51.98,Medium,44.47,7.509999999999998,34.973333333333336,7
2018,Brazil,2,Media & Entertainment,Large,1089,1.93,69.2,58.8,28.62,Low,28.62,0.0,28.62,0
2019,Brazil,2,Media & Entertainment,Large,1148,1.99,69.5,64.3,34.14,Medium,28.62,5.52,28.62,1
2020,Brazil,2,Media & Entertainment,Large,47883,2.31,67.9,63.6,38.29,Medium,34.14,4.149999999999999,31.380000000000003,2
2021,Brazil,2,Media & Entertainment,Large,49963,1.31,84.8,69.9,46.7,Medium,38.29,8.410000000000004,33.68333333333334,3
2022,Brazil,2,Media & Entertainment,Large,47356,2.4,90.8,82.1,61.57,High,46.7,14.869999999999997,39.71,4
2023,Brazil,2,Media & Entertainment,Large,35955,2.46,81.4,66.6,72.43,High,61.57,10.860000000000007,48.85333333333333,5
2024,Brazil,2,Media & Entertainment,Large,7644,1.64,63.4,64.1,63.05,High,72.43,-9.38000000000001,60.23333333333334,6
2025,Brazil,2,Media & Entertainment,Large,19040,1.85,83.5,74.2,79.96,High,63.05,16.909999999999997,65.68333333333334,7
2018,Brazil,2,Media & Entertainment,Medium,640,1.6,74.9,80.9,20.09,Low,20.09,0.0,20.09,0
2019,Brazil,2,Media & Entertainment,Medium,472,1.17,91.3,46.5,20.33,Low,20.09,0.23999999999999844,20.09,1
2020,Brazil,2,Media & Entertainment,Medium,964,2.31,68.5,78.7,36.21,Medium,20.33,15.880000000000003,20.21,2
2021,Brazil,2,Media & Entertainment,Medium,151,2.02,91.0,58.8,42.46,Medium,36.21,6.25,25.543333333333333,3
2022,Brazil,2,Media & Entertainment,Medium,961,1.75,83.4,78.9,44.97,Medium,42.46,2.509999999999998,33.0,4
2023,Brazil,2,Media & Entertainment,Medium,990,1.63,73.8,58.2,51.03,Medium,44.97,6.060000000000002,41.21333333333333,5
2024,Brazil,2,Media & Entertainment,Medium,388,1.78,82.6,69.0,66.69,High,51.03,15.659999999999997,46.153333333333336,6
2025,Brazil,2,Media & Entertainment,Medium,321,1.93,64.1,81.0,81.49,High,66.69,14.799999999999997,54.23,7
2018,Brazil,2,Media & Entertainment,Small,13,1.59,63.0,75.6,3.3,Low,3.3,0.0,3.3,0
2019,Brazil,2,Media & Entertainment,Small,14,2.01,79.2,64.8,3.0,Low,3.3,-0.2999999999999998,3.3,1
2020,Brazil,2,Media & Entertainment,Small,10,1.84,73.4,75.5,19.64,Low,3.0,16.64,3.15,2
2021,Brazil,2,Media & Entertainment,Small,7,1.86,78.6,63.2,18.8,Low,19.64,-0.8399999999999999,8.646666666666667,3
2022,Brazil,2,Media & Entertainment,Small,78,1.99,96.8,57.8,29.69,Low,18.8,10.89,13.813333333333333,4
2023,Brazil,2,Media & Entertainment,Small,38,1.53,76.1,47.1,42.42,Medium,29.69,12.73,22.709999999999997,5
2024,Brazil,2,Media & Entertainment,Small,90,2.18,90.7,60.4,47.68,Medium,42.42,5.259999999999998,30.30333333333333,6
2025,Brazil,2,Media & Entertainment,Small,30,1.76,86.1,69.1,60.76,High,47.68,13.079999999999998,39.93,7
2018,Brazil,2,Retail,Large,37939,2.14,67.7,73.2,16.7,Low,16.7,0.0,16.7,0
2019,Brazil,2,Retail,Large,27826,1.88,83.8,55.5,30.11,Medium,16.7,13.41,16.7,1
2020,Brazil,2,Retail,Large,2111,2.21,82.4,69.3,50.37,Medium,30.11,20.259999999999998,23.405,2
2021,Brazil,2,Retail,Large,3389,1.72,80.9,56.4,44.42,Medium,50.37,-5.949999999999996,32.39333333333333,3
2022,Brazil,2,Retail,Large,18694,1.32,86.3,73.8,55.4,High,44.42,10.979999999999997,41.63333333333333,4
2023,Brazil,2,Retail,Large,24488,2.05,88.4,94.4,55.86,High,55.4,0.46000000000000085,50.06333333333333,5
2024,Brazil,2,Retail,Large,16643,1.7,71.9,53.8,71.56,High,55.86,15.700000000000003,51.89333333333334,6
2025,Brazil,2,Retail,Large,27646,1.74,78.7,55.3,87.81,High,71.56,16.25,60.94,7
2018,Brazil,2,Retail,Medium,697,2.08,75.9,75.8,8.94,Low,8.94,0.0,8.94,0
2019,Brazil,2,Retail,Medium,713,2.74,85.4,43.7,15.34,Low,8.94,6.4,8.94,1
2020,Brazil,2,Retail,Medium,772,2.28,76.3,65.5,20.48,Low,15.34,5.140000000000001,12.14,2
2021,Brazil,2,Retail,Medium,574,2.07,92.9,78.1,23.9,Low,20.48,3.419999999999998,14.92,3
2022,Brazil,2,Retail,Medium,435,2.1,89.9,64.5,43.44,Medium,23.9,19.54,19.906666666666666,4
2023,Brazil,2,Retail,Medium,719,2.21,84.1,72.5,53.85,Medium,43.44,10.410000000000004,29.27333333333333,5
2024,Brazil,2,Retail,Medium,472,2.3,84.3,73.8,65.33,High,53.85,11.479999999999997,40.39666666666667,6
2025,Brazil,2,Retail,Medium,239,2.04,81.2,63.0,72.65,High,65.33,7.320000000000007,54.20666666666667,7
2018,Brazil,2,Retail,Small,35,2.4,83.1,63.4,10.57,Low,10.57,0.0,10.57,0
2019,Brazil,2,Retail,Small,45,2.16,76.0,52.3,18.12,Low,10.57,7.550000000000001,10.57,1
2020,Brazil,2,Retail,Small,55,2.03,78.8,72.0,16.34,Low,18.12,-1.7800000000000011,14.345,2
2021,Brazil,2,Retail,Small,34,2.03,68.2,72.5,13.78,Low,16.34,-2.5600000000000005,15.01,3
2022,Brazil,2,Retail,Small,53,2.03,84.7,73.9,31.07,Medium,13.78,17.29,16.080000000000002,4
2023,Brazil,2,Retail,Small,28,2.03,74.9,80.9,40.36,Medium,31.07,9.29,20.396666666666665,5
2024,Brazil,2,Retail,Small,10,1.6,85.7,65.0,47.01,Medium,40.36,6.649999999999999,28.403333333333332,6
2025,Brazil,2,Retail,Small,86,2.12,62.3,69.9,61.58,High,47.01,14.57,39.48,7
2018,Brazil,2,Technology,Large,12883,1.94,77.6,67.8,44.92,Medium,44.92,0.0,44.92,0
2019,Brazil,2,Technology,Large,7286,2.21,78.0,73.2,48.28,Medium,44.92,3.3599999999999994,44.92,1
2020,Brazil,2,Technology,Large,9770,2.23,77.6,74.6,50.8,Medium,48.28,2.519999999999996,46.6,2
2021,Brazil,2,Technology,Large,2468,1.71,86.3,81.3,61.87,High,50.8,11.07,48.0,3
2022,Brazil,2,Technology,Large,26561,2.04,68.6,76.8,69.08,High,61.87,7.210000000000001,53.65,4
2023,Brazil,2,Technology,Large,29737,1.93,88.3,82.5,69.16,High,69.08,0.0799999999999983,60.583333333333336,5
2024,Brazil,2,Technology,Large,31410,2.28,64.4,65.8,85.46,High,69.16,16.299999999999997,66.70333333333333,6
2025,Brazil,2,Technology,Large,31448,1.68,70.5,61.7,91.77,High,85.46,6.310000000000002,74.56666666666666,7
2018,Brazil,2,Technology,Medium,470,1.57,76.1,83.0,30.36,Medium,30.36,0.0,30.36,0
2019,Brazil,2,Technology,Medium,402,1.56,81.9,67.4,33.88,Medium,30.36,3.520000000000003,30.36,1
2020,Brazil,2,Technology,Medium,135,2.51,75.1,63.3,35.63,Medium,33.88,1.75,32.120000000000005,2
2021,Brazil,2,Technology,Medium,196,1.8,67.9,72.4,40.43,Medium,35.63,4.799999999999997,33.29,3
2022,Brazil,2,Technology,Medium,514,1.94,97.2,81.3,53.8,Medium,40.43,13.369999999999997,36.64666666666667,4
2023,Brazil,2,Technology,Medium,669,2.24,86.7,81.3,68.23,High,53.8,14.430000000000007,43.28666666666667,5
2024,Brazil,2,Technology,Medium,501,1.42,84.2,86.9,67.58,High,68.23,-0.6500000000000057,54.15333333333333,6
2025,Brazil,2,Technology,Medium,865,2.11,85.2,79.4,86.45,High,67.58,18.870000000000005,63.203333333333326,7
2018,Brazil,2,Technology,Small,5,2.14,79.7,75.1,9.59,Low,9.59,0.0,9.59,0
2019,Brazil,2,Technology,Small,85,1.71,92.3,87.9,17.88,Low,9.59,8.29,9.59,1
2020,Brazil,2,Technology,Small,8,1.83,77.8,75.1,29.42,Low,17.88,11.540000000000003,13.735,2
2021,Brazil,2,Technology,Small,52,1.66,81.6,60.8,30.02,Medium,29.42,0.5999999999999979,18.963333333333335,3
2022,Brazil,2,Technology,Small,71,1.66,77.2,74.0,50.32,Medium,30.02,20.3,25.77333333333333,4
2023,Brazil,2,Technology,Small,73,2.56,77.7,72.3,51.51,Medium,50.32,1.1899999999999977,36.586666666666666,5
2024,Brazil,2,Technology,Small,78,1.78,80.7,57.7,57.0,High,51.51,5.490000000000002,43.949999999999996,6
2025,Brazil,2,Technology,Small,95,1.62,85.0,67.9,64.03,High,57.0,7.030000000000001,52.943333333333335,7
2018,Canada,3,Agriculture,Large,2374,2.96,99.0,79.8,9.57,Low,9.57,0.0,9.57,0
2019,Canada,3,Agriculture,Large,25271,2.31,94.8,70.0,10.55,Low,9.57,0.9800000000000004,9.57,1
2020,Canada,3,Agriculture,Large,48511,2.66,99.0,86.3,29.15,Low,10.55,18.599999999999998,10.06,2
2021,Canada,3,Agriculture,Large,17551,2.37,99.0,68.8,36.12,Medium,29.15,6.969999999999999,16.423333333333332,3
2022,Canada,3,Agriculture,Large,7630,2.78,99.0,91.8,37.66,Medium,36.12,1.5399999999999991,25.27333333333333,4
2023,Canada,3,Agriculture,Large,13011,2.73,99.0,85.3,52.54,Medium,37.66,14.880000000000003,34.31,5
2024,Canada,3,Agriculture,Large,4345,2.99,99.0,73.7,53.37,Medium,52.54,0.8299999999999983,42.10666666666666,6
2025,Canada,3,Agriculture,Large,40878,2.72,92.8,91.2,76.24,High,53.37,22.869999999999997,47.85666666666666,7
2018,Canada,3,Agriculture,Medium,415,2.9,99.0,87.8,4.9,Low,4.9,0.0,4.9,0
2019,Canada,3,Agriculture,Medium,483,2.88,99.0,77.2,18.82,Low,4.9,13.92,4.9,1
2020,Canada,3,Agriculture,Medium,769,2.87,99.0,100.0,24.76,Low,18.82,5.940000000000001,11.86,2
2021,Canada,3,Agriculture,Medium,891,2.41,99.0,91.6,24.26,Low,24.76,-0.5,16.16,3
2022,Canada,3,Agriculture,Medium,619,2.72,99.0,86.5,27.96,Low,24.26,3.6999999999999993,22.613333333333333,4
2023,Canada,3,Agriculture,Medium,139,2.72,94.2,77.2,37.45,Medium,27.96,9.490000000000002,25.66,5
2024,Canada,3,Agriculture,Medium,292,2.87,95.4,95.0,56.43,High,37.45,18.979999999999997,29.89,6
2025,Canada,3,Agriculture,Medium,638,2.41,99.0,81.3,67.68,High,56.43,11.250000000000007,40.61333333333334,7
2018,Canada,3,Agriculture,Small,13,2.54,88.8,85.1,2.0,Low,2.0,0.0,2.0,0
2019,Canada,3,Agriculture,Small,43,2.52,90.6,82.0,10.95,Low,2.0,8.95,2.0,1
2020,Canada,3,Agriculture,Small,20,2.59,95.1,80.6,6.04,Low,10.95,-4.909999999999999,6.475,2
2021,Canada,3,Agriculture,Small,97,2.86,99.0,85.0,23.22,Low,6.04,17.18,6.329999999999999,3
2022,Canada,3,Agriculture,Small,33,2.77,90.9,100.0,28.69,Low,23.22,5.470000000000002,13.40333333333333,4
2023,Canada,3,Agriculture,Small,67,2.58,92.5,79.5,34.92,Medium,28.69,6.23,19.316666666666666,5
2024,Canada,3,Agriculture,Small,85,2.8,99.0,93.9,40.1,Medium,34.92,5.18,28.94333333333334,6
2025,Canada,3,Agriculture,Small,97,2.38,99.0,73.3,51.88,Medium,40.1,11.780000000000001,34.57,7
2018,Canada,3,Automotive,Large,23788,2.69,99.0,87.3,57.67,High,57.67,0.0,57.67,0
2019,Canada,3,Automotive,Large,11341,2.89,99.0,90.7,62.33,High,57.67,4.659999999999997,57.67,1
2020,Canada,3,Automotive,Large,41824,2.69,93.8,96.0,65.43,High,62.33,3.1000000000000085,60.0,2
2021,Canada,3,Automotive,Large,34602,2.36,88.1,70.6,72.57,High,65.43,7.139999999999986,61.81,3
2022,Canada,3,Automotive,Large,16309,3.0,93.1,100.0,75.42,High,72.57,2.8500000000000085,66.77666666666666,4
2023,Canada,3,Automotive,Large,17868,2.2,95.4,98.7,91.4,High,75.42,15.980000000000004,71.14,5
2024,Canada,3,Automotive,Large,39995,2.69,99.0,86.8,97.0,High,91.4,5.599999999999994,79.79666666666667,6
2025,Canada,3,Automotive,Large,17820,2.54,99.0,83.1,97.0,High,97.0,0.0,87.94,7
2018,Canada,3,Automotive,Medium,927,2.99,99.0,88.4,43.26,Medium,43.26,0.0,43.26,0
2019,Canada,3,Automotive,Medium,980,2.36,99.0,100.0,42.03,Medium,43.26,-1.2299999999999969,43.26,1
2020,Canada,3,Automotive,Medium,259,1.93,99.0,100.0,48.5,Medium,42.03,6.469999999999999,42.644999999999996,2
2021,Canada,3,Automotive,Medium,373,2.54,90.7,77.0,64.88,High,48.5,16.379999999999995,44.596666666666664,3
2022,Canada,3,Automotive,Medium,564,2.59,99.0,100.0,57.55,High,64.88,-7.329999999999998,51.803333333333335,4
2023,Canada,3,Automotive,Medium,315,3.24,99.0,87.2,73.84,High,57.55,16.290000000000006,56.97666666666667,5
2024,Canada,3,Automotive,Medium,751,2.68,92.4,94.3,82.17,High,73.84,8.329999999999998,65.42333333333333,6
2025,Canada,3,Automotive,Medium,312,2.53,81.5,91.7,87.65,High,82.17,5.480000000000004,71.18666666666667,7
2018,Canada,3,Automotive,Small,14,3.16,99.0,85.5,11.49,Low,11.49,0.0,11.49,0
2019,Canada,3,Automotive,Small,70,2.9,97.5,87.7,24.44,Low,11.49,12.950000000000001,11.49,1
2020,Canada,3,Automotive,Small,88,2.73,99.0,93.6,28.05,Low,24.44,3.6099999999999994,17.965,2
2021,Canada,3,Automotive,Small,12,2.03,94.0,89.4,33.43,Medium,28.05,5.379999999999999,21.326666666666668,3
2022,Canada,3,Automotive,Small,34,3.22,96.2,100.0,30.29,Medium,33.43,-3.1400000000000006,28.64,4
2023,Canada,3,Automotive,Small,19,2.74,99.0,100.0,51.72,Medium,30.29,21.43,30.590000000000003,5
2024,Canada,3,Automotive,Small,20,2.52,97.7,81.1,65.59,High,51.72,13.870000000000005,38.48,6
2025,Canada,3,Automotive,Small,53,2.65,99.0,100.0,74.36,High,65.59,8.769999999999996,49.199999999999996,7
2018,Canada,3,Education,Large,19007,2.19,99.0,91.8,38.13,Medium,38.13,0.0,38.13,0
2019,Canada,3,Education,Large,1168,2.6,99.0,74.0,38.08,Medium,38.13,-0.05000000000000426,38.13,1
2020,Canada,3,Education,Large,9027,2.29,99.0,87.4,48.2,Medium,38.08,10.120000000000005,38.105000000000004,2
2021,Canada,3,Education,Large,29562,2.58,96.6,88.7,54.79,Medium,48.2,6.589999999999996,41.47,3
2022,Canada,3,Education,Large,13735,2.55,99.0,100.0,72.02,High,54.79,17.229999999999997,47.02333333333333,4
2023,Canada,3,Education,Large,39995,2.26,93.9,69.9,72.0,High,72.02,-0.01999999999999602,58.336666666666666,5
2024,Canada,3,Education,Large,35911,2.63,99.0,68.0,77.19,High,72.0,5.189999999999998,66.27,6
2025,Canada,3,Education,Large,17122,3.27,92.5,84.1,89.95,High,77.19,12.760000000000005,73.73666666666666,7
2018,Canada,3,Education,Medium,401,3.18,99.0,100.0,16.82,Low,16.82,0.0,16.82,0
2019,Canada,3,Education,Medium,456,2.98,96.2,80.6,31.03,Medium,16.82,14.21,16.82,1
2020,Canada,3,Education,Medium,909,2.95,88.2,91.3,37.11,Medium,31.03,6.079999999999998,23.925,2
2021,Canada,3,Education,Medium,714,2.79,95.0,77.2,34.62,Medium,37.11,-2.490000000000002,28.320000000000004,3
2022,Canada,3,Education,Medium,277,2.42,97.5,65.6,50.5,Medium,34.62,15.880000000000003,34.25333333333334,4
2023,Canada,3,Education,Medium,472,2.85,99.0,72.5,61.23,High,50.5,10.729999999999997,40.74333333333333,5
2024,Canada,3,Education,Medium,364,2.42,99.0,79.3,69.73,High,61.23,8.500000000000007,48.78333333333333,6
2025,Canada,3,Education,Medium,459,3.01,99.0,89.3,72.28,High,69.73,2.549999999999997,60.48666666666667,7
2018,Canada,3,Education,Small,46,2.9,99.0,90.5,9.82,Low,9.82,0.0,9.82,0
2019,Canada,3,Education,Small,48,3.07,94.3,88.5,12.98,Low,9.82,3.16,9.82,1
2020,Canada,3,Education,Small,42,2.57,94.6,100.0,21.93,Low,12.98,8.95,11.4,2
2021,Canada,3,Education,Small,64,3.06,99.0,100.0,37.81,Medium,21.93,15.880000000000003,14.910000000000002,3
2022,Canada,3,Education,Small,14,2.59,98.3,96.4,47.38,Medium,37.81,9.57,24.24,4
2023,Canada,3,Education,Small,59,2.69,99.0,91.4,40.61,Medium,47.38,-6.770000000000003,35.70666666666667,5
2024,Canada,3,Education,Small,27,2.39,99.0,78.6,59.35,High,40.61,18.740000000000002,41.93333333333334,6
2025,Canada,3,Education,Small,54,2.41,99.0,94.3,58.95,High,59.35,-0.3999999999999986,49.11333333333334,7
2018,Canada,3,Financial Services,Large,48031,3.17,99.0,100.0,54.39,Medium,54.39,0.0,54.39,0
2019,Canada,3,Financial Services,Large,35481,2.21,95.3,99.3,66.18,High,54.39,11.790000000000006,54.39,1
2020,Canada,3,Financial Services,Large,16753,3.13,90.3,87.6,77.44,High,66.18,11.259999999999991,60.285000000000004,2
2021,Canada,3,Financial Services,Large,22657,2.57,86.5,80.7,81.97,High,77.44,4.530000000000001,66.00333333333333,3
2022,Canada,3,Financial Services,Large,12344,2.27,85.8,100.0,65.28,High,81.97,-16.689999999999998,75.19666666666667,4
2023,Canada,3,Financial Services,Large,6385,2.76,92.0,100.0,96.1,High,65.28,30.819999999999993,74.89666666666666,5
2024,Canada,3,Financial Services,Large,2891,2.54,99.0,73.3,97.0,High,96.1,0.9000000000000057,81.11666666666667,6
2025,Canada,3,Financial Services,Large,21337,2.67,99.0,97.8,97.0,High,97.0,0.0,86.12666666666667,7
2018,Canada,3,Financial Services,Medium,324,2.17,88.3,93.7,37.39,Medium,37.39,0.0,37.39,0
2019,Canada,3,Financial Services,Medium,513,3.33,93.3,100.0,41.84,Medium,37.39,4.450000000000003,37.39,1
2020,Canada,3,Financial Services,Medium,174,2.68,93.9,82.9,51.26,Medium,41.84,9.419999999999995,39.615,2
2021,Canada,3,Financial Services,Medium,104,2.4,99.0,95.1,51.77,Medium,51.26,0.5100000000000051,43.49666666666667,3
2022,Canada,3,Financial Services,Medium,208,3.04,95.1,94.1,64.83,High,51.77,13.059999999999995,48.29,4
2023,Canada,3,Financial Services,Medium,498,2.53,99.0,86.8,66.31,High,64.83,1.480000000000004,55.95333333333334,5
2024,Canada,3,Financial Services,Medium,112,2.61,99.0,78.0,88.57,High,66.31,22.25999999999999,60.970000000000006,6
2025,Canada,3,Financial Services,Medium,690,2.82,99.0,85.9,88.94,High,88.57,0.37000000000000455,73.23666666666666,7
2018,Canada,3,Financial Services,Small,8,2.52,99.0,97.9,21.5,Low,21.5,0.0,21.5,0
2019,Canada,3,Financial Services,Small,55,2.61,99.0,97.9,25.31,Low,21.5,3.8099999999999987,21.5,1
2020,Canada,3,Financial Services,Small,27,2.46,99.0,95.5,32.9,Medium,25.31,7.59,23.405,2
2021,Canada,3,Financial Services,Small,80,3.05,99.0,99.9,46.9,Medium,32.9,14.0,26.569999999999997,3
2022,Canada,3,Financial Services,Small,75,2.23,98.8,92.5,57.24,High,46.9,10.340000000000003,35.03666666666666,4
2023,Canada,3,Financial Services,Small,15,2.37,99.0,93.6,56.84,High,57.24,-0.3999999999999986,45.68,5
2024,Canada,3,Financial Services,Small,52,2.58,99.0,86.1,76.91,High,56.84,20.069999999999993,53.660000000000004,6
2025,Canada,3,Financial Services,Small,69,2.94,99.0,90.7,82.08,High,76.91,5.170000000000002,63.663333333333334,7
2018,Canada,3,Gaming,Large,44455,2.06,99.0,100.0,60.12,High,60.12,0.0,60.12,0
2019,Canada,3,Gaming,Large,24471,2.84,99.0,94.1,65.69,High,60.12,5.57,60.12,1
2020,Canada,3,Gaming,Large,43312,2.42,99.0,95.2,68.56,High,65.69,2.8700000000000045,62.905,2
2021,Canada,3,Gaming,Large,26147,2.25,99.0,100.0,79.44,High,68.56,10.879999999999995,64.79,3
2022,Canada,3,Gaming,Large,1146,2.58,81.9,92.8,86.25,High,79.44,6.810000000000002,71.23,4
2023,Canada,3,Gaming,Large,28431,2.54,99.0,75.7,95.19,High,86.25,8.939999999999998,78.08333333333333,5
2024,Canada,3,Gaming,Large,17518,2.63,99.0,100.0,97.0,High,95.19,1.8100000000000023,86.96,6
2025,Canada,3,Gaming,Large,11232,2.08,99.0,100.0,97.0,High,97.0,0.0,92.81333333333333,7
2018,Canada,3,Gaming,Medium,688,1.99,84.3,87.0,41.45,Medium,41.45,0.0,41.45,0
2019,Canada,3,Gaming,Medium,682,2.7,99.0,100.0,55.34,High,41.45,13.89,41.45,1
2020,Canada,3,Gaming,Medium,281,2.33,99.0,85.6,58.01,High,55.34,2.6699999999999946,48.395,2
2021,Canada,3,Gaming,Medium,575,2.62,93.2,95.3,54.88,Medium,58.01,-3.1299999999999955,51.6,3
2022,Canada,3,Gaming,Medium,842,2.48,97.0,94.3,52.4,Medium,54.88,-2.480000000000004,56.076666666666675,4
2023,Canada,3,Gaming,Medium,158,2.46,96.8,93.2,76.94,High,52.4,24.54,55.096666666666664,5
2024,Canada,3,Gaming,Medium,746,3.26,96.8,100.0,94.67,High,76.94,17.730000000000004,61.406666666666666,6
2025,Canada,3,Gaming,Medium,518,2.71,93.2,100.0,96.41,High,94.67,1.7399999999999949,74.67,7
2018,Canada,3,Gaming,Small,77,2.3,95.4,94.1,23.7,Low,23.7,0.0,23.7,0
2019,Canada,3,Gaming,Small,84,2.78,99.0,92.4,35.3,Medium,23.7,11.599999999999998,23.7,1
2020,Canada,3,Gaming,Small,25,2.5,99.0,78.7,40.54,Medium,35.3,5.240000000000002,29.5,2
2021,Canada,3,Gaming,Small,19,2.89,99.0,96.9,45.75,Medium,40.54,5.210000000000001,33.18,3
2022,Canada,3,Gaming,Small,35,2.7,99.0,92.5,53.21,Medium,45.75,7.460000000000001,40.53,4
2023,Canada,3,Gaming,Small,61,2.87,97.6,100.0,56.83,High,53.21,3.6199999999999974,46.5,5
2024,Canada,3,Gaming,Small,31,2.41,99.0,88.4,67.88,High,56.83,11.049999999999997,51.93000000000001,6
2025,Canada,3,Gaming,Small,9,2.04,99.0,89.4,76.19,High,67.88,8.310000000000002,59.30666666666667,7
2018,Canada,3,Government,Large,21810,2.36,94.6,100.0,20.53,Low,20.53,0.0,20.53,0
2019,Canada,3,Government,Large,32830,2.76,93.1,73.8,33.67,Medium,20.53,13.14,20.53,1
2020,Canada,3,Government,Large,44026,2.38,99.0,83.0,39.51,Medium,33.67,5.839999999999996,27.1,2
2021,Canada,3,Government,Large,23972,2.82,99.0,94.5,51.2,Medium,39.51,11.690000000000005,31.236666666666668,3
2022,Canada,3,Government,Large,24808,2.69,99.0,91.7,53.79,Medium,51.2,2.5899999999999963,41.46,4
2023,Canada,3,Government,Large,46112,2.36,94.0,86.0,65.99,High,53.79,12.199999999999996,48.166666666666664,5
2024,Canada,3,Government,Large,49291,2.95,93.0,78.4,66.43,High,65.99,0.44000000000001194,56.99333333333334,6
2025,Canada,3,Government,Large,31926,2.58,97.3,78.8,75.53,High,66.43,9.099999999999994,62.06999999999999,7
2018,Canada,3,Government,Medium,630,1.93,93.7,80.8,18.69,Low,18.69,0.0,18.69,0
2019,Canada,3,Government,Medium,352,2.89,90.8,100.0,19.94,Low,18.69,1.25,18.69,1
2020,Canada,3,Government,Medium,631,2.32,88.1,89.9,31.84,Medium,19.94,11.899999999999999,19.315,2
2021,Canada,3,Government,Medium,383,2.44,99.0,92.2,35.17,Medium,31.84,3.330000000000002,23.49,3
2022,Canada,3,Government,Medium,767,2.64,94.7,97.8,46.53,Medium,35.17,11.36,28.983333333333334,4
2023,Canada,3,Government,Medium,261,2.61,99.0,86.8,52.47,Medium,46.53,5.939999999999998,37.846666666666664,5
2024,Canada,3,Government,Medium,219,2.7,98.8,79.8,47.04,Medium,52.47,-5.43,44.723333333333336,6
2025,Canada,3,Government,Medium,356,2.41,99.0,83.5,65.72,High,47.04,18.68,48.68,7
2018,Canada,3,Government,Small,85,2.27,99.0,74.9,5.79,Low,5.79,0.0,5.79,0
2019,Canada,3,Government,Small,16,2.32,92.1,76.3,12.9,Low,5.79,7.11,5.79,1
2020,Canada,3,Government,Small,50,2.32,99.0,80.9,8.96,Low,12.9,-3.9399999999999995,9.345,2
2021,Canada,3,Government,Small,91,2.08,99.0,100.0,24.06,Low,8.96,15.099999999999998,9.216666666666667,3
2022,Canada,3,Government,Small,95,2.45,99.0,72.8,26.61,Low,24.06,2.5500000000000007,15.306666666666667,4
2023,Canada,3,Government,Small,20,2.5,88.3,88.4,32.69,Medium,26.61,6.079999999999998,19.876666666666665,5
2024,Canada,3,Government,Small,92,2.67,82.7,81.3,49.16,Medium,32.69,16.47,27.786666666666665,6
2025,Canada,3,Government,Small,82,2.14,99.0,69.8,56.66,High,49.16,7.5,36.15333333333333,7
2018,Canada,3,Healthcare,Large,26254,2.62,99.0,94.1,59.75,High,59.75,0.0,59.75,0
2019,Canada,3,Healthcare,Large,47779,2.46,95.3,95.0,58.84,High,59.75,-0.9099999999999966,59.75,1
2020,Canada,3,Healthcare,Large,21750,2.54,99.0,87.2,64.07,High,58.84,5.22999999999999,59.295,2
2021,Canada,3,Healthcare,Large,28186,2.61,89.4,100.0,85.3,High,64.07,21.230000000000004,60.88666666666666,3
2022,Canada,3,Healthcare,Large,8550,2.34,89.7,91.5,84.82,High,85.3,-0.480000000000004,69.40333333333332,4
2023,Canada,3,Healthcare,Large,19162,3.04,99.0,90.8,89.27,High,84.82,4.450000000000003,78.06333333333333,5
2024,Canada,3,Healthcare,Large,30619,2.06,82.6,99.5,97.0,High,89.27,7.730000000000004,86.46333333333332,6
2025,Canada,3,Healthcare,Large,46939,2.26,99.0,93.1,97.0,High,97.0,0.0,90.36333333333333,7
2018,Canada,3,Healthcare,Medium,642,2.22,99.0,100.0,31.87,Medium,31.87,0.0,31.87,0
2019,Canada,3,Healthcare,Medium,760,2.72,95.8,66.5,35.82,Medium,31.87,3.9499999999999993,31.87,1
2020,Canada,3,Healthcare,Medium,402,2.71,88.2,70.0,56.23,High,35.82,20.409999999999997,33.845,2
2021,Canada,3,Healthcare,Medium,754,2.41,99.0,92.2,51.9,Medium,56.23,-4.329999999999998,41.306666666666665,3
2022,Canada,3,Healthcare,Medium,100,2.14,99.0,68.9,65.55,High,51.9,13.649999999999999,47.98333333333333,4
2023,Canada,3,Healthcare,Medium,956,2.82,99.0,80.4,78.89,High,65.55,13.340000000000003,57.89333333333334,5
2024,Canada,3,Healthcare,Medium,864,2.55,97.7,96.6,77.74,High,78.89,-1.1500000000000057,65.44666666666667,6
2025,Canada,3,Healthcare,Medium,831,2.93,99.0,96.9,88.0,High,77.74,10.260000000000005,74.06,7
2018,Canada,3,Healthcare,Small,90,2.5,94.9,100.0,23.25,Low,23.25,0.0,23.25,0
2019,Canada,3,Healthcare,Small,49,2.85,99.0,70.9,30.11,Medium,23.25,6.859999999999999,23.25,1
2020,Canada,3,Healthcare,Small,39,2.53,99.0,100.0,33.78,Medium,30.11,3.6700000000000017,26.68,2
2021,Canada,3,Healthcare,Small,75,2.41,99.0,87.9,40.58,Medium,33.78,6.799999999999997,29.046666666666667,3
2022,Canada,3,Healthcare,Small,84,2.51,99.0,89.2,45.52,Medium,40.58,4.940000000000005,34.82333333333333,4
2023,Canada,3,Healthcare,Small,66,2.41,96.0,100.0,56.59,High,45.52,11.07,39.96,5
2024,Canada,3,Healthcare,Small,70,2.58,99.0,93.6,64.54,High,56.59,7.950000000000003,47.56333333333333,6
2025,Canada,3,Healthcare,Small,56,2.39,99.0,100.0,74.8,High,64.54,10.259999999999991,55.55000000000001,7
2018,Canada,3,Legal,Large,15852,2.89,99.0,69.8,37.11,Medium,37.11,0.0,37.11,0
2019,Canada,3,Legal,Large,19837,3.09,97.3,79.3,29.26,Low,37.11,-7.849999999999998,37.11,1
2020,Canada,3,Legal,Large,24570,2.86,99.0,90.1,50.32,Medium,29.26,21.06,33.185,2
2021,Canada,3,Legal,Large,15185,2.6,96.3,84.2,55.59,High,50.32,5.270000000000003,38.89666666666667,3
2022,Canada,3,Legal,Large,47713,2.76,97.7,88.6,62.39,High,55.59,6.799999999999997,45.05666666666667,4
2023,Canada,3,Legal,Large,19336,2.63,99.0,95.0,68.47,High,62.39,6.079999999999998,56.1,5
2024,Canada,3,Legal,Large,30493,2.51,81.3,79.9,81.05,High,68.47,12.579999999999998,62.15,6
2025,Canada,3,Legal,Large,48278,2.49,99.0,88.6,84.48,High,81.05,3.430000000000007,70.63666666666667,7
2018,Canada,3,Legal,Medium,276,2.61,99.0,100.0,11.26,Low,11.26,0.0,11.26,0
2019,Canada,3,Legal,Medium,234,2.56,90.2,87.6,18.05,Low,11.26,6.790000000000001,11.26,1
2020,Canada,3,Legal,Medium,294,2.58,99.0,80.5,34.01,Medium,18.05,15.959999999999997,14.655000000000001,2
2021,Canada,3,Legal,Medium,110,2.25,99.0,79.6,25.31,Low,34.01,-8.7,21.106666666666666,3
2022,Canada,3,Legal,Medium,264,2.67,92.5,81.2,48.17,Medium,25.31,22.860000000000003,25.789999999999996,4
2023,Canada,3,Legal,Medium,656,1.96,99.0,96.7,54.95,Medium,48.17,6.780000000000001,35.82999999999999,5
2024,Canada,3,Legal,Medium,506,2.45,99.0,73.7,76.4,High,54.95,21.450000000000003,42.81,6
2025,Canada,3,Legal,Medium,789,3.12,99.0,98.9,74.85,High,76.4,-1.5500000000000114,59.84,7
2018,Canada,3,Legal,Small,42,1.97,99.0,86.5,2.0,Low,2.0,0.0,2.0,0
2019,Canada,3,Legal,Small,52,2.51,99.0,83.0,9.43,Low,2.0,7.43,2.0,1
2020,Canada,3,Legal,Small,37,2.86,94.3,91.5,18.08,Low,9.43,8.649999999999999,5.715,2
2021,Canada,3,Legal,Small,27,2.64,99.0,95.7,25.68,Low,18.08,7.600000000000001,9.836666666666666,3
2022,Canada,3,Legal,Small,81,2.7,99.0,94.0,28.87,Low,25.68,3.1900000000000013,17.73,4
2023,Canada,3,Legal,Small,96,2.66,99.0,90.4,49.97,Medium,28.87,21.099999999999998,24.209999999999997,5
2024,Canada,3,Legal,Small,37,2.72,99.0,86.8,51.62,Medium,49.97,1.6499999999999986,34.839999999999996,6
2025,Canada,3,Legal,Small,68,2.71,99.0,87.8,57.86,High,51.62,6.240000000000002,43.48666666666667,7
2018,Canada,3,Manufacturing,Large,45379,2.16,99.0,78.3,47.09,Medium,47.09,0.0,47.09,0
2019,Canada,3,Manufacturing,Large,22283,2.17,99.0,69.5,55.95,High,47.09,8.86,47.09,1
2020,Canada,3,Manufacturing,Large,49536,2.21,99.0,76.7,59.51,High,55.95,3.559999999999995,51.52,2
2021,Canada,3,Manufacturing,Large,6301,2.7,99.0,89.1,75.75,High,59.51,16.240000000000002,54.18333333333334,3
2022,Canada,3,Manufacturing,Large,37161,2.32,96.6,98.1,77.33,High,75.75,1.5799999999999983,63.73666666666667,4
2023,Canada,3,Manufacturing,Large,19016,3.34,98.3,82.5,84.14,High,77.33,6.810000000000002,70.86333333333333,5
2024,Canada,3,Manufacturing,Large,29251,2.5,99.0,97.9,96.9,High,84.14,12.760000000000005,79.07333333333334,6
2025,Canada,3,Manufacturing,Large,28516,2.96,99.0,90.7,97.0,High,96.9,0.09999999999999432,86.12333333333333,7
2018,Canada,3,Manufacturing,Medium,444,3.07,99.0,100.0,31.91,Medium,31.91,0.0,31.91,0
2019,Canada,3,Manufacturing,Medium,232,2.59,97.0,79.9,32.01,Medium,31.91,0.09999999999999787,31.91,1
2020,Canada,3,Manufacturing,Medium,453,2.18,99.0,92.2,50.45,Medium,32.01,18.440000000000005,31.96,2
2021,Canada,3,Manufacturing,Medium,837,2.39,96.2,85.1,52.89,Medium,50.45,2.4399999999999977,38.123333333333335,3
2022,Canada,3,Manufacturing,Medium,275,2.74,99.0,84.4,59.99,High,52.89,7.100000000000001,45.11666666666667,4
2023,Canada,3,Manufacturing,Medium,809,2.66,80.3,77.8,62.37,High,59.99,2.3799999999999955,54.44333333333333,5
2024,Canada,3,Manufacturing,Medium,895,2.15,99.0,100.0,69.82,High,62.37,7.449999999999996,58.416666666666664,6
2025,Canada,3,Manufacturing,Medium,425,2.99,96.1,100.0,91.82,High,69.82,22.0,64.06,7
2018,Canada,3,Manufacturing,Small,33,2.26,94.9,87.9,14.54,Low,14.54,0.0,14.54,0
2019,Canada,3,Manufacturing,Small,79,2.39,97.3,97.4,20.46,Low,14.54,5.920000000000002,14.54,1
2020,Canada,3,Manufacturing,Small,15,2.58,99.0,99.7,26.73,Low,20.46,6.27,17.5,2
2021,Canada,3,Manufacturing,Small,51,2.38,88.8,94.5,36.79,Medium,26.73,10.059999999999999,20.576666666666668,3
2022,Canada,3,Manufacturing,Small,69,2.81,88.1,95.5,35.33,Medium,36.79,-1.4600000000000009,27.99333333333333,4
2023,Canada,3,Manufacturing,Small,16,2.43,99.0,100.0,54.88,Medium,35.33,19.550000000000004,32.949999999999996,5
2024,Canada,3,Manufacturing,Small,14,2.94,99.0,95.8,75.89,High,54.88,21.009999999999998,42.333333333333336,6
2025,Canada,3,Manufacturing,Small,90,3.03,99.0,75.5,76.27,High,75.89,0.37999999999999545,55.36666666666667,7
2018,Canada,3,Media & Entertainment,Large,44774,2.14,99.0,96.8,52.96,Medium,52.96,0.0,52.96,0
2019,Canada,3,Media & Entertainment,Large,40687,2.57,99.0,70.5,54.28,Medium,52.96,1.3200000000000003,52.96,1
2020,Canada,3,Media & Entertainment,Large,14065,3.06,99.0,90.8,60.0,High,54.28,5.719999999999999,53.620000000000005,2
2021,Canada,3,Media & Entertainment,Large,33655,2.53,95.5,82.8,76.97,High,60.0,16.97,55.74666666666667,3
2022,Canada,3,Media & Entertainment,Large,5655,2.59,82.2,95.3,84.62,High,76.97,7.650000000000006,63.75,4
2023,Canada,3,Media & Entertainment,Large,43936,2.63,97.7,87.5,97.0,High,84.62,12.379999999999995,73.86333333333333,5
2024,Canada,3,Media & Entertainment,Large,4514,2.46,99.0,71.1,97.0,High,97.0,0.0,86.19666666666667,6
2025,Canada,3,Media & Entertainment,Large,34297,2.6,99.0,76.3,97.0,High,97.0,0.0,92.87333333333333,7
2018,Canada,3,Media & Entertainment,Medium,316,2.27,99.0,82.0,31.53,Medium,31.53,0.0,31.53,0
2019,Canada,3,Media & Entertainment,Medium,697,2.75,85.3,78.9,47.36,Medium,31.53,15.829999999999998,31.53,1
2020,Canada,3,Media & Entertainment,Medium,240,2.15,98.9,100.0,54.2,Medium,47.36,6.840000000000003,39.445,2
2021,Canada,3,Media & Entertainment,Medium,277,2.3,99.0,86.4,54.73,Medium,54.2,0.529999999999994,44.36333333333334,3
2022,Canada,3,Media & Entertainment,Medium,692,2.92,93.6,82.8,58.21,High,54.73,3.480000000000004,52.096666666666664,4
2023,Canada,3,Media & Entertainment,Medium,293,2.82,99.0,94.6,69.84,High,58.21,11.630000000000003,55.71333333333333,5
2024,Canada,3,Media & Entertainment,Medium,883,2.48,99.0,99.3,85.19,High,69.84,15.349999999999994,60.92666666666667,6
2025,Canada,3,Media & Entertainment,Medium,540,3.11,86.7,93.2,89.15,High,85.19,3.960000000000008,71.08,7
2018,Canada,3,Media & Entertainment,Small,31,2.63,98.6,90.7,16.89,Low,16.89,0.0,16.89,0
2019,Canada,3,Media & Entertainment,Small,7,2.96,99.0,100.0,32.7,Medium,16.89,15.810000000000002,16.89,1
2020,Canada,3,Media & Entertainment,Small,95,2.79,99.0,83.2,23.31,Low,32.7,-9.390000000000004,24.795,2
2021,Canada,3,Media & Entertainment,Small,94,2.94,91.3,100.0,40.1,Medium,23.31,16.790000000000003,24.3,3
2022,Canada,3,Media & Entertainment,Small,39,2.71,99.0,79.1,39.0,Medium,40.1,-1.1000000000000014,32.03666666666667,4
2023,Canada,3,Media & Entertainment,Small,65,2.11,95.5,100.0,51.57,Medium,39.0,12.57,34.13666666666666,5
2024,Canada,3,Media & Entertainment,Small,27,1.91,99.0,81.3,62.29,High,51.57,10.719999999999999,43.556666666666665,6
2025,Canada,3,Media & Entertainment,Small,40,2.4,99.0,82.9,68.74,High,62.29,6.449999999999996,50.95333333333334,7
2018,Canada,3,Retail,Large,31289,2.91,99.0,82.7,48.56,Medium,48.56,0.0,48.56,0
2019,Canada,3,Retail,Large,46347,2.57,99.0,100.0,51.1,Medium,48.56,2.539999999999999,48.56,1
2020,Canada,3,Retail,Large,8585,3.11,88.3,76.1,59.22,High,51.1,8.119999999999997,49.83,2
2021,Canada,3,Retail,Large,1984,2.63,99.0,86.5,74.8,High,59.22,15.579999999999998,52.96,3
2022,Canada,3,Retail,Large,40606,3.0,99.0,100.0,74.96,High,74.8,0.1599999999999966,61.70666666666667,4
2023,Canada,3,Retail,Large,49101,2.62,99.0,94.1,83.09,High,74.96,8.13000000000001,69.66000000000001,5
2024,Canada,3,Retail,Large,8739,2.77,99.0,100.0,97.0,High,83.09,13.909999999999997,77.61666666666667,6
2025,Canada,3,Retail,Large,24039,2.66,98.5,100.0,92.1,High,97.0,-4.900000000000006,85.01666666666667,7
2018,Canada,3,Retail,Medium,974,2.63,99.0,73.6,24.26,Low,24.26,0.0,24.26,0
2019,Canada,3,Retail,Medium,196,2.72,98.9,81.4,45.67,Medium,24.26,21.41,24.26,1
2020,Canada,3,Retail,Medium,723,2.61,99.0,100.0,48.86,Medium,45.67,3.1899999999999977,34.965,2
2021,Canada,3,Retail,Medium,146,2.73,93.4,82.4,48.28,Medium,48.86,-0.5799999999999983,39.59666666666667,3
2022,Canada,3,Retail,Medium,453,2.91,99.0,74.6,55.79,High,48.28,7.509999999999998,47.60333333333333,4
2023,Canada,3,Retail,Medium,530,2.71,96.5,79.2,69.26,High,55.79,13.470000000000006,50.97666666666667,5
2024,Canada,3,Retail,Medium,120,2.27,99.0,93.2,80.87,High,69.26,11.61,57.776666666666664,6
2025,Canada,3,Retail,Medium,499,2.65,76.5,83.0,84.28,High,80.87,3.4099999999999966,68.64,7
2018,Canada,3,Retail,Small,16,2.8,99.0,96.6,14.64,Low,14.64,0.0,14.64,0
2019,Canada,3,Retail,Small,89,2.38,95.9,95.6,20.68,Low,14.64,6.039999999999999,14.64,1
2020,Canada,3,Retail,Small,84,2.29,99.0,82.4,28.65,Low,20.68,7.969999999999999,17.66,2
2021,Canada,3,Retail,Small,45,2.51,99.0,93.4,37.2,Medium,28.65,8.550000000000004,21.323333333333334,3
2022,Canada,3,Retail,Small,18,2.88,99.0,97.3,49.04,Medium,37.2,11.839999999999996,28.843333333333334,4
2023,Canada,3,Retail,Small,85,2.72,99.0,100.0,47.86,Medium,49.04,-1.1799999999999997,38.29666666666666,5
2024,Canada,3,Retail,Small,41,2.62,96.5,72.5,60.65,High,47.86,12.79,44.699999999999996,6
2025,Canada,3,Retail,Small,31,2.27,99.0,94.9,58.66,High,60.65,-1.990000000000002,52.51666666666667,7
2018,Canada,3,Technology,Large,4182,2.43,89.6,96.5,67.38,High,67.38,0.0,67.38,0
2019,Canada,3,Technology,Large,19992,2.77,89.4,93.8,78.75,High,67.38,11.370000000000005,67.38,1
2020,Canada,3,Technology,Large,6663,2.72,99.0,100.0,80.16,High,78.75,1.4099999999999966,73.065,2
2021,Canada,3,Technology,Large,10585,2.38,99.0,100.0,84.15,High,80.16,3.990000000000009,75.42999999999999,3
2022,Canada,3,Technology,Large,43918,2.52,95.2,100.0,94.0,High,84.15,9.849999999999994,81.02,4
2023,Canada,3,Technology,Large,5094,2.42,77.6,96.2,97.0,High,94.0,3.0,86.10333333333334,5
2024,Canada,3,Technology,Large,44574,2.67,99.0,96.9,97.0,High,97.0,0.0,91.71666666666665,6
2025,Canada,3,Technology,Large,12157,2.55,99.0,77.5,97.0,High,97.0,0.0,96.0,7
2018,Canada,3,Technology,Medium,441,2.69,88.8,84.1,47.35,Medium,47.35,0.0,47.35,0
2019,Canada,3,Technology,Medium,351,2.69,99.0,85.3,49.82,Medium,47.35,2.469999999999999,47.35,1
2020,Canada,3,Technology,Medium,796,2.82,99.0,100.0,59.09,High,49.82,9.270000000000003,48.585,2
2021,Canada,3,Technology,Medium,372,2.79,99.0,96.5,71.1,High,59.09,12.009999999999991,52.086666666666666,3
2022,Canada,3,Technology,Medium,693,2.1,88.3,78.7,75.95,High,71.1,4.8500000000000085,60.00333333333333,4
2023,Canada,3,Technology,Medium,706,2.25,93.4,100.0,75.56,High,75.95,-0.39000000000000057,68.71333333333334,5
2024,Canada,3,Technology,Medium,291,2.82,99.0,89.1,92.35,High,75.56,16.789999999999992,74.20333333333333,6
2025,Canada,3,Technology,Medium,329,2.91,99.0,96.4,97.0,High,92.35,4.650000000000006,81.28666666666666,7
2018,Canada,3,Technology,Small,62,2.52,99.0,95.1,33.24,Medium,33.24,0.0,33.24,0
2019,Canada,3,Technology,Small,62,2.47,88.5,100.0,34.01,Medium,33.24,0.769999999999996,33.24,1
2020,Canada,3,Technology,Small,7,2.48,99.0,87.0,32.57,Medium,34.01,-1.4399999999999977,33.625,2
2021,Canada,3,Technology,Small,18,2.48,97.8,94.4,52.83,Medium,32.57,20.259999999999998,33.27333333333333,3
2022,Canada,3,Technology,Small,79,2.69,99.0,100.0,56.6,High,52.83,3.770000000000003,39.803333333333335,4
2023,Canada,3,Technology,Small,51,2.67,95.3,91.7,68.39,High,56.6,11.79,47.333333333333336,5
2024,Canada,3,Technology,Small,89,2.7,91.3,100.0,72.51,High,68.39,4.1200000000000045,59.27333333333333,6
2025,Canada,3,Technology,Small,42,2.51,92.3,97.9,83.46,High,72.51,10.949999999999989,65.83333333333333,7
2018,China,2,Agriculture,Large,49339,2.44,81.4,58.2,18.09,Low,18.09,0.0,18.09,0
2019,China,2,Agriculture,Large,44746,1.6,85.1,58.2,15.0,Low,18.09,-3.09,18.09,1
2020,China,2,Agriculture,Large,3028,1.19,88.0,64.0,30.04,Medium,15.0,15.04,16.545,2
2021,China,2,Agriculture,Large,19361,1.77,69.5,72.8,32.92,Medium,30.04,2.8800000000000026,21.043333333333333,3
2022,China,2,Agriculture,Large,37365,1.47,95.5,53.8,40.83,Medium,32.92,7.909999999999997,25.986666666666665,4
2023,China,2,Agriculture,Large,28429,2.04,74.2,43.3,50.96,Medium,40.83,10.130000000000003,34.596666666666664,5
2024,China,2,Agriculture,Large,47340,1.53,73.7,67.9,62.03,High,50.96,11.07,41.57,6
2025,China,2,Agriculture,Large,41281,1.87,81.6,49.3,69.13,High,62.03,7.099999999999994,51.27333333333333,7
2018,China,2,Agriculture,Medium,644,2.23,88.8,58.5,2.54,Low,2.54,0.0,2.54,0
2019,China,2,Agriculture,Medium,898,1.71,81.1,60.0,9.67,Low,2.54,7.13,2.54,1
2020,China,2,Agriculture,Medium,995,2.2,87.2,66.1,11.58,Low,9.67,1.9100000000000001,6.105,2
2021,China,2,Agriculture,Medium,744,1.85,72.9,60.0,29.8,Low,11.58,18.22,7.93,3
2022,China,2,Agriculture,Medium,146,1.55,86.5,78.4,31.21,Medium,29.8,1.4100000000000001,17.016666666666666,4
2023,China,2,Agriculture,Medium,798,2.04,75.7,81.0,31.61,Medium,31.21,0.3999999999999986,24.19666666666667,5
2024,China,2,Agriculture,Medium,218,1.87,76.8,64.5,57.36,High,31.61,25.75,30.873333333333335,6
2025,China,2,Agriculture,Medium,662,2.23,91.4,61.9,56.08,High,57.36,-1.2800000000000011,40.06,7
2018,China,2,Agriculture,Small,75,1.91,88.2,82.8,4.68,Low,4.68,0.0,4.68,0
2019,China,2,Agriculture,Small,26,1.89,74.3,62.8,2.0,Low,4.68,-2.6799999999999997,4.68,1
2020,China,2,Agriculture,Small,65,1.8,81.8,48.9,11.47,Low,2.0,9.47,3.34,2
2021,China,2,Agriculture,Small,71,1.63,78.9,63.5,16.99,Low,11.47,5.519999999999998,6.05,3
2022,China,2,Agriculture,Small,38,2.04,73.2,55.0,19.07,Low,16.99,2.080000000000002,10.153333333333334,4
2023,China,2,Agriculture,Small,84,2.21,82.5,79.4,32.9,Medium,19.07,13.829999999999998,15.843333333333334,5
2024,China,2,Agriculture,Small,73,1.62,70.5,65.4,36.31,Medium,32.9,3.4100000000000037,22.986666666666668,6
2025,China,2,Agriculture,Small,40,1.96,81.8,51.7,55.33,High,36.31,19.019999999999996,29.426666666666666,7
2018,China,2,Automotive,Large,34677,1.88,80.1,70.7,48.84,Medium,48.84,0.0,48.84,0
2019,China,2,Automotive,Large,19561,2.28,77.2,65.1,63.69,High,48.84,14.849999999999994,48.84,1
2020,China,2,Automotive,Large,39831,2.09,81.8,70.7,62.91,High,63.69,-0.7800000000000011,56.265,2
2021,China,2,Automotive,Large,40931,1.7,85.5,81.9,68.61,High,62.91,5.700000000000003,58.48,3
2022,China,2,Automotive,Large,12780,2.03,73.3,58.4,86.98,High,68.61,18.370000000000005,65.07,4
2023,China,2,Automotive,Large,15244,1.52,66.0,73.9,76.88,High,86.98,-10.100000000000009,72.83333333333333,5
2024,China,2,Automotive,Large,24867,1.84,89.2,56.5,97.0,High,76.88,20.120000000000005,77.49,6
2025,China,2,Automotive,Large,25274,1.88,76.7,77.6,97.0,High,97.0,0.0,86.95333333333333,7
2018,China,2,Automotive,Medium,675,1.84,76.2,67.5,25.88,Low,25.88,0.0,25.88,0
2019,China,2,Automotive,Medium,186,2.43,78.4,70.6,31.32,Medium,25.88,5.440000000000001,25.88,1
2020,China,2,Automotive,Medium,580,2.31,79.7,85.4,52.78,Medium,31.32,21.46,28.6,2
2021,China,2,Automotive,Medium,935,2.1,78.7,86.8,52.44,Medium,52.78,-0.3400000000000034,36.660000000000004,3
2022,China,2,Automotive,Medium,319,1.94,75.2,77.8,51.47,Medium,52.44,-0.9699999999999989,45.51333333333334,4
2023,China,2,Automotive,Medium,102,1.85,77.8,73.0,68.25,High,51.47,16.78,52.23,5
2024,China,2,Automotive,Medium,433,1.93,79.7,62.1,80.55,High,68.25,12.299999999999997,57.38666666666666,6
2025,China,2,Automotive,Medium,708,1.76,72.2,72.8,80.48,High,80.55,-0.06999999999999318,66.75666666666666,7
2018,China,2,Automotive,Small,63,1.91,82.6,88.3,13.91,Low,13.91,0.0,13.91,0
2019,China,2,Automotive,Small,76,1.67,83.6,51.4,23.09,Low,13.91,9.18,13.91,1
2020,China,2,Automotive,Small,12,2.31,85.3,85.3,27.41,Low,23.09,4.32,18.5,2
2021,China,2,Automotive,Small,61,1.45,87.6,69.7,42.76,Medium,27.41,15.349999999999998,21.47,3
2022,China,2,Automotive,Small,53,2.05,83.6,77.4,45.05,Medium,42.76,2.289999999999999,31.08666666666667,4
2023,China,2,Automotive,Small,13,2.0,77.7,63.7,56.25,High,45.05,11.200000000000003,38.406666666666666,5
2024,China,2,Automotive,Small,54,2.48,87.0,65.6,65.57,High,56.25,9.319999999999993,48.02,6
2025,China,2,Automotive,Small,67,2.16,74.8,78.5,75.05,High,65.57,9.480000000000004,55.623333333333335,7
2018,China,2,Education,Large,47384,1.67,85.1,70.3,36.93,Medium,36.93,0.0,36.93,0
2019,China,2,Education,Large,31863,1.99,76.7,84.8,42.1,Medium,36.93,5.170000000000002,36.93,1
2020,China,2,Education,Large,1749,1.92,79.4,77.2,52.71,Medium,42.1,10.61,39.515,2
2021,China,2,Education,Large,47146,2.01,63.7,62.3,68.42,High,52.71,15.71,43.913333333333334,3
2022,China,2,Education,Large,1885,1.64,67.8,71.6,51.86,Medium,68.42,-16.560000000000002,54.41,4
2023,China,2,Education,Large,49039,1.73,80.0,67.7,68.44,High,51.86,16.58,57.663333333333334,5
2024,China,2,Education,Large,21150,2.24,86.8,62.4,79.46,High,68.44,11.019999999999996,62.90666666666666,6
2025,China,2,Education,Large,23601,1.43,73.8,68.9,96.36,High,79.46,16.900000000000006,66.58666666666666,7
2018,China,2,Education,Medium,934,1.75,70.5,84.4,24.4,Low,24.4,0.0,24.4,0
2019,China,2,Education,Medium,761,1.85,70.4,74.7,27.58,Low,24.4,3.1799999999999997,24.4,1
2020,China,2,Education,Medium,301,1.48,64.0,70.2,41.74,Medium,27.58,14.160000000000004,25.99,2
2021,China,2,Education,Medium,998,2.14,89.4,62.5,39.82,Medium,41.74,-1.9200000000000017,31.24,3
2022,China,2,Education,Medium,285,1.82,91.6,67.7,44.74,Medium,39.82,4.920000000000002,36.379999999999995,4
2023,China,2,Education,Medium,996,1.99,62.7,72.6,55.13,High,44.74,10.39,42.1,5
2024,China,2,Education,Medium,647,2.11,88.6,75.9,64.74,High,55.13,9.609999999999992,46.56333333333333,6
2025,China,2,Education,Medium,641,1.82,89.4,56.5,63.46,High,64.74,-1.279999999999994,54.870000000000005,7
2018,China,2,Education,Small,11,1.8,84.0,82.6,10.76,Low,10.76,0.0,10.76,0
2019,China,2,Education,Small,16,1.73,80.3,64.0,8.84,Low,10.76,-1.92,10.76,1
2020,China,2,Education,Small,70,2.05,79.4,76.4,17.34,Low,8.84,8.5,9.8,2
2021,China,2,Education,Small,30,1.81,69.1,55.6,28.81,Low,17.34,11.469999999999999,12.313333333333333,3
2022,China,2,Education,Small,55,2.06,89.9,47.5,38.98,Medium,28.81,10.169999999999998,18.33,4
2023,China,2,Education,Small,28,1.87,73.2,71.8,41.0,Medium,38.98,2.020000000000003,28.376666666666665,5
2024,China,2,Education,Small,83,2.33,78.7,74.8,57.64,High,41.0,16.64,36.26333333333333,6
2025,China,2,Education,Small,86,1.9,70.1,63.9,62.46,High,57.64,4.82,45.873333333333335,7
2018,China,2,Financial Services,Large,45168,1.21,72.4,74.2,52.24,Medium,52.24,0.0,52.24,0
2019,China,2,Financial Services,Large,31333,1.48,61.0,87.7,66.23,High,52.24,13.990000000000002,52.24,1
2020,China,2,Financial Services,Large,39581,2.1,65.7,72.8,76.23,High,66.23,10.0,59.235,2
2021,China,2,Financial Services,Large,47785,2.3,80.1,77.2,69.75,High,76.23,-6.480000000000004,64.9,3
2022,China,2,Financial Services,Large,31209,2.23,90.1,73.5,85.18,High,69.75,15.430000000000007,70.73666666666666,4
2023,China,2,Financial Services,Large,49588,1.79,68.4,94.0,95.52,High,85.18,10.33999999999999,77.05333333333334,5
2024,China,2,Financial Services,Large,22566,1.92,79.3,80.8,97.0,High,95.52,1.480000000000004,83.48333333333333,6
2025,China,2,Financial Services,Large,21751,1.78,67.9,75.3,97.0,High,97.0,0.0,92.56666666666666,7
2018,China,2,Financial Services,Medium,683,1.57,83.0,77.2,36.27,Medium,36.27,0.0,36.27,0
2019,China,2,Financial Services,Medium,173,1.61,84.5,61.4,42.46,Medium,36.27,6.189999999999998,36.27,1
2020,China,2,Financial Services,Medium,631,2.29,80.1,81.7,63.67,High,42.46,21.21,39.365,2
2021,China,2,Financial Services,Medium,878,1.78,80.8,76.2,64.26,High,63.67,0.5900000000000034,47.46666666666667,3
2022,China,2,Financial Services,Medium,349,1.33,89.2,57.2,65.66,High,64.26,1.3999999999999915,56.79666666666666,4
2023,China,2,Financial Services,Medium,705,1.85,82.0,84.1,75.53,High,65.66,9.870000000000005,64.53,5
2024,China,2,Financial Services,Medium,969,1.97,87.9,66.8,78.31,High,75.53,2.780000000000001,68.48333333333333,6
2025,China,2,Financial Services,Medium,143,1.66,84.7,75.2,82.62,High,78.31,4.310000000000002,73.16666666666667,7
2018,China,2,Financial Services,Small,43,1.61,70.3,77.0,24.78,Low,24.78,0.0,24.78,0
2019,China,2,Financial Services,Small,90,1.66,73.9,58.9,22.32,Low,24.78,-2.460000000000001,24.78,1
2020,China,2,Financial Services,Small,35,1.8,89.3,77.1,39.74,Medium,22.32,17.42,23.55,2
2021,China,2,Financial Services,Small,19,1.81,80.1,68.7,45.49,Medium,39.74,5.75,28.94666666666667,3
2022,China,2,Financial Services,Small,37,1.37,70.6,69.6,47.41,Medium,45.49,1.9199999999999946,35.85,4
2023,China,2,Financial Services,Small,69,2.02,77.8,76.6,56.14,High,47.41,8.730000000000004,44.21333333333334,5
2024,China,2,Financial Services,Small,79,1.99,78.1,63.6,75.16,High,56.14,19.019999999999996,49.68,6
2025,China,2,Financial Services,Small,26,1.35,78.5,77.2,78.61,High,75.16,3.450000000000003,59.56999999999999,7
2018,China,2,Gaming,Large,35833,1.83,77.4,76.5,61.06,High,61.06,0.0,61.06,0
2019,China,2,Gaming,Large,47862,1.53,61.8,64.0,72.16,High,61.06,11.099999999999994,61.06,1
2020,China,2,Gaming,Large,33217,1.94,70.9,70.4,77.67,High,72.16,5.510000000000005,66.61,2
2021,China,2,Gaming,Large,24362,1.39,83.4,68.1,91.66,High,77.67,13.989999999999995,70.29666666666667,3
2022,China,2,Gaming,Large,22364,1.83,78.8,81.4,80.51,High,91.66,-11.149999999999991,80.49666666666667,4
2023,China,2,Gaming,Large,18917,1.74,72.6,71.6,94.23,High,80.51,13.719999999999999,83.28,5
2024,China,2,Gaming,Large,45191,1.65,76.1,95.5,97.0,High,94.23,2.769999999999996,88.80000000000001,6
2025,China,2,Gaming,Large,48342,1.98,86.3,68.0,97.0,High,97.0,0.0,90.58,7
2018,China,2,Gaming,Medium,807,1.96,77.1,80.7,39.03,Medium,39.03,0.0,39.03,0
2019,China,2,Gaming,Medium,260,1.51,81.5,81.1,53.59,Medium,39.03,14.560000000000002,39.03,1
2020,China,2,Gaming,Medium,828,1.18,90.9,82.6,59.41,High,53.59,5.819999999999993,46.31,2
2021,China,2,Gaming,Medium,406,1.67,88.8,73.6,50.37,Medium,59.41,-9.04,50.67666666666667,3
2022,China,2,Gaming,Medium,291,2.06,79.6,68.9,62.87,High,50.37,12.5,54.45666666666667,4
2023,China,2,Gaming,Medium,272,1.35,84.3,68.2,81.94,High,62.87,19.07,57.54999999999999,5
2024,China,2,Gaming,Medium,593,2.0,84.4,60.4,81.48,High,81.94,-0.45999999999999375,65.06,6
2025,China,2,Gaming,Medium,979,1.62,88.4,75.8,90.81,High,81.48,9.329999999999998,75.42999999999999,7
2018,China,2,Gaming,Small,37,1.65,77.1,88.3,22.4,Low,22.4,0.0,22.4,0
2019,China,2,Gaming,Small,94,1.81,86.5,82.9,32.0,Medium,22.4,9.600000000000001,22.4,1
2020,China,2,Gaming,Small,66,2.02,72.2,69.9,42.55,Medium,32.0,10.549999999999997,27.2,2
2021,China,2,Gaming,Small,28,1.71,91.4,71.5,50.28,Medium,42.55,7.730000000000004,32.31666666666666,3
2022,China,2,Gaming,Small,95,2.04,91.4,68.1,42.22,Medium,50.28,-8.060000000000002,41.60999999999999,4
2023,China,2,Gaming,Small,66,1.8,77.5,77.4,54.17,Medium,42.22,11.950000000000003,45.01666666666666,5
2024,China,2,Gaming,Small,28,1.55,78.8,73.0,73.77,High,54.17,19.599999999999994,48.89000000000001,6
2025,China,2,Gaming,Small,33,2.08,71.1,83.0,73.08,High,73.77,-0.6899999999999977,56.72,7
2018,China,2,Government,Large,25507,1.71,67.5,68.3,23.45,Low,23.45,0.0,23.45,0
2019,China,2,Government,Large,13697,1.83,72.9,58.9,30.38,Medium,23.45,6.93,23.45,1
2020,China,2,Government,Large,24470,2.38,74.4,66.1,39.12,Medium,30.38,8.739999999999998,26.915,2
2021,China,2,Government,Large,21448,1.81,77.6,50.8,39.07,Medium,39.12,-0.04999999999999716,30.98333333333333,3
2022,China,2,Government,Large,33271,1.83,84.9,69.0,39.7,Medium,39.07,0.6300000000000026,36.19,4
2023,China,2,Government,Large,33917,1.77,78.2,70.1,61.14,High,39.7,21.439999999999998,39.29666666666667,5
2024,China,2,Government,Large,6180,1.8,86.9,69.2,69.77,High,61.14,8.629999999999995,46.63666666666668,6
2025,China,2,Government,Large,10262,1.99,81.7,82.2,69.34,High,69.77,-0.4299999999999926,56.870000000000005,7
2018,China,2,Government,Medium,384,2.1,71.4,78.8,9.14,Low,9.14,0.0,9.14,0
2019,China,2,Government,Medium,699,1.73,82.2,76.4,19.0,Low,9.14,9.86,9.14,1
2020,China,2,Government,Medium,567,1.75,73.8,56.7,25.95,Low,19.0,6.949999999999999,14.07,2
2021,China,2,Government,Medium,322,2.1,76.2,65.1,26.23,Low,25.95,0.28000000000000114,18.03,3
2022,China,2,Government,Medium,656,1.86,91.8,80.2,34.27,Medium,26.23,8.040000000000003,23.72666666666667,4
2023,China,2,Government,Medium,252,1.45,80.1,65.4,46.83,Medium,34.27,12.559999999999995,28.816666666666666,5
2024,China,2,Government,Medium,576,1.88,70.7,65.3,58.84,High,46.83,12.010000000000005,35.776666666666664,6
2025,China,2,Government,Medium,376,1.69,78.6,75.7,64.32,High,58.84,5.47999999999999,46.64666666666667,7
2018,China,2,Government,Small,91,1.54,87.3,69.3,2.0,Low,2.0,0.0,2.0,0
2019,China,2,Government,Small,8,1.58,67.1,69.6,4.85,Low,2.0,2.8499999999999996,2.0,1
2020,China,2,Government,Small,95,1.86,82.3,79.0,12.24,Low,4.85,7.390000000000001,3.425,2
2021,China,2,Government,Small,7,1.87,98.5,57.2,31.79,Medium,12.24,19.549999999999997,6.363333333333333,3
2022,China,2,Government,Small,6,2.03,69.8,63.3,26.84,Low,31.79,-4.949999999999999,16.293333333333333,4
2023,China,2,Government,Small,55,1.46,83.7,63.7,36.6,Medium,26.84,9.760000000000002,23.623333333333335,5
2024,China,2,Government,Small,66,1.9,79.1,76.1,46.51,Medium,36.6,9.909999999999997,31.743333333333336,6
2025,China,2,Government,Small,69,1.87,80.0,60.3,61.99,High,46.51,15.480000000000004,36.65,7
2018,China,2,Healthcare,Large,42295,1.91,80.9,67.7,53.8,Medium,53.8,0.0,53.8,0
2019,China,2,Healthcare,Large,10327,1.71,82.0,63.4,70.02,High,53.8,16.22,53.8,1
2020,China,2,Healthcare,Large,21653,2.33,80.4,78.5,73.87,High,70.02,3.8500000000000085,61.91,2
2021,China,2,Healthcare,Large,36531,2.04,69.2,71.5,70.56,High,73.87,-3.3100000000000023,65.89666666666666,3
2022,China,2,Healthcare,Large,16857,1.46,64.5,63.2,88.38,High,70.56,17.819999999999993,71.48333333333333,4
2023,China,2,Healthcare,Large,14785,2.04,78.8,84.6,90.64,High,88.38,2.260000000000005,77.60333333333334,5
2024,China,2,Healthcare,Large,27078,1.83,79.2,59.5,97.0,High,90.64,6.359999999999999,83.19333333333333,6
2025,China,2,Healthcare,Large,16317,2.16,93.3,84.8,97.0,High,97.0,0.0,92.00666666666666,7
2018,China,2,Healthcare,Medium,899,1.56,79.0,61.5,33.05,Medium,33.05,0.0,33.05,0
2019,China,2,Healthcare,Medium,546,1.43,76.9,71.8,44.15,Medium,33.05,11.100000000000001,33.05,1
2020,China,2,Healthcare,Medium,735,2.24,82.2,72.0,52.59,Medium,44.15,8.440000000000005,38.599999999999994,2
2021,China,2,Healthcare,Medium,797,1.99,88.0,80.2,57.57,High,52.59,4.979999999999997,43.26333333333333,3
2022,China,2,Healthcare,Medium,232,2.17,81.1,79.0,63.8,High,57.57,6.229999999999997,51.43666666666667,4
2023,China,2,Healthcare,Medium,406,1.39,88.0,63.2,76.65,High,63.8,12.850000000000009,57.98666666666666,5
2024,China,2,Healthcare,Medium,151,2.59,86.3,72.7,81.86,High,76.65,5.209999999999994,66.00666666666666,6
2025,China,2,Healthcare,Medium,745,1.52,84.9,69.2,93.07,High,81.86,11.209999999999994,74.10333333333334,7
2018,China,2,Healthcare,Small,54,1.76,95.2,75.5,14.23,Low,14.23,0.0,14.23,0
2019,China,2,Healthcare,Small,17,1.84,65.7,53.7,20.94,Low,14.23,6.710000000000001,14.23,1
2020,China,2,Healthcare,Small,13,2.25,82.7,79.6,36.57,Medium,20.94,15.629999999999999,17.585,2
2021,China,2,Healthcare,Small,94,1.8,74.8,76.1,47.34,Medium,36.57,10.770000000000003,23.913333333333338,3
2022,China,2,Healthcare,Small,58,2.45,65.8,60.0,51.86,Medium,47.34,4.519999999999996,34.949999999999996,4
2023,China,2,Healthcare,Small,5,2.05,76.8,88.5,66.14,High,51.86,14.280000000000001,45.25666666666667,5
2024,China,2,Healthcare,Small,24,2.05,64.3,67.5,66.4,High,66.14,0.2600000000000051,55.11333333333334,6
2025,China,2,Healthcare,Small,54,2.17,86.8,89.6,77.03,High,66.4,10.629999999999995,61.46666666666667,7
2018,China,2,Legal,Large,46878,1.56,87.5,88.5,34.73,Medium,34.73,0.0,34.73,0
2019,China,2,Legal,Large,38013,1.98,74.0,64.1,40.78,Medium,34.73,6.050000000000004,34.73,1
2020,China,2,Legal,Large,10567,2.11,82.3,58.4,46.5,Medium,40.78,5.719999999999999,37.754999999999995,2
2021,China,2,Legal,Large,30662,1.78,70.2,54.2,44.5,Medium,46.5,-2.0,40.669999999999995,3
2022,China,2,Legal,Large,33734,1.85,71.7,74.1,59.95,High,44.5,15.450000000000003,43.92666666666667,4
2023,China,2,Legal,Large,31269,2.14,89.8,82.3,63.14,High,59.95,3.1899999999999977,50.31666666666667,5
2024,China,2,Legal,Large,26411,1.62,92.7,72.6,75.73,High,63.14,12.590000000000003,55.86333333333334,6
2025,China,2,Legal,Large,3002,2.05,73.3,81.9,87.84,High,75.73,12.11,66.27333333333334,7
2018,China,2,Legal,Medium,542,2.34,81.1,56.7,26.79,Low,26.79,0.0,26.79,0
2019,China,2,Legal,Medium,361,1.88,77.4,52.9,22.02,Low,26.79,-4.77,26.79,1
2020,China,2,Legal,Medium,193,2.56,90.7,59.2,38.14,Medium,22.02,16.12,24.405,2
2021,China,2,Legal,Medium,183,1.81,89.2,68.2,40.2,Medium,38.14,2.0600000000000023,28.983333333333334,3
2022,China,2,Legal,Medium,968,1.67,81.0,43.4,47.48,Medium,40.2,7.279999999999994,33.45333333333334,4
2023,China,2,Legal,Medium,881,2.03,81.3,53.9,53.26,Medium,47.48,5.780000000000001,41.940000000000005,5
2024,China,2,Legal,Medium,491,2.27,79.6,61.6,67.09,High,53.26,13.830000000000005,46.98,6
2025,China,2,Legal,Medium,379,1.87,71.7,80.3,76.93,High,67.09,9.840000000000003,55.94333333333333,7
2018,China,2,Legal,Small,45,2.1,61.2,53.9,9.73,Low,9.73,0.0,9.73,0
2019,China,2,Legal,Small,10,1.2,94.9,81.0,18.82,Low,9.73,9.09,9.73,1
2020,China,2,Legal,Small,77,1.68,86.4,57.9,24.98,Low,18.82,6.16,14.275,2
2021,China,2,Legal,Small,26,2.24,65.1,65.4,24.61,Low,24.98,-0.370000000000001,17.843333333333334,3
2022,China,2,Legal,Small,14,2.07,76.0,67.5,37.82,Medium,24.61,13.21,22.80333333333333,4
2023,China,2,Legal,Small,13,2.09,93.6,56.0,42.41,Medium,37.82,4.589999999999996,29.136666666666667,5
2024,China,2,Legal,Small,74,1.78,70.7,70.1,56.59,High,42.41,14.180000000000007,34.946666666666665,6
2025,China,2,Legal,Small,74,1.77,82.6,86.7,59.69,High,56.59,3.0999999999999943,45.60666666666666,7
2018,China,2,Manufacturing,Large,25967,2.11,76.7,80.0,49.66,Medium,49.66,0.0,49.66,0
2019,China,2,Manufacturing,Large,9294,1.8,78.4,68.5,53.7,Medium,49.66,4.040000000000006,49.66,1
2020,China,2,Manufacturing,Large,15986,1.78,82.8,58.4,70.47,High,53.7,16.769999999999996,51.68,2
2021,China,2,Manufacturing,Large,37410,2.75,77.2,68.6,65.52,High,70.47,-4.950000000000003,57.94333333333333,3
2022,China,2,Manufacturing,Large,39155,1.09,85.8,96.7,77.29,High,65.52,11.77000000000001,63.23,4
2023,China,2,Manufacturing,Large,35716,2.46,77.4,75.7,87.11,High,77.29,9.819999999999993,71.09333333333335,5
2024,China,2,Manufacturing,Large,33711,2.15,78.6,59.6,97.0,High,87.11,9.89,76.64,6
2025,China,2,Manufacturing,Large,10934,1.63,73.4,74.1,97.0,High,97.0,0.0,87.13333333333333,7
2018,China,2,Manufacturing,Medium,624,1.22,84.4,43.7,27.71,Low,27.71,0.0,27.71,0
2019,China,2,Manufacturing,Medium,497,2.28,83.0,70.9,35.56,Medium,27.71,7.850000000000001,27.71,1
2020,China,2,Manufacturing,Medium,897,2.03,68.9,76.7,41.78,Medium,35.56,6.219999999999999,31.635,2
2021,China,2,Manufacturing,Medium,901,1.4,75.3,62.2,55.31,High,41.78,13.530000000000001,35.01666666666667,3
2022,China,2,Manufacturing,Medium,103,1.98,74.5,76.1,66.47,High,55.31,11.159999999999997,44.21666666666667,4
2023,China,2,Manufacturing,Medium,985,1.96,80.3,73.7,66.86,High,66.47,0.39000000000000057,54.52,5
2024,China,2,Manufacturing,Medium,722,1.62,89.4,69.3,75.31,High,66.86,8.450000000000003,62.879999999999995,6
2025,China,2,Manufacturing,Medium,977,2.28,82.1,74.5,83.56,High,75.31,8.25,69.54666666666667,7
2018,China,2,Manufacturing,Small,33,1.85,82.8,73.9,13.53,Low,13.53,0.0,13.53,0
2019,China,2,Manufacturing,Small,54,2.02,84.2,46.9,15.42,Low,13.53,1.8900000000000006,13.53,1
2020,China,2,Manufacturing,Small,56,1.58,81.3,80.8,29.12,Low,15.42,13.700000000000001,14.475,2
2021,China,2,Manufacturing,Small,64,1.99,74.4,65.0,33.5,Medium,29.12,4.379999999999999,19.356666666666666,3
2022,China,2,Manufacturing,Small,34,1.79,91.0,65.1,43.25,Medium,33.5,9.75,26.013333333333332,4
2023,China,2,Manufacturing,Small,12,2.15,79.3,69.0,56.45,High,43.25,13.200000000000003,35.29,5
2024,China,2,Manufacturing,Small,96,1.76,88.0,67.4,66.84,High,56.45,10.39,44.4,6
2025,China,2,Manufacturing,Small,41,1.89,91.4,67.4,73.31,High,66.84,6.469999999999999,55.51333333333333,7
2018,China,2,Media & Entertainment,Large,1393,1.74,91.1,83.1,55.29,High,55.29,0.0,55.29,0
2019,China,2,Media & Entertainment,Large,42098,2.03,86.5,78.1,57.89,High,55.29,2.6000000000000014,55.29,1
2020,China,2,Media & Entertainment,Large,32241,2.31,59.5,67.6,63.44,High,57.89,5.549999999999997,56.59,2
2021,China,2,Media & Entertainment,Large,22037,1.45,69.1,55.4,77.06,High,63.44,13.620000000000005,58.873333333333335,3
2022,China,2,Media & Entertainment,Large,45288,2.22,82.6,77.4,83.13,High,77.06,6.069999999999993,66.13000000000001,4
2023,China,2,Media & Entertainment,Large,21804,2.39,86.3,60.8,82.92,High,83.13,-0.20999999999999375,74.54333333333334,5
2024,China,2,Media & Entertainment,Large,28584,2.38,79.9,74.3,91.95,High,82.92,9.030000000000001,81.03666666666668,6
2025,China,2,Media & Entertainment,Large,37258,2.09,64.9,64.0,96.58,High,91.95,4.6299999999999955,86.0,7
2018,China,2,Media & Entertainment,Medium,647,2.07,81.2,81.0,35.55,Medium,35.55,0.0,35.55,0
2019,China,2,Media & Entertainment,Medium,896,2.1,58.7,80.3,49.66,Medium,35.55,14.11,35.55,1
2020,China,2,Media & Entertainment,Medium,687,1.77,75.8,75.3,53.52,Medium,49.66,3.8600000000000065,42.605,2
2021,China,2,Media & Entertainment,Medium,130,1.93,80.3,64.5,58.71,High,53.52,5.189999999999998,46.24333333333333,3
2022,China,2,Media & Entertainment,Medium,515,1.46,76.8,62.0,56.39,High,58.71,-2.3200000000000003,53.96333333333333,4
2023,China,2,Media & Entertainment,Medium,107,1.13,62.9,81.8,73.18,High,56.39,16.790000000000006,56.20666666666667,5
2024,China,2,Media & Entertainment,Medium,599,2.18,75.1,88.2,78.02,High,73.18,4.839999999999989,62.76,6
2025,China,2,Media & Entertainment,Medium,280,1.71,68.7,72.3,91.03,High,78.02,13.010000000000005,69.19666666666666,7
2018,China,2,Media & Entertainment,Small,22,2.4,87.9,79.4,14.94,Low,14.94,0.0,14.94,0
2019,China,2,Media & Entertainment,Small,80,1.68,69.9,86.3,24.99,Low,14.94,10.049999999999999,14.94,1
2020,China,2,Media & Entertainment,Small,35,1.46,73.4,59.5,35.04,Medium,24.99,10.05,19.965,2
2021,China,2,Media & Entertainment,Small,81,1.0,73.3,66.6,36.14,Medium,35.04,1.1000000000000014,24.99,3
2022,China,2,Media & Entertainment,Small,11,2.19,91.2,70.7,42.66,Medium,36.14,6.519999999999996,32.056666666666665,4
2023,China,2,Media & Entertainment,Small,92,1.78,82.8,86.6,53.03,Medium,42.66,10.370000000000005,37.94666666666666,5
2024,China,2,Media & Entertainment,Small,84,1.36,72.9,64.7,65.03,High,53.03,12.0,43.94333333333333,6
2025,China,2,Media & Entertainment,Small,34,1.92,83.1,71.9,64.68,High,65.03,-0.3499999999999943,53.57333333333332,7
2018,China,2,Retail,Large,5307,2.07,74.4,77.8,44.86,Medium,44.86,0.0,44.86,0
2019,China,2,Retail,Large,33726,2.42,83.3,72.4,52.48,Medium,44.86,7.619999999999997,44.86,1
2020,China,2,Retail,Large,47154,1.93,79.4,77.3,51.31,Medium,52.48,-1.1699999999999946,48.67,2
2021,China,2,Retail,Large,30341,1.58,64.6,77.3,66.04,High,51.31,14.730000000000004,49.550000000000004,3
2022,China,2,Retail,Large,7255,2.31,73.9,62.8,66.73,High,66.04,0.6899999999999977,56.60999999999999,4
2023,China,2,Retail,Large,7307,1.78,66.1,48.7,77.52,High,66.73,10.789999999999992,61.36000000000001,5
2024,China,2,Retail,Large,18332,1.74,73.5,87.9,91.63,High,77.52,14.11,70.09666666666668,6
2025,China,2,Retail,Large,8506,1.81,70.9,77.7,97.0,High,91.63,5.3700000000000045,78.62666666666667,7
2018,China,2,Retail,Medium,330,1.48,80.1,81.4,27.27,Low,27.27,0.0,27.27,0
2019,China,2,Retail,Medium,109,2.13,71.9,72.0,31.55,Medium,27.27,4.280000000000001,27.27,1
2020,China,2,Retail,Medium,516,2.24,66.8,71.8,37.71,Medium,31.55,6.16,29.41,2
2021,China,2,Retail,Medium,615,2.27,66.4,80.5,46.35,Medium,37.71,8.64,32.17666666666667,3
2022,China,2,Retail,Medium,876,2.11,73.0,63.4,53.95,Medium,46.35,7.600000000000001,38.53666666666667,4
2023,China,2,Retail,Medium,159,1.94,79.9,68.8,57.87,High,53.95,3.9199999999999946,46.00333333333333,5
2024,China,2,Retail,Medium,787,1.74,78.4,70.6,68.54,High,57.87,10.670000000000009,52.723333333333336,6
2025,China,2,Retail,Medium,682,1.9,79.2,68.1,79.4,High,68.54,10.86,60.120000000000005,7
2018,China,2,Retail,Small,14,1.71,80.8,62.5,22.24,Low,22.24,0.0,22.24,0
2019,China,2,Retail,Small,15,1.64,74.7,72.9,18.66,Low,22.24,-3.5799999999999983,22.24,1
2020,China,2,Retail,Small,72,2.06,73.7,77.1,27.11,Low,18.66,8.45,20.45,2
2021,China,2,Retail,Small,94,1.44,80.2,58.9,30.84,Medium,27.11,3.7300000000000004,22.669999999999998,3
2022,China,2,Retail,Small,81,2.31,91.0,70.8,39.41,Medium,30.84,8.569999999999997,25.536666666666665,4
2023,China,2,Retail,Small,60,1.76,76.0,59.9,57.92,High,39.41,18.510000000000005,32.453333333333326,5
2024,China,2,Retail,Small,65,2.12,92.9,60.8,54.18,Medium,57.92,-3.740000000000002,42.72333333333333,6
2025,China,2,Retail,Small,68,1.94,89.1,66.6,68.63,High,54.18,14.449999999999996,50.50333333333333,7
2018,China,2,Technology,Large,21760,1.83,95.1,68.9,68.02,High,68.02,0.0,68.02,0
2019,China,2,Technology,Large,40278,1.85,89.4,50.7,80.5,High,68.02,12.480000000000004,68.02,1
2020,China,2,Technology,Large,9330,2.05,78.9,67.2,82.58,High,80.5,2.0799999999999983,74.25999999999999,2
2021,China,2,Technology,Large,49716,2.0,75.3,70.4,97.0,High,82.58,14.420000000000002,77.03333333333333,3
2022,China,2,Technology,Large,39912,2.09,58.2,75.3,94.28,High,97.0,-2.719999999999999,86.69333333333333,4
2023,China,2,Technology,Large,47032,1.73,79.6,61.6,97.0,High,94.28,2.719999999999999,91.28666666666668,5
2024,China,2,Technology,Large,25061,2.14,88.8,87.6,97.0,High,97.0,0.0,96.09333333333332,6
2025,China,2,Technology,Large,31886,1.89,86.8,80.5,97.0,High,97.0,0.0,96.09333333333332,7
2018,China,2,Technology,Medium,737,2.46,79.9,68.0,39.67,Medium,39.67,0.0,39.67,0
2019,China,2,Technology,Medium,239,2.18,70.2,100.0,55.41,High,39.67,15.739999999999995,39.67,1
2020,China,2,Technology,Medium,924,1.67,75.0,60.0,53.02,Medium,55.41,-2.3899999999999935,47.54,2
2021,China,2,Technology,Medium,822,1.79,72.6,72.6,68.71,High,53.02,15.68999999999999,49.36666666666667,3
2022,China,2,Technology,Medium,138,1.4,86.9,47.6,71.12,High,68.71,2.410000000000011,59.04666666666666,4
2023,China,2,Technology,Medium,386,2.16,89.0,85.6,89.67,High,71.12,18.549999999999997,64.28333333333335,5
2024,China,2,Technology,Medium,365,1.5,83.7,90.0,86.07,High,89.67,-3.6000000000000085,76.5,6
2025,China,2,Technology,Medium,873,1.91,81.3,76.5,92.93,High,86.07,6.860000000000014,82.28666666666668,7
2018,China,2,Technology,Small,86,1.78,64.6,83.9,28.11,Low,28.11,0.0,28.11,0
2019,China,2,Technology,Small,47,1.44,99.0,81.1,33.56,Medium,28.11,5.450000000000003,28.11,1
2020,China,2,Technology,Small,77,1.6,78.1,85.3,43.33,Medium,33.56,9.769999999999996,30.835,2
2021,China,2,Technology,Small,67,1.76,83.9,84.9,51.79,Medium,43.33,8.46,35.0,3
2022,China,2,Technology,Small,47,1.95,53.0,70.8,51.47,Medium,51.79,-0.3200000000000003,42.89333333333334,4
2023,China,2,Technology,Small,94,1.59,88.0,80.7,60.94,High,51.47,9.469999999999999,48.86333333333334,5
2024,China,2,Technology,Small,56,1.38,78.7,72.4,77.4,High,60.94,16.460000000000008,54.73333333333333,6
2025,China,2,Technology,Small,40,1.94,92.9,72.6,81.09,High,77.4,3.6899999999999977,63.27,7
2018,Egypt,1,Agriculture,Large,23447,1.43,57.0,42.0,2.03,Low,2.03,0.0,2.03,0
2019,Egypt,1,Agriculture,Large,28007,0.9,55.0,57.0,7.69,Low,2.03,5.66,2.03,1
2020,Egypt,1,Agriculture,Large,48049,0.8,66.6,46.3,9.08,Low,7.69,1.3899999999999997,4.86,2
2021,Egypt,1,Agriculture,Large,11160,1.38,53.7,51.8,24.59,Low,9.08,15.51,6.266666666666666,3
2022,Egypt,1,Agriculture,Large,29424,1.49,64.5,25.3,28.63,Low,24.59,4.039999999999999,13.786666666666667,4
2023,Egypt,1,Agriculture,Large,35880,0.88,69.4,40.1,41.63,Medium,28.63,13.000000000000004,20.766666666666666,5
2024,Egypt,1,Agriculture,Large,24968,0.59,61.1,46.6,46.01,Medium,41.63,4.3799999999999955,31.61666666666667,6
2025,Egypt,1,Agriculture,Large,33451,1.04,65.6,52.2,60.56,High,46.01,14.550000000000004,38.75666666666667,7
2018,Egypt,1,Agriculture,Medium,521,0.82,66.6,27.5,2.0,Low,2.0,0.0,2.0,0
2019,Egypt,1,Agriculture,Medium,157,1.22,57.1,52.5,2.42,Low,2.0,0.41999999999999993,2.0,1
2020,Egypt,1,Agriculture,Medium,663,1.38,64.3,49.4,13.74,Low,2.42,11.32,2.21,2
2021,Egypt,1,Agriculture,Medium,678,1.53,51.9,41.8,13.31,Low,13.74,-0.4299999999999997,6.053333333333334,3
2022,Egypt,1,Agriculture,Medium,235,0.88,56.3,30.5,25.3,Low,13.31,11.99,9.823333333333332,4
2023,Egypt,1,Agriculture,Medium,553,1.22,63.7,39.9,33.97,Medium,25.3,8.669999999999998,17.45,5
2024,Egypt,1,Agriculture,Medium,361,1.2,47.6,30.8,37.13,Medium,33.97,3.1600000000000037,24.19333333333333,6
2025,Egypt,1,Agriculture,Medium,901,1.19,80.2,44.5,50.0,Medium,37.13,12.869999999999997,32.13333333333333,7
2018,Egypt,1,Agriculture,Small,64,1.51,57.5,37.3,2.0,Low,2.0,0.0,2.0,0
2019,Egypt,1,Agriculture,Small,84,1.41,54.1,44.4,2.0,Low,2.0,0.0,2.0,1
2020,Egypt,1,Agriculture,Small,18,0.81,72.2,46.9,3.67,Low,2.0,1.67,2.0,2
2021,Egypt,1,Agriculture,Small,65,1.5,43.3,46.0,6.3,Low,3.67,2.63,2.5566666666666666,3
2022,Egypt,1,Agriculture,Small,80,1.23,69.6,40.1,14.33,Low,6.3,8.030000000000001,3.9899999999999998,4
2023,Egypt,1,Agriculture,Small,50,1.26,51.7,52.4,22.6,Low,14.33,8.270000000000001,8.1,5
2024,Egypt,1,Agriculture,Small,31,1.23,39.0,66.1,28.74,Low,22.6,6.139999999999997,14.410000000000002,6
2025,Egypt,1,Agriculture,Small,85,0.97,60.0,37.0,48.75,Medium,28.74,20.01,21.89,7
2018,Egypt,1,Automotive,Large,1461,1.09,61.8,48.7,21.83,Low,21.83,0.0,21.83,0
2019,Egypt,1,Automotive,Large,9040,1.04,76.8,70.2,26.7,Low,21.83,4.870000000000001,21.83,1
2020,Egypt,1,Automotive,Large,19868,0.98,56.7,40.2,44.02,Medium,26.7,17.320000000000004,24.265,2
2021,Egypt,1,Automotive,Large,23385,0.97,73.5,58.1,38.3,Medium,44.02,-5.720000000000006,30.849999999999998,3
2022,Egypt,1,Automotive,Large,28861,1.61,77.7,61.8,49.61,Medium,38.3,11.310000000000002,36.339999999999996,4
2023,Egypt,1,Automotive,Large,35045,0.65,54.8,42.0,60.45,High,49.61,10.840000000000003,43.97666666666667,5
2024,Egypt,1,Automotive,Large,21570,0.83,59.3,40.9,68.36,High,60.45,7.909999999999997,49.45333333333334,6
2025,Egypt,1,Automotive,Large,41698,0.82,59.2,52.1,77.46,High,68.36,9.099999999999994,59.473333333333336,7
2018,Egypt,1,Automotive,Medium,763,1.01,54.2,57.7,15.83,Low,15.83,0.0,15.83,0
2019,Egypt,1,Automotive,Medium,506,1.6,60.1,57.0,16.3,Low,15.83,0.47000000000000064,15.83,1
2020,Egypt,1,Automotive,Medium,682,1.79,71.8,55.8,22.83,Low,16.3,6.529999999999998,16.065,2
2021,Egypt,1,Automotive,Medium,531,0.85,61.2,48.6,37.06,Medium,22.83,14.230000000000004,18.319999999999997,3
2022,Egypt,1,Automotive,Medium,707,1.38,71.7,58.1,27.98,Low,37.06,-9.080000000000002,25.396666666666665,4
2023,Egypt,1,Automotive,Medium,910,1.0,52.8,32.0,48.83,Medium,27.98,20.849999999999998,29.289999999999996,5
2024,Egypt,1,Automotive,Medium,332,1.19,44.8,47.8,67.47,High,48.83,18.64,37.95666666666666,6
2025,Egypt,1,Automotive,Medium,667,0.75,47.3,44.2,67.17,High,67.47,-0.29999999999999716,48.09333333333333,7
2018,Egypt,1,Automotive,Small,76,0.62,51.9,34.4,2.0,Low,2.0,0.0,2.0,0
2019,Egypt,1,Automotive,Small,40,1.44,56.1,44.1,6.36,Low,2.0,4.36,2.0,1
2020,Egypt,1,Automotive,Small,22,1.0,37.5,50.7,15.76,Low,6.36,9.399999999999999,4.18,2
2021,Egypt,1,Automotive,Small,63,1.46,70.5,46.8,22.98,Low,15.76,7.220000000000001,8.040000000000001,3
2022,Egypt,1,Automotive,Small,34,1.23,55.0,54.2,31.58,Medium,22.98,8.599999999999998,15.033333333333333,4
2023,Egypt,1,Automotive,Small,96,1.18,65.3,62.8,48.32,Medium,31.58,16.740000000000002,23.439999999999998,5
2024,Egypt,1,Automotive,Small,75,1.3,61.0,46.9,48.0,Medium,48.32,-0.3200000000000003,34.29333333333333,6
2025,Egypt,1,Automotive,Small,14,0.48,74.5,50.4,61.17,High,48.0,13.170000000000002,42.63333333333333,7
2018,Egypt,1,Education,Large,7534,1.35,59.9,62.3,6.29,Low,6.29,0.0,6.29,0
2019,Egypt,1,Education,Large,4067,1.19,66.8,38.0,26.19,Low,6.29,19.900000000000002,6.29,1
2020,Egypt,1,Education,Large,6919,1.15,66.3,50.8,30.47,Medium,26.19,4.279999999999998,16.240000000000002,2
2021,Egypt,1,Education,Large,14996,0.98,59.1,37.0,34.06,Medium,30.47,3.5900000000000034,20.983333333333334,3
2022,Egypt,1,Education,Large,14746,0.96,49.5,48.1,50.13,Medium,34.06,16.07,30.24,4
2023,Egypt,1,Education,Large,13041,1.47,40.0,62.8,51.09,Medium,50.13,0.9600000000000009,38.220000000000006,5
2024,Egypt,1,Education,Large,35353,1.1,47.6,39.4,54.31,Medium,51.09,3.219999999999999,45.09333333333334,6
2025,Egypt,1,Education,Large,18129,1.21,51.6,48.7,71.61,High,54.31,17.299999999999997,51.84333333333334,7
2018,Egypt,1,Education,Medium,516,1.48,56.6,49.8,2.0,Low,2.0,0.0,2.0,0
2019,Egypt,1,Education,Medium,967,1.22,54.5,53.6,19.08,Low,2.0,17.08,2.0,1
2020,Egypt,1,Education,Medium,905,1.73,60.6,68.9,23.22,Low,19.08,4.140000000000001,10.54,2
2021,Egypt,1,Education,Medium,435,1.24,52.7,51.2,17.37,Low,23.22,-5.849999999999998,14.766666666666666,3
2022,Egypt,1,Education,Medium,674,1.34,64.4,62.6,38.69,Medium,17.37,21.319999999999997,19.89,4
2023,Egypt,1,Education,Medium,866,1.08,61.0,71.1,42.21,Medium,38.69,3.520000000000003,26.426666666666666,5
2024,Egypt,1,Education,Medium,954,0.86,63.9,61.4,41.18,Medium,42.21,-1.0300000000000011,32.75666666666667,6
2025,Egypt,1,Education,Medium,744,1.17,53.6,31.7,62.17,High,41.18,20.990000000000002,40.693333333333335,7
2018,Egypt,1,Education,Small,11,0.8,68.8,49.0,2.0,Low,2.0,0.0,2.0,0
2019,Egypt,1,Education,Small,22,1.17,61.5,39.6,5.83,Low,2.0,3.83,2.0,1
2020,Egypt,1,Education,Small,16,1.82,56.1,57.9,7.37,Low,5.83,1.54,3.915,2
2021,Egypt,1,Education,Small,55,1.41,65.7,41.1,16.56,Low,7.37,9.189999999999998,5.066666666666666,3
2022,Egypt,1,Education,Small,8,1.61,53.3,43.0,32.08,Medium,16.56,15.52,9.92,4
2023,Egypt,1,Education,Small,12,1.49,56.9,49.3,36.66,Medium,32.08,4.579999999999998,18.669999999999998,5
2024,Egypt,1,Education,Small,60,1.03,70.9,26.0,47.77,Medium,36.66,11.110000000000007,28.433333333333326,6
2025,Egypt,1,Education,Small,35,1.22,64.4,40.0,45.21,Medium,47.77,-2.5600000000000023,38.836666666666666,7
2018,Egypt,1,Financial Services,Large,5273,0.89,57.7,48.7,28.8,Low,28.8,0.0,28.8,0
2019,Egypt,1,Financial Services,Large,27359,1.89,70.3,51.9,34.12,Medium,28.8,5.319999999999997,28.8,1
2020,Egypt,1,Financial Services,Large,8122,1.16,70.7,21.4,37.4,Medium,34.12,3.280000000000001,31.46,2
2021,Egypt,1,Financial Services,Large,13710,1.37,57.9,50.3,49.24,Medium,37.4,11.840000000000003,33.44,3
2022,Egypt,1,Financial Services,Large,2172,1.59,71.5,35.0,57.6,High,49.24,8.36,40.25333333333333,4
2023,Egypt,1,Financial Services,Large,7542,1.47,70.2,43.1,66.21,High,57.6,8.609999999999992,48.080000000000005,5
2024,Egypt,1,Financial Services,Large,21869,1.47,44.8,36.9,72.75,High,66.21,6.540000000000006,57.68333333333333,6
2025,Egypt,1,Financial Services,Large,31279,1.46,61.5,65.2,75.14,High,72.75,2.3900000000000006,65.52,7
2018,Egypt,1,Financial Services,Medium,834,1.01,54.0,41.0,16.19,Low,16.19,0.0,16.19,0
2019,Egypt,1,Financial Services,Medium,534,1.08,68.7,52.7,26.92,Low,16.19,10.73,16.19,1
2020,Egypt,1,Financial Services,Medium,807,0.71,53.9,48.5,30.43,Medium,26.92,3.509999999999998,21.555,2
2021,Egypt,1,Financial Services,Medium,489,1.28,61.5,57.6,39.3,Medium,30.43,8.869999999999997,24.513333333333335,3
2022,Egypt,1,Financial Services,Medium,360,1.26,53.3,32.3,36.03,Medium,39.3,-3.269999999999996,32.21666666666667,4
2023,Egypt,1,Financial Services,Medium,726,1.35,68.9,43.3,52.93,Medium,36.03,16.9,35.25333333333334,5
2024,Egypt,1,Financial Services,Medium,926,1.57,55.6,60.2,63.45,High,52.93,10.520000000000003,42.75333333333333,6
2025,Egypt,1,Financial Services,Medium,876,0.86,66.4,44.4,64.49,High,63.45,1.039999999999992,50.803333333333335,7
2018,Egypt,1,Financial Services,Small,78,1.11,59.2,61.8,2.0,Low,2.0,0.0,2.0,0
2019,Egypt,1,Financial Services,Small,58,1.25,63.6,56.3,21.86,Low,2.0,19.86,2.0,1
2020,Egypt,1,Financial Services,Small,22,0.83,57.7,46.6,23.25,Low,21.86,1.3900000000000006,11.93,2
2021,Egypt,1,Financial Services,Small,14,0.94,46.1,39.4,30.82,Medium,23.25,7.57,15.703333333333333,3
2022,Egypt,1,Financial Services,Small,55,0.91,63.2,50.1,36.13,Medium,30.82,5.310000000000002,25.310000000000002,4
2023,Egypt,1,Financial Services,Small,51,1.14,53.8,77.7,39.37,Medium,36.13,3.239999999999995,30.066666666666666,5
2024,Egypt,1,Financial Services,Small,54,0.88,59.6,53.2,66.82,High,39.37,27.449999999999996,35.44,6
2025,Egypt,1,Financial Services,Small,88,1.34,59.3,73.3,58.99,High,66.82,-7.829999999999991,47.44,7
2018,Egypt,1,Gaming,Large,14061,0.77,58.5,75.3,33.03,Medium,33.03,0.0,33.03,0
2019,Egypt,1,Gaming,Large,47515,0.97,57.4,48.1,30.08,Medium,33.03,-2.950000000000003,33.03,1
2020,Egypt,1,Gaming,Large,8668,1.43,51.8,72.9,45.27,Medium,30.08,15.190000000000005,31.555,2
2021,Egypt,1,Gaming,Large,42028,1.15,68.0,68.9,53.97,Medium,45.27,8.699999999999996,36.126666666666665,3
2022,Egypt,1,Gaming,Large,20503,0.93,57.3,54.2,54.31,Medium,53.97,0.3400000000000034,43.10666666666666,4
2023,Egypt,1,Gaming,Large,27125,1.33,60.0,40.4,72.76,High,54.31,18.450000000000003,51.18333333333334,5
2024,Egypt,1,Gaming,Large,16737,0.93,61.0,61.7,74.4,High,72.76,1.6400000000000006,60.346666666666664,6
2025,Egypt,1,Gaming,Large,10353,0.92,71.3,61.4,97.0,High,74.4,22.599999999999994,67.15666666666667,7
2018,Egypt,1,Gaming,Medium,641,0.92,65.8,58.8,10.41,Low,10.41,0.0,10.41,0
2019,Egypt,1,Gaming,Medium,689,1.43,70.0,59.5,27.24,Low,10.41,16.83,10.41,1
2020,Egypt,1,Gaming,Medium,270,0.98,69.6,40.2,30.74,Medium,27.24,3.5,18.825,2
2021,Egypt,1,Gaming,Medium,735,0.98,50.4,44.2,33.39,Medium,30.74,2.650000000000002,22.796666666666667,3
2022,Egypt,1,Gaming,Medium,814,1.41,62.8,63.3,36.28,Medium,33.39,2.8900000000000006,30.456666666666667,4
2023,Egypt,1,Gaming,Medium,715,1.45,69.1,39.8,53.37,Medium,36.28,17.089999999999996,33.47,5
2024,Egypt,1,Gaming,Medium,725,1.05,58.0,35.0,53.65,Medium,53.37,0.28000000000000114,41.01333333333333,6
2025,Egypt,1,Gaming,Medium,931,1.26,61.4,51.7,77.93,High,53.65,24.28000000000001,47.76666666666667,7
2018,Egypt,1,Gaming,Small,89,1.38,46.3,55.5,10.55,Low,10.55,0.0,10.55,0
2019,Egypt,1,Gaming,Small,71,0.84,58.2,38.5,13.69,Low,10.55,3.139999999999999,10.55,1
2020,Egypt,1,Gaming,Small,67,1.2,65.4,58.3,21.07,Low,13.69,7.380000000000001,12.120000000000001,2
2021,Egypt,1,Gaming,Small,22,1.37,66.1,49.8,32.39,Medium,21.07,11.32,15.103333333333333,3
2022,Egypt,1,Gaming,Small,74,1.1,76.8,59.6,32.96,Medium,32.39,0.5700000000000003,22.383333333333336,4
2023,Egypt,1,Gaming,Small,49,1.15,58.9,46.2,39.5,Medium,32.96,6.539999999999999,28.80666666666667,5
2024,Egypt,1,Gaming,Small,55,0.94,59.3,46.0,56.73,High,39.5,17.229999999999997,34.949999999999996,6
2025,Egypt,1,Gaming,Small,46,1.06,50.2,48.7,61.11,High,56.73,4.380000000000003,43.06333333333333,7
2018,Egypt,1,Government,Large,45724,1.38,59.5,22.7,15.54,Low,15.54,0.0,15.54,0
2019,Egypt,1,Government,Large,44653,0.51,61.6,52.1,20.13,Low,15.54,4.59,15.54,1
2020,Egypt,1,Government,Large,19526,0.89,59.1,49.4,21.81,Low,20.13,1.6799999999999997,17.835,2
2021,Egypt,1,Government,Large,26000,1.38,74.1,38.3,30.71,Medium,21.81,8.900000000000002,19.16,3
2022,Egypt,1,Government,Large,38062,0.58,66.3,38.5,33.41,Medium,30.71,2.6999999999999957,24.21666666666667,4
2023,Egypt,1,Government,Large,1824,1.33,60.2,46.1,36.83,Medium,33.41,3.4200000000000017,28.643333333333334,5
2024,Egypt,1,Government,Large,15812,1.51,56.1,43.2,61.79,High,36.83,24.96,33.65,6
2025,Egypt,1,Government,Large,45504,0.99,70.6,31.8,57.16,High,61.79,-4.630000000000003,44.00999999999999,7
2018,Egypt,1,Government,Medium,199,1.2,66.8,28.6,2.0,Low,2.0,0.0,2.0,0
2019,Egypt,1,Government,Medium,755,1.54,54.7,24.5,4.77,Low,2.0,2.7699999999999996,2.0,1
2020,Egypt,1,Government,Medium,211,0.82,71.1,49.6,8.13,Low,4.77,3.360000000000001,3.385,2
2021,Egypt,1,Government,Medium,430,0.86,52.9,40.2,15.61,Low,8.13,7.479999999999999,4.966666666666667,3
2022,Egypt,1,Government,Medium,509,1.21,72.7,25.8,30.79,Medium,15.61,15.18,9.503333333333332,4
2023,Egypt,1,Government,Medium,765,1.45,60.8,64.5,31.97,Medium,30.79,1.1799999999999997,18.176666666666666,5
2024,Egypt,1,Government,Medium,534,1.09,68.5,48.6,54.71,Medium,31.97,22.740000000000002,26.12333333333333,6
2025,Egypt,1,Government,Medium,514,1.09,44.2,42.8,53.17,Medium,54.71,-1.5399999999999991,39.156666666666666,7
2018,Egypt,1,Government,Small,72,1.0,53.2,40.7,2.0,Low,2.0,0.0,2.0,0
2019,Egypt,1,Government,Small,81,1.0,77.1,39.7,2.0,Low,2.0,0.0,2.0,1
2020,Egypt,1,Government,Small,83,1.34,69.9,59.4,11.3,Low,2.0,9.3,2.0,2
2021,Egypt,1,Government,Small,9,0.8,58.8,51.3,13.71,Low,11.3,2.41,5.1000000000000005,3
2022,Egypt,1,Government,Small,62,1.28,55.3,44.8,18.68,Low,13.71,4.969999999999999,9.003333333333334,4
2023,Egypt,1,Government,Small,18,1.68,65.4,40.1,33.1,Medium,18.68,14.420000000000002,14.563333333333333,5
2024,Egypt,1,Government,Small,60,0.94,60.2,47.5,27.34,Low,33.1,-5.760000000000002,21.830000000000002,6
2025,Egypt,1,Government,Small,14,0.91,62.6,58.2,48.64,Medium,27.34,21.3,26.373333333333335,7
2018,Egypt,1,Healthcare,Large,19558,1.54,62.7,55.4,24.78,Low,24.78,0.0,24.78,0
2019,Egypt,1,Healthcare,Large,10345,1.19,47.6,63.6,27.99,Low,24.78,3.2099999999999973,24.78,1
2020,Egypt,1,Healthcare,Large,18827,1.19,61.0,45.3,41.29,Medium,27.99,13.3,26.384999999999998,2
2021,Egypt,1,Healthcare,Large,31306,1.22,53.2,45.6,39.03,Medium,41.29,-2.259999999999998,31.353333333333335,3
2022,Egypt,1,Healthcare,Large,48958,1.87,55.2,43.8,44.83,Medium,39.03,5.799999999999997,36.10333333333333,4
2023,Egypt,1,Healthcare,Large,36239,0.93,56.6,41.5,56.14,High,44.83,11.310000000000002,41.71666666666667,5
2024,Egypt,1,Healthcare,Large,23065,1.82,68.9,50.0,77.34,High,56.14,21.200000000000003,46.666666666666664,6
2025,Egypt,1,Healthcare,Large,47954,1.09,72.9,69.3,75.37,High,77.34,-1.9699999999999989,59.43666666666667,7
2018,Egypt,1,Healthcare,Medium,899,1.39,64.7,54.2,15.83,Low,15.83,0.0,15.83,0
2019,Egypt,1,Healthcare,Medium,701,1.28,65.1,40.6,29.47,Low,15.83,13.639999999999999,15.83,1
2020,Egypt,1,Healthcare,Medium,209,1.51,75.0,38.2,21.04,Low,29.47,-8.43,22.65,2
2021,Egypt,1,Healthcare,Medium,951,0.45,71.1,48.7,30.44,Medium,21.04,9.400000000000002,22.113333333333333,3
2022,Egypt,1,Healthcare,Medium,609,0.86,72.1,70.3,34.44,Medium,30.44,3.9999999999999964,26.983333333333334,4
2023,Egypt,1,Healthcare,Medium,442,1.52,62.8,38.1,46.69,Medium,34.44,12.25,28.64,5
2024,Egypt,1,Healthcare,Medium,923,1.21,69.3,63.1,53.15,Medium,46.69,6.460000000000001,37.19,6
2025,Egypt,1,Healthcare,Medium,890,1.41,67.5,50.2,70.04,High,53.15,16.890000000000008,44.76,7
2018,Egypt,1,Healthcare,Small,23,1.47,51.1,33.7,2.0,Low,2.0,0.0,2.0,0
2019,Egypt,1,Healthcare,Small,26,0.47,65.7,59.6,7.78,Low,2.0,5.78,2.0,1
2020,Egypt,1,Healthcare,Small,12,1.52,59.2,37.0,20.52,Low,7.78,12.739999999999998,4.890000000000001,2
2021,Egypt,1,Healthcare,Small,90,2.01,57.4,55.0,9.25,Low,20.52,-11.27,10.1,3
2022,Egypt,1,Healthcare,Small,88,0.77,57.2,41.2,33.31,Medium,9.25,24.060000000000002,12.516666666666666,4
2023,Egypt,1,Healthcare,Small,28,1.12,67.3,55.4,34.8,Medium,33.31,1.4899999999999949,21.026666666666667,5
2024,Egypt,1,Healthcare,Small,84,1.55,68.3,55.2,55.85,High,34.8,21.050000000000004,25.786666666666665,6
2025,Egypt,1,Healthcare,Small,75,1.54,67.5,43.3,58.08,High,55.85,2.229999999999997,41.32,7
2018,Egypt,1,Legal,Large,40029,1.04,43.9,32.6,12.6,Low,12.6,0.0,12.6,0
2019,Egypt,1,Legal,Large,15265,0.76,58.5,45.7,9.97,Low,12.6,-2.629999999999999,12.6,1
2020,Egypt,1,Legal,Large,26394,1.2,53.9,40.7,25.32,Low,9.97,15.35,11.285,2
2021,Egypt,1,Legal,Large,12120,0.6,57.5,49.6,36.83,Medium,25.32,11.509999999999998,15.963333333333333,3
2022,Egypt,1,Legal,Large,25253,1.16,57.4,31.7,37.24,Medium,36.83,0.4100000000000037,24.040000000000003,4
2023,Egypt,1,Legal,Large,43360,1.32,53.8,43.0,53.06,Medium,37.24,15.82,33.13,5
2024,Egypt,1,Legal,Large,9666,1.29,64.2,54.4,50.15,Medium,53.06,-2.9100000000000037,42.376666666666665,6
2025,Egypt,1,Legal,Large,24065,0.86,62.9,39.9,69.65,High,50.15,19.500000000000007,46.81666666666667,7
2018,Egypt,1,Legal,Medium,175,1.42,55.8,27.9,5.36,Low,5.36,0.0,5.36,0
2019,Egypt,1,Legal,Medium,428,1.51,61.5,39.7,2.0,Low,5.36,-3.3600000000000003,5.36,1
2020,Egypt,1,Legal,Medium,388,1.05,58.6,43.3,8.32,Low,2.0,6.32,3.68,2
2021,Egypt,1,Legal,Medium,221,1.24,64.1,45.6,24.05,Low,8.32,15.73,5.226666666666667,3
2022,Egypt,1,Legal,Medium,517,1.35,81.0,52.9,22.09,Low,24.05,-1.9600000000000009,11.456666666666669,4
2023,Egypt,1,Legal,Medium,177,1.36,57.9,53.9,41.3,Medium,22.09,19.209999999999997,18.153333333333332,5
2024,Egypt,1,Legal,Medium,732,0.62,61.2,41.3,39.87,Medium,41.3,-1.4299999999999997,29.146666666666665,6
2025,Egypt,1,Legal,Medium,957,1.73,58.3,63.4,55.97,High,39.87,16.1,34.419999999999995,7
2018,Egypt,1,Legal,Small,95,1.08,53.6,45.8,2.0,Low,2.0,0.0,2.0,0
2019,Egypt,1,Legal,Small,80,0.91,63.1,39.7,6.5,Low,2.0,4.5,2.0,1
2020,Egypt,1,Legal,Small,70,1.91,59.7,36.0,14.53,Low,6.5,8.03,4.25,2
2021,Egypt,1,Legal,Small,41,1.04,56.6,70.0,10.49,Low,14.53,-4.039999999999999,7.676666666666667,3
2022,Egypt,1,Legal,Small,94,1.32,48.5,50.4,27.04,Low,10.49,16.549999999999997,10.506666666666666,4
2023,Egypt,1,Legal,Small,63,2.02,70.8,47.2,36.54,Medium,27.04,9.5,17.353333333333335,5
2024,Egypt,1,Legal,Small,69,1.03,63.2,43.6,35.68,Medium,36.54,-0.8599999999999994,24.689999999999998,6
2025,Egypt,1,Legal,Small,89,0.83,66.3,63.7,45.68,Medium,35.68,10.0,33.086666666666666,7
2018,Egypt,1,Manufacturing,Large,45919,1.33,74.5,74.9,27.79,Low,27.79,0.0,27.79,0
2019,Egypt,1,Manufacturing,Large,3525,1.36,61.4,46.4,32.04,Medium,27.79,4.25,27.79,1
2020,Egypt,1,Manufacturing,Large,23368,1.19,67.1,59.5,30.11,Medium,32.04,-1.9299999999999997,29.915,2
2021,Egypt,1,Manufacturing,Large,27453,1.1,39.5,63.4,43.24,Medium,30.11,13.130000000000003,29.98,3
2022,Egypt,1,Manufacturing,Large,17619,1.98,63.2,39.8,57.0,High,43.24,13.759999999999998,35.13,4
2023,Egypt,1,Manufacturing,Large,19049,0.9,55.8,53.3,58.12,High,57.0,1.1199999999999974,43.449999999999996,5
2024,Egypt,1,Manufacturing,Large,21709,1.2,45.4,67.9,71.83,High,58.12,13.71,52.78666666666667,6
2025,Egypt,1,Manufacturing,Large,37599,0.68,56.5,53.9,81.06,High,71.83,9.230000000000004,62.31666666666666,7
2018,Egypt,1,Manufacturing,Medium,809,1.72,68.0,34.6,11.26,Low,11.26,0.0,11.26,0
2019,Egypt,1,Manufacturing,Medium,392,0.68,44.8,48.3,16.04,Low,11.26,4.779999999999999,11.26,1
2020,Egypt,1,Manufacturing,Medium,759,1.05,62.7,63.8,28.18,Low,16.04,12.14,13.649999999999999,2
2021,Egypt,1,Manufacturing,Medium,387,1.21,68.2,47.2,22.9,Low,28.18,-5.280000000000001,18.493333333333332,3
2022,Egypt,1,Manufacturing,Medium,134,1.26,60.2,65.6,40.48,Medium,22.9,17.58,22.373333333333335,4
2023,Egypt,1,Manufacturing,Medium,904,1.6,65.0,55.4,40.75,Medium,40.48,0.2700000000000031,30.52,5
2024,Egypt,1,Manufacturing,Medium,689,1.15,67.3,49.0,59.11,High,40.75,18.36,34.71,6
2025,Egypt,1,Manufacturing,Medium,487,0.94,67.9,44.5,62.46,High,59.11,3.3500000000000014,46.779999999999994,7
2018,Egypt,1,Manufacturing,Small,61,1.57,69.5,57.3,2.65,Low,2.65,0.0,2.65,0
2019,Egypt,1,Manufacturing,Small,60,0.82,56.2,56.7,7.98,Low,2.65,5.33,2.65,1
2020,Egypt,1,Manufacturing,Small,39,1.22,61.5,49.7,16.9,Low,7.98,8.919999999999998,5.315,2
2021,Egypt,1,Manufacturing,Small,92,1.27,73.6,60.0,24.33,Low,16.9,7.43,9.176666666666668,3
2022,Egypt,1,Manufacturing,Small,75,1.0,45.8,42.4,17.73,Low,24.33,-6.599999999999998,16.403333333333332,4
2023,Egypt,1,Manufacturing,Small,17,1.38,78.0,64.3,37.23,Medium,17.73,19.499999999999996,19.653333333333332,5
2024,Egypt,1,Manufacturing,Small,65,0.95,42.5,64.1,46.37,Medium,37.23,9.14,26.429999999999996,6
2025,Egypt,1,Manufacturing,Small,16,1.13,63.9,54.9,55.44,High,46.37,9.07,33.776666666666664,7
2018,Egypt,1,Media & Entertainment,Large,36898,1.93,79.6,42.9,30.21,Medium,30.21,0.0,30.21,0
2019,Egypt,1,Media & Entertainment,Large,16712,1.1,56.9,56.7,35.53,Medium,30.21,5.32,30.21,1
2020,Egypt,1,Media & Entertainment,Large,19981,0.61,67.6,53.4,36.51,Medium,35.53,0.9799999999999969,32.870000000000005,2
2021,Egypt,1,Media & Entertainment,Large,22547,1.42,64.2,46.0,39.58,Medium,36.51,3.0700000000000003,34.083333333333336,3
2022,Egypt,1,Media & Entertainment,Large,38895,1.13,40.6,46.2,49.27,Medium,39.58,9.690000000000005,37.20666666666666,4
2023,Egypt,1,Media & Entertainment,Large,29205,1.08,62.2,73.3,59.71,High,49.27,10.439999999999998,41.78666666666667,5
2024,Egypt,1,Media & Entertainment,Large,23680,2.07,53.5,30.8,73.22,High,59.71,13.509999999999998,49.52,6
2025,Egypt,1,Media & Entertainment,Large,11940,1.05,72.5,63.9,81.07,High,73.22,7.849999999999994,60.73333333333333,7
2018,Egypt,1,Media & Entertainment,Medium,636,1.51,64.3,55.3,14.98,Low,14.98,0.0,14.98,0
2019,Egypt,1,Media & Entertainment,Medium,879,1.38,57.1,54.3,19.63,Low,14.98,4.649999999999999,14.98,1
2020,Egypt,1,Media & Entertainment,Medium,922,1.06,57.6,50.8,27.62,Low,19.63,7.990000000000002,17.305,2
2021,Egypt,1,Media & Entertainment,Medium,583,0.85,67.6,46.5,34.69,Medium,27.62,7.069999999999997,20.743333333333336,3
2022,Egypt,1,Media & Entertainment,Medium,473,1.4,53.7,57.4,48.51,Medium,34.69,13.82,27.313333333333333,4
2023,Egypt,1,Media & Entertainment,Medium,695,1.18,56.7,54.4,51.35,Medium,48.51,2.8400000000000034,36.94,5
2024,Egypt,1,Media & Entertainment,Medium,413,1.34,67.8,65.2,62.05,High,51.35,10.699999999999996,44.85,6
2025,Egypt,1,Media & Entertainment,Medium,891,1.18,70.2,59.6,66.63,High,62.05,4.579999999999998,53.97,7
2018,Egypt,1,Media & Entertainment,Small,14,1.61,61.0,77.8,6.14,Low,6.14,0.0,6.14,0
2019,Egypt,1,Media & Entertainment,Small,16,1.28,57.9,63.5,14.02,Low,6.14,7.88,6.14,1
2020,Egypt,1,Media & Entertainment,Small,26,1.27,48.2,60.9,20.48,Low,14.02,6.460000000000001,10.08,2
2021,Egypt,1,Media & Entertainment,Small,64,1.38,56.6,52.5,17.72,Low,20.48,-2.7600000000000016,13.546666666666667,3
2022,Egypt,1,Media & Entertainment,Small,21,1.47,56.2,39.3,29.14,Low,17.72,11.420000000000002,17.406666666666666,4
2023,Egypt,1,Media & Entertainment,Small,26,1.2,65.2,41.4,42.81,Medium,29.14,13.670000000000002,22.44666666666667,5
2024,Egypt,1,Media & Entertainment,Small,67,0.99,50.2,42.9,49.61,Medium,42.81,6.799999999999997,29.89,6
2025,Egypt,1,Media & Entertainment,Small,22,0.99,66.9,53.8,53.45,Medium,49.61,3.8400000000000034,40.52,7
2018,Egypt,1,Retail,Large,29387,1.87,52.8,45.8,20.6,Low,20.6,0.0,20.6,0
2019,Egypt,1,Retail,Large,2693,1.32,54.2,57.7,29.53,Low,20.6,8.93,20.6,1
2020,Egypt,1,Retail,Large,31342,1.16,59.4,58.9,37.13,Medium,29.53,7.600000000000001,25.065,2
2021,Egypt,1,Retail,Large,11587,1.38,64.3,43.2,41.3,Medium,37.13,4.169999999999995,29.08666666666667,3
2022,Egypt,1,Retail,Large,45974,1.03,57.3,56.0,48.14,Medium,41.3,6.840000000000003,35.986666666666665,4
2023,Egypt,1,Retail,Large,3213,0.78,73.8,37.9,59.24,High,48.14,11.100000000000001,42.190000000000005,5
2024,Egypt,1,Retail,Large,5827,1.63,54.9,32.3,69.65,High,59.24,10.410000000000004,49.56,6
2025,Egypt,1,Retail,Large,47176,0.81,40.8,33.0,79.32,High,69.65,9.669999999999987,59.01000000000001,7
2018,Egypt,1,Retail,Medium,478,1.33,65.3,62.5,8.0,Low,8.0,0.0,8.0,0
2019,Egypt,1,Retail,Medium,590,1.04,76.0,54.3,14.94,Low,8.0,6.9399999999999995,8.0,1
2020,Egypt,1,Retail,Medium,439,0.81,56.7,34.2,17.5,Low,14.94,2.5600000000000005,11.469999999999999,2
2021,Egypt,1,Retail,Medium,446,0.91,59.7,48.3,28.91,Low,17.5,11.41,13.479999999999999,3
2022,Egypt,1,Retail,Medium,692,1.39,69.4,48.9,40.36,Medium,28.91,11.45,20.45,4
2023,Egypt,1,Retail,Medium,769,0.89,50.3,47.5,56.68,High,40.36,16.32,28.923333333333332,5
2024,Egypt,1,Retail,Medium,944,1.01,60.6,39.2,50.27,Medium,56.68,-6.409999999999997,41.98333333333333,6
2025,Egypt,1,Retail,Medium,558,1.27,64.4,41.1,54.48,Medium,50.27,4.209999999999994,49.10333333333333,7
2018,Egypt,1,Retail,Small,98,0.66,53.9,53.7,2.0,Low,2.0,0.0,2.0,0
2019,Egypt,1,Retail,Small,49,1.05,71.0,58.4,8.99,Low,2.0,6.99,2.0,1
2020,Egypt,1,Retail,Small,89,0.67,62.0,73.2,10.2,Low,8.99,1.209999999999999,5.495,2
2021,Egypt,1,Retail,Small,8,1.06,54.1,52.1,28.81,Low,10.2,18.61,7.063333333333333,3
2022,Egypt,1,Retail,Small,56,1.46,51.7,49.7,31.09,Medium,28.81,2.280000000000001,16.0,4
2023,Egypt,1,Retail,Small,46,1.4,58.6,48.1,34.88,Medium,31.09,3.7900000000000027,23.366666666666664,5
2024,Egypt,1,Retail,Small,74,1.46,64.4,53.9,51.47,Medium,34.88,16.589999999999996,31.593333333333334,6
2025,Egypt,1,Retail,Small,84,0.5,69.3,56.7,49.07,Medium,51.47,-2.3999999999999986,39.14666666666667,7
2018,Egypt,1,Technology,Large,48213,1.11,55.8,53.2,31.24,Medium,31.24,0.0,31.24,0
2019,Egypt,1,Technology,Large,18378,1.04,57.1,61.1,33.14,Medium,31.24,1.9000000000000021,31.24,1
2020,Egypt,1,Technology,Large,34565,1.27,68.9,43.0,43.28,Medium,33.14,10.14,32.19,2
2021,Egypt,1,Technology,Large,6566,0.83,54.3,47.1,50.03,Medium,43.28,6.75,35.88666666666666,3
2022,Egypt,1,Technology,Large,42592,0.75,63.8,63.0,54.49,Medium,50.03,4.460000000000001,42.15,4
2023,Egypt,1,Technology,Large,26062,0.92,59.8,54.7,74.7,High,54.49,20.21,49.26666666666667,5
2024,Egypt,1,Technology,Large,3374,1.03,46.4,64.1,80.7,High,74.7,6.0,59.74,6
2025,Egypt,1,Technology,Large,27747,1.32,63.1,44.7,86.32,High,80.7,5.61999999999999,69.96333333333332,7
2018,Egypt,1,Technology,Medium,911,1.15,57.1,56.0,15.77,Low,15.77,0.0,15.77,0
2019,Egypt,1,Technology,Medium,519,1.39,62.5,43.4,38.33,Medium,15.77,22.56,15.77,1
2020,Egypt,1,Technology,Medium,703,1.5,44.2,48.2,38.93,Medium,38.33,0.6000000000000014,27.049999999999997,2
2021,Egypt,1,Technology,Medium,930,0.75,65.6,58.1,42.82,Medium,38.93,3.8900000000000006,31.01,3
2022,Egypt,1,Technology,Medium,856,0.91,61.4,53.7,56.1,High,42.82,13.280000000000001,40.026666666666664,4
2023,Egypt,1,Technology,Medium,629,0.41,53.3,62.7,56.62,High,56.1,0.519999999999996,45.949999999999996,5
2024,Egypt,1,Technology,Medium,491,1.24,36.7,43.8,57.96,High,56.62,1.3400000000000034,51.846666666666664,6
2025,Egypt,1,Technology,Medium,946,0.95,66.2,49.4,78.66,High,57.96,20.699999999999996,56.89333333333334,7
2018,Egypt,1,Technology,Small,45,1.08,61.5,57.4,11.34,Low,11.34,0.0,11.34,0
2019,Egypt,1,Technology,Small,57,1.02,47.3,55.8,2.0,Low,11.34,-9.34,11.34,1
2020,Egypt,1,Technology,Small,43,1.09,48.4,54.5,22.35,Low,2.0,20.35,6.67,2
2021,Egypt,1,Technology,Small,16,1.13,69.5,38.6,25.02,Low,22.35,2.669999999999998,11.896666666666667,3
2022,Egypt,1,Technology,Small,27,1.3,67.8,42.3,30.44,Medium,25.02,5.420000000000002,16.456666666666667,4
2023,Egypt,1,Technology,Small,6,1.51,66.8,51.8,47.63,Medium,30.44,17.19,25.936666666666667,5
2024,Egypt,1,Technology,Small,28,1.62,79.8,59.4,59.19,High,47.63,11.559999999999995,34.36333333333334,6
2025,Egypt,1,Technology,Small,90,1.21,50.9,50.4,62.65,High,59.19,3.460000000000001,45.75333333333333,7
2018,France,3,Agriculture,Large,5433,2.07,96.3,85.5,19.33,Low,19.33,0.0,19.33,0
2019,France,3,Agriculture,Large,21614,2.38,99.0,76.0,29.9,Low,19.33,10.57,19.33,1
2020,France,3,Agriculture,Large,16826,2.73,97.6,74.5,21.57,Low,29.9,-8.329999999999998,24.615,2
2021,France,3,Agriculture,Large,33400,2.18,99.0,71.2,30.8,Medium,21.57,9.23,23.599999999999998,3
2022,France,3,Agriculture,Large,22440,2.17,98.9,100.0,39.07,Medium,30.8,8.27,27.423333333333332,4
2023,France,3,Agriculture,Large,18305,2.41,97.6,91.0,54.59,Medium,39.07,15.520000000000003,30.48,5
2024,France,3,Agriculture,Large,49680,2.87,88.6,63.5,57.61,High,54.59,3.019999999999996,41.48666666666667,6
2025,France,3,Agriculture,Large,2144,2.43,93.9,74.6,63.54,High,57.61,5.93,50.42333333333334,7
2018,France,3,Agriculture,Medium,962,2.55,92.0,78.8,2.0,Low,2.0,0.0,2.0,0
2019,France,3,Agriculture,Medium,796,2.58,99.0,84.7,13.95,Low,2.0,11.95,2.0,1
2020,France,3,Agriculture,Medium,257,2.94,99.0,76.7,13.02,Low,13.95,-0.9299999999999997,7.975,2
2021,France,3,Agriculture,Medium,571,3.34,99.0,98.5,23.66,Low,13.02,10.64,9.656666666666666,3
2022,France,3,Agriculture,Medium,228,2.58,99.0,87.2,30.53,Medium,23.66,6.870000000000001,16.876666666666665,4
2023,France,3,Agriculture,Medium,989,2.63,79.8,83.4,39.19,Medium,30.53,8.659999999999997,22.403333333333332,5
2024,France,3,Agriculture,Medium,605,2.23,89.3,72.8,40.71,Medium,39.19,1.5200000000000031,31.126666666666665,6
2025,France,3,Agriculture,Medium,254,2.67,84.8,84.1,61.17,High,40.71,20.46,36.81,7
2018,France,3,Agriculture,Small,48,2.32,99.0,84.6,2.0,Low,2.0,0.0,2.0,0
2019,France,3,Agriculture,Small,5,2.67,90.1,84.1,3.46,Low,2.0,1.46,2.0,1
2020,France,3,Agriculture,Small,28,2.62,99.0,89.3,12.71,Low,3.46,9.25,2.73,2
2021,France,3,Agriculture,Small,63,2.58,93.7,92.0,9.08,Low,12.71,-3.630000000000001,6.0566666666666675,3
2022,France,3,Agriculture,Small,49,2.33,98.9,91.1,19.47,Low,9.08,10.389999999999999,8.416666666666666,4
2023,France,3,Agriculture,Small,86,2.43,99.0,82.8,21.89,Low,19.47,2.4200000000000017,13.753333333333332,5
2024,France,3,Agriculture,Small,16,2.66,99.0,85.4,40.86,Medium,21.89,18.97,16.813333333333333,6
2025,France,3,Agriculture,Small,55,2.84,89.2,61.8,48.98,Medium,40.86,8.119999999999997,27.406666666666666,7
2018,France,3,Automotive,Large,5121,2.56,97.4,96.2,47.06,Medium,47.06,0.0,47.06,0
2019,France,3,Automotive,Large,1868,2.65,91.4,88.1,54.01,Medium,47.06,6.949999999999996,47.06,1
2020,France,3,Automotive,Large,37877,2.67,99.0,100.0,60.21,High,54.01,6.200000000000003,50.535,2
2021,France,3,Automotive,Large,12510,2.83,94.9,81.1,69.99,High,60.21,9.779999999999994,53.76,3
2022,France,3,Automotive,Large,10776,2.31,99.0,85.5,72.07,High,69.99,2.0799999999999983,61.40333333333333,4
2023,France,3,Automotive,Large,23702,2.72,95.3,79.5,85.13,High,72.07,13.060000000000002,67.42333333333333,5
2024,France,3,Automotive,Large,37492,3.18,99.0,88.5,97.0,High,85.13,11.870000000000005,75.73,6
2025,France,3,Automotive,Large,30917,2.09,95.8,99.4,97.0,High,97.0,0.0,84.73333333333333,7
2018,France,3,Automotive,Medium,546,2.58,89.8,71.5,33.09,Medium,33.09,0.0,33.09,0
2019,France,3,Automotive,Medium,715,2.65,99.0,97.9,31.47,Medium,33.09,-1.6200000000000045,33.09,1
2020,France,3,Automotive,Medium,431,2.56,99.0,85.1,49.05,Medium,31.47,17.58,32.28,2
2021,France,3,Automotive,Medium,871,2.64,99.0,100.0,46.72,Medium,49.05,-2.3299999999999983,37.87,3
2022,France,3,Automotive,Medium,506,2.65,99.0,91.1,54.0,Medium,46.72,7.280000000000001,42.413333333333334,4
2023,France,3,Automotive,Medium,743,2.67,94.8,100.0,68.27,High,54.0,14.269999999999996,49.923333333333325,5
2024,France,3,Automotive,Medium,401,2.49,99.0,100.0,75.62,High,68.27,7.3500000000000085,56.330000000000005,6
2025,France,3,Automotive,Medium,379,2.74,87.7,100.0,89.54,High,75.62,13.920000000000002,65.96333333333332,7
2018,France,3,Automotive,Small,56,2.55,97.0,95.3,13.01,Low,13.01,0.0,13.01,0
2019,France,3,Automotive,Small,64,2.57,99.0,82.1,14.65,Low,13.01,1.6400000000000006,13.01,1
2020,France,3,Automotive,Small,96,2.25,99.0,96.4,32.63,Medium,14.65,17.980000000000004,13.83,2
2021,France,3,Automotive,Small,32,2.62,99.0,90.0,32.98,Medium,32.63,0.3499999999999943,20.096666666666668,3
2022,France,3,Automotive,Small,29,2.77,99.0,96.4,46.12,Medium,32.98,13.14,26.75333333333333,4
2023,France,3,Automotive,Small,31,2.74,86.3,86.8,43.78,Medium,46.12,-2.3399999999999963,37.24333333333333,5
2024,France,3,Automotive,Small,77,2.3,92.1,96.8,58.19,High,43.78,14.409999999999997,40.96,6
2025,France,3,Automotive,Small,99,2.16,98.3,93.8,69.08,High,58.19,10.89,49.36333333333334,7
2018,France,3,Education,Large,36921,2.4,90.2,81.7,34.23,Medium,34.23,0.0,34.23,0
2019,France,3,Education,Large,41297,2.73,99.0,97.9,37.26,Medium,34.23,3.030000000000001,34.23,1
2020,France,3,Education,Large,7450,2.36,96.9,87.1,53.22,Medium,37.26,15.96,35.745,2
2021,France,3,Education,Large,31075,2.59,89.8,90.7,52.7,Medium,53.22,-0.519999999999996,41.57,3
2022,France,3,Education,Large,14487,2.46,95.7,89.2,59.56,High,52.7,6.859999999999999,47.72666666666667,4
2023,France,3,Education,Large,13835,2.93,93.7,99.1,72.77,High,59.56,13.209999999999994,55.160000000000004,5
2024,France,3,Education,Large,27295,2.55,99.0,84.8,83.07,High,72.77,10.299999999999997,61.67666666666667,6
2025,France,3,Education,Large,23650,2.86,99.0,77.6,88.82,High,83.07,5.75,71.8,7
2018,France,3,Education,Medium,683,2.9,99.0,85.9,10.92,Low,10.92,0.0,10.92,0
2019,France,3,Education,Medium,520,2.33,99.0,94.4,24.27,Low,10.92,13.35,10.92,1
2020,France,3,Education,Medium,228,2.14,99.0,95.0,34.09,Medium,24.27,9.820000000000004,17.595,2
2021,France,3,Education,Medium,998,2.29,95.1,93.7,38.54,Medium,34.09,4.449999999999996,23.093333333333334,3
2022,France,3,Education,Medium,609,2.51,99.0,90.8,45.66,Medium,38.54,7.119999999999997,32.300000000000004,4
2023,France,3,Education,Medium,511,2.83,94.8,100.0,54.75,Medium,45.66,9.090000000000003,39.43,5
2024,France,3,Education,Medium,369,2.59,99.0,100.0,60.12,High,54.75,5.369999999999997,46.31666666666666,6
2025,France,3,Education,Medium,857,2.88,99.0,93.7,70.37,High,60.12,10.250000000000007,53.51,7
2018,France,3,Education,Small,72,2.4,99.0,76.2,7.41,Low,7.41,0.0,7.41,0
2019,France,3,Education,Small,14,2.18,99.0,99.8,18.08,Low,7.41,10.669999999999998,7.41,1
2020,France,3,Education,Small,9,3.04,90.9,89.9,24.16,Low,18.08,6.080000000000002,12.745,2
2021,France,3,Education,Small,46,2.8,89.7,78.1,17.56,Low,24.16,-6.600000000000001,16.55,3
2022,France,3,Education,Small,55,2.12,96.6,94.8,30.3,Medium,17.56,12.740000000000002,19.933333333333334,4
2023,France,3,Education,Small,43,2.36,99.0,89.9,46.58,Medium,30.3,16.279999999999998,24.006666666666664,5
2024,France,3,Education,Small,35,3.03,99.0,94.8,55.28,High,46.58,8.700000000000003,31.48,6
2025,France,3,Education,Small,21,2.58,92.4,86.0,56.85,High,55.28,1.5700000000000003,44.053333333333335,7
2018,France,3,Financial Services,Large,40279,2.51,87.7,100.0,50.14,Medium,50.14,0.0,50.14,0
2019,France,3,Financial Services,Large,13795,2.43,98.0,93.1,60.1,High,50.14,9.96,50.14,1
2020,France,3,Financial Services,Large,1705,2.93,99.0,81.9,72.73,High,60.1,12.630000000000003,55.120000000000005,2
2021,France,3,Financial Services,Large,1209,2.44,90.3,96.3,70.97,High,72.73,-1.7600000000000051,60.99,3
2022,France,3,Financial Services,Large,49997,3.19,92.3,89.7,83.3,High,70.97,12.329999999999998,67.93333333333332,4
2023,France,3,Financial Services,Large,20301,2.65,99.0,100.0,84.16,High,83.3,0.8599999999999994,75.66666666666667,5
2024,France,3,Financial Services,Large,19807,2.57,99.0,88.9,97.0,High,84.16,12.840000000000003,79.47666666666667,6
2025,France,3,Financial Services,Large,37819,2.55,99.0,100.0,97.0,High,97.0,0.0,88.15333333333332,7
2018,France,3,Financial Services,Medium,338,2.37,98.5,82.2,35.33,Medium,35.33,0.0,35.33,0
2019,France,3,Financial Services,Medium,296,2.46,86.3,99.5,40.03,Medium,35.33,4.700000000000003,35.33,1
2020,France,3,Financial Services,Medium,199,2.47,98.2,83.9,49.66,Medium,40.03,9.629999999999995,37.68,2
2021,France,3,Financial Services,Medium,782,2.17,99.0,67.8,58.89,High,49.66,9.230000000000004,41.67333333333333,3
2022,France,3,Financial Services,Medium,823,3.05,99.0,92.0,61.95,High,58.89,3.0600000000000023,49.526666666666664,4
2023,France,3,Financial Services,Medium,299,3.11,99.0,89.7,58.44,High,61.95,-3.510000000000005,56.833333333333336,5
2024,France,3,Financial Services,Medium,117,2.77,99.0,93.9,89.72,High,58.44,31.28,59.76,6
2025,France,3,Financial Services,Medium,471,2.19,99.0,88.9,82.55,High,89.72,-7.170000000000002,70.03666666666668,7
2018,France,3,Financial Services,Small,50,2.53,99.0,100.0,18.24,Low,18.24,0.0,18.24,0
2019,France,3,Financial Services,Small,65,2.8,97.0,92.7,28.8,Low,18.24,10.560000000000002,18.24,1
2020,France,3,Financial Services,Small,26,2.2,99.0,96.6,33.78,Medium,28.8,4.98,23.52,2
2021,France,3,Financial Services,Small,79,2.54,99.0,76.5,35.74,Medium,33.78,1.9600000000000009,26.939999999999998,3
2022,France,3,Financial Services,Small,75,2.3,98.0,83.2,43.25,Medium,35.74,7.509999999999998,32.77333333333333,4
2023,France,3,Financial Services,Small,63,2.49,99.0,96.4,65.41,High,43.25,22.159999999999997,37.59,5
2024,France,3,Financial Services,Small,96,2.45,84.1,98.4,69.79,High,65.41,4.38000000000001,48.13333333333333,6
2025,France,3,Financial Services,Small,43,2.64,93.8,88.2,77.15,High,69.79,7.359999999999999,59.48333333333333,7
2018,France,3,Gaming,Large,41596,2.81,90.0,97.0,53.51,Medium,53.51,0.0,53.51,0
2019,France,3,Gaming,Large,20069,2.17,88.5,88.9,68.03,High,53.51,14.520000000000003,53.51,1
2020,France,3,Gaming,Large,29030,2.68,99.0,87.6,73.35,High,68.03,5.319999999999993,60.769999999999996,2
2021,France,3,Gaming,Large,6724,2.57,93.1,81.5,79.94,High,73.35,6.590000000000003,64.96333333333332,3
2022,France,3,Gaming,Large,35747,2.93,98.4,95.3,82.31,High,79.94,2.3700000000000045,73.77333333333333,4
2023,France,3,Gaming,Large,45378,2.18,99.0,89.7,94.09,High,82.31,11.780000000000001,78.53333333333333,5
2024,France,3,Gaming,Large,11416,2.29,99.0,98.5,97.0,High,94.09,2.9099999999999966,85.44666666666667,6
2025,France,3,Gaming,Large,30652,2.91,96.7,79.3,97.0,High,97.0,0.0,91.13333333333333,7
2018,France,3,Gaming,Medium,159,2.48,99.0,100.0,32.2,Medium,32.2,0.0,32.2,0
2019,France,3,Gaming,Medium,221,2.77,96.3,100.0,43.06,Medium,32.2,10.86,32.2,1
2020,France,3,Gaming,Medium,659,2.16,99.0,100.0,46.8,Medium,43.06,3.739999999999995,37.63,2
2021,France,3,Gaming,Medium,172,2.29,99.0,100.0,61.56,High,46.8,14.760000000000005,40.68666666666667,3
2022,France,3,Gaming,Medium,134,2.76,99.0,100.0,68.81,High,61.56,7.25,50.473333333333336,4
2023,France,3,Gaming,Medium,351,2.64,91.2,96.2,69.13,High,68.81,0.3199999999999932,59.05666666666667,5
2024,France,3,Gaming,Medium,741,2.49,97.0,95.3,93.91,High,69.13,24.78,66.5,6
2025,France,3,Gaming,Medium,606,2.63,99.0,76.7,92.76,High,93.91,-1.1499999999999915,77.28333333333332,7
2018,France,3,Gaming,Small,91,3.25,81.8,97.5,22.55,Low,22.55,0.0,22.55,0
2019,France,3,Gaming,Small,28,2.68,99.0,85.1,32.25,Medium,22.55,9.7,22.55,1
2020,France,3,Gaming,Small,92,2.62,99.0,83.7,38.11,Medium,32.25,5.859999999999999,27.4,2
2021,France,3,Gaming,Small,49,2.75,81.8,68.5,36.87,Medium,38.11,-1.240000000000002,30.97,3
2022,France,3,Gaming,Small,27,2.74,99.0,100.0,46.07,Medium,36.87,9.200000000000003,35.74333333333333,4
2023,France,3,Gaming,Small,84,2.96,87.8,99.3,54.92,Medium,46.07,8.850000000000001,40.35,5
2024,France,3,Gaming,Small,61,2.8,99.0,81.3,69.99,High,54.92,15.069999999999993,45.95333333333334,6
2025,France,3,Gaming,Small,69,2.84,99.0,100.0,71.02,High,69.99,1.0300000000000011,56.99333333333333,7
2018,France,3,Government,Large,1500,2.18,99.0,88.5,25.7,Low,25.7,0.0,25.7,0
2019,France,3,Government,Large,21580,2.1,99.0,80.3,26.65,Low,25.7,0.9499999999999993,25.7,1
2020,France,3,Government,Large,45198,2.0,99.0,98.1,30.65,Medium,26.65,4.0,26.174999999999997,2
2021,France,3,Government,Large,18259,2.39,99.0,81.2,36.65,Medium,30.65,6.0,27.666666666666668,3
2022,France,3,Government,Large,39715,2.09,99.0,90.2,36.63,Medium,36.65,-0.01999999999999602,31.316666666666663,4
2023,France,3,Government,Large,8736,2.68,99.0,88.5,62.35,High,36.63,25.72,34.64333333333334,5
2024,France,3,Government,Large,42641,2.46,99.0,96.2,68.41,High,62.35,6.059999999999995,45.21,6
2025,France,3,Government,Large,6538,2.24,99.0,100.0,93.33,High,68.41,24.92,55.79666666666666,7
2018,France,3,Government,Medium,208,2.41,99.0,87.2,10.97,Low,10.97,0.0,10.97,0
2019,France,3,Government,Medium,346,2.49,98.8,84.8,17.88,Low,10.97,6.909999999999998,10.97,1
2020,France,3,Government,Medium,608,2.28,99.0,94.2,22.68,Low,17.88,4.800000000000001,14.425,2
2021,France,3,Government,Medium,983,2.57,87.1,74.1,42.99,Medium,22.68,20.310000000000002,17.176666666666666,3
2022,France,3,Government,Medium,443,3.04,99.0,83.5,31.4,Medium,42.99,-11.590000000000003,27.849999999999998,4
2023,France,3,Government,Medium,205,2.91,99.0,93.9,48.49,Medium,31.4,17.090000000000003,32.35666666666666,5
2024,France,3,Government,Medium,775,2.73,99.0,73.3,51.42,Medium,48.49,2.9299999999999997,40.96,6
2025,France,3,Government,Medium,732,2.47,99.0,99.8,72.29,High,51.42,20.870000000000005,43.77,7
2018,France,3,Government,Small,48,3.14,99.0,77.5,2.59,Low,2.59,0.0,2.59,0
2019,France,3,Government,Small,5,2.79,84.7,75.1,6.84,Low,2.59,4.25,2.59,1
2020,France,3,Government,Small,31,2.85,92.6,84.8,24.2,Low,6.84,17.36,4.715,2
2021,France,3,Government,Small,36,2.8,99.0,97.4,27.22,Low,24.2,3.0199999999999996,11.209999999999999,3
2022,France,3,Government,Small,33,2.55,99.0,91.1,27.69,Low,27.22,0.4700000000000024,19.419999999999998,4
2023,France,3,Government,Small,94,2.85,88.3,87.9,44.22,Medium,27.69,16.529999999999998,26.37,5
2024,France,3,Government,Small,20,2.58,95.5,80.4,51.12,Medium,44.22,6.899999999999999,33.04333333333333,6
2025,France,3,Government,Small,31,3.0,99.0,79.8,57.95,High,51.12,6.830000000000005,41.01,7
2018,France,3,Healthcare,Large,2394,2.98,99.0,93.1,53.46,Medium,53.46,0.0,53.46,0
2019,France,3,Healthcare,Large,42849,2.71,99.0,91.2,62.46,High,53.46,9.0,53.46,1
2020,France,3,Healthcare,Large,19604,2.13,94.0,100.0,60.15,High,62.46,-2.3100000000000023,57.96,2
2021,France,3,Healthcare,Large,32360,2.36,99.0,80.1,68.45,High,60.15,8.300000000000004,58.69,3
2022,France,3,Healthcare,Large,40009,2.36,99.0,96.1,73.16,High,68.45,4.709999999999994,63.68666666666667,4
2023,France,3,Healthcare,Large,32227,2.67,99.0,100.0,87.89,High,73.16,14.730000000000004,67.25333333333334,5
2024,France,3,Healthcare,Large,16092,2.49,89.7,100.0,97.0,High,87.89,9.11,76.5,6
2025,France,3,Healthcare,Large,10365,2.81,99.0,100.0,97.0,High,97.0,0.0,86.01666666666667,7
2018,France,3,Healthcare,Medium,728,2.34,90.5,100.0,30.29,Medium,30.29,0.0,30.29,0
2019,France,3,Healthcare,Medium,194,2.13,96.7,94.0,49.07,Medium,30.29,18.78,30.29,1
2020,France,3,Healthcare,Medium,685,2.78,92.5,78.4,37.21,Medium,49.07,-11.86,39.68,2
2021,France,3,Healthcare,Medium,615,2.64,98.9,88.4,55.97,High,37.21,18.759999999999998,38.85666666666666,3
2022,France,3,Healthcare,Medium,909,2.56,99.0,100.0,57.63,High,55.97,1.6600000000000037,47.416666666666664,4
2023,France,3,Healthcare,Medium,588,2.67,86.4,74.2,68.62,High,57.63,10.990000000000002,50.27,5
2024,France,3,Healthcare,Medium,635,2.96,90.2,99.7,71.68,High,68.62,3.0600000000000023,60.74,6
2025,France,3,Healthcare,Medium,751,2.32,80.7,80.8,84.27,High,71.68,12.58999999999999,65.97666666666667,7
2018,France,3,Healthcare,Small,96,2.66,99.0,71.4,18.12,Low,18.12,0.0,18.12,0
2019,France,3,Healthcare,Small,66,2.9,99.0,100.0,26.97,Low,18.12,8.849999999999998,18.12,1
2020,France,3,Healthcare,Small,53,2.56,82.4,95.4,24.6,Low,26.97,-2.3699999999999974,22.545,2
2021,France,3,Healthcare,Small,47,2.25,94.6,100.0,40.62,Medium,24.6,16.019999999999996,23.23,3
2022,France,3,Healthcare,Small,34,2.44,99.0,72.0,48.75,Medium,40.62,8.130000000000003,30.73,4
2023,France,3,Healthcare,Small,5,2.08,84.2,100.0,51.15,Medium,48.75,2.3999999999999986,37.99,5
2024,France,3,Healthcare,Small,59,2.76,99.0,88.5,56.43,High,51.15,5.280000000000001,46.84,6
2025,France,3,Healthcare,Small,82,2.46,99.0,86.9,63.72,High,56.43,7.289999999999999,52.10999999999999,7
2018,France,3,Legal,Large,16448,2.81,99.0,81.9,22.2,Low,22.2,0.0,22.2,0
2019,France,3,Legal,Large,40635,2.47,94.4,75.6,30.93,Medium,22.2,8.73,22.2,1
2020,France,3,Legal,Large,4032,1.84,98.5,100.0,44.85,Medium,30.93,13.920000000000002,26.564999999999998,2
2021,France,3,Legal,Large,22902,2.73,94.6,97.2,53.82,Medium,44.85,8.969999999999999,32.660000000000004,3
2022,France,3,Legal,Large,21859,2.36,99.0,69.4,63.84,High,53.82,10.020000000000003,43.199999999999996,4
2023,France,3,Legal,Large,10707,3.1,98.0,62.6,61.12,High,63.84,-2.720000000000006,54.17000000000001,5
2024,France,3,Legal,Large,8348,2.5,99.0,91.0,65.89,High,61.12,4.770000000000003,59.593333333333334,6
2025,France,3,Legal,Large,43495,2.61,99.0,83.5,80.11,High,65.89,14.219999999999999,63.616666666666674,7
2018,France,3,Legal,Medium,937,2.47,97.4,86.4,15.33,Low,15.33,0.0,15.33,0
2019,France,3,Legal,Medium,572,2.04,99.0,88.3,20.54,Low,15.33,5.209999999999999,15.33,1
2020,France,3,Legal,Medium,462,2.77,98.6,81.3,31.87,Medium,20.54,11.330000000000002,17.935,2
2021,France,3,Legal,Medium,247,2.72,99.0,87.6,24.72,Low,31.87,-7.150000000000002,22.58,3
2022,France,3,Legal,Medium,368,1.83,96.5,100.0,40.85,Medium,24.72,16.130000000000003,25.709999999999997,4
2023,France,3,Legal,Medium,506,2.36,95.1,94.6,57.73,High,40.85,16.879999999999995,32.48,5
2024,France,3,Legal,Medium,450,3.0,99.0,90.4,72.03,High,57.73,14.300000000000004,41.1,6
2025,France,3,Legal,Medium,233,2.43,96.0,87.4,67.8,High,72.03,-4.230000000000004,56.870000000000005,7
2018,France,3,Legal,Small,53,2.39,99.0,90.1,2.0,Low,2.0,0.0,2.0,0
2019,France,3,Legal,Small,5,2.16,99.0,87.4,7.33,Low,2.0,5.33,2.0,1
2020,France,3,Legal,Small,8,2.32,99.0,78.1,17.7,Low,7.33,10.37,4.665,2
2021,France,3,Legal,Small,89,2.67,97.3,67.9,27.41,Low,17.7,9.71,9.01,3
2022,France,3,Legal,Small,41,2.5,94.7,77.9,36.88,Medium,27.41,9.470000000000002,17.48,4
2023,France,3,Legal,Small,9,2.47,99.0,87.4,51.18,Medium,36.88,14.299999999999997,27.330000000000002,5
2024,France,3,Legal,Small,69,2.15,99.0,71.8,49.61,Medium,51.18,-1.5700000000000003,38.49,6
2025,France,3,Legal,Small,13,2.46,90.5,93.9,49.44,Medium,49.61,-0.1700000000000017,45.89000000000001,7
2018,France,3,Manufacturing,Large,24304,2.56,90.3,75.9,50.11,Medium,50.11,0.0,50.11,0
2019,France,3,Manufacturing,Large,31006,2.63,99.0,89.7,56.76,High,50.11,6.649999999999999,50.11,1
2020,France,3,Manufacturing,Large,18217,1.83,96.4,99.3,58.42,High,56.76,1.6600000000000037,53.435,2
2021,France,3,Manufacturing,Large,46137,2.35,99.0,100.0,72.94,High,58.42,14.519999999999996,55.096666666666664,3
2022,France,3,Manufacturing,Large,3590,2.76,85.6,98.2,69.78,High,72.94,-3.1599999999999966,62.70666666666667,4
2023,France,3,Manufacturing,Large,31956,1.58,99.0,100.0,80.27,High,69.78,10.489999999999995,67.04666666666667,5
2024,France,3,Manufacturing,Large,19952,2.74,91.9,93.5,95.49,High,80.27,15.219999999999999,74.33,6
2025,France,3,Manufacturing,Large,6781,2.49,97.8,84.1,97.0,High,95.49,1.5100000000000051,81.84666666666665,7
2018,France,3,Manufacturing,Medium,647,2.82,99.0,75.7,27.32,Low,27.32,0.0,27.32,0
2019,France,3,Manufacturing,Medium,219,1.93,99.0,99.7,29.25,Low,27.32,1.9299999999999997,27.32,1
2020,France,3,Manufacturing,Medium,885,2.74,93.1,100.0,30.22,Medium,29.25,0.9699999999999989,28.285,2
2021,France,3,Manufacturing,Medium,156,3.02,96.1,100.0,37.19,Medium,30.22,6.969999999999999,28.929999999999996,3
2022,France,3,Manufacturing,Medium,246,3.02,99.0,79.8,49.0,Medium,37.19,11.810000000000002,32.22,4
2023,France,3,Manufacturing,Medium,615,2.82,90.3,76.7,72.3,High,49.0,23.299999999999997,38.803333333333335,5
2024,France,3,Manufacturing,Medium,249,2.64,99.0,95.8,76.43,High,72.3,4.13000000000001,52.830000000000005,6
2025,France,3,Manufacturing,Medium,850,2.59,99.0,82.8,83.28,High,76.43,6.849999999999994,65.91000000000001,7
2018,France,3,Manufacturing,Small,53,2.52,99.0,84.5,13.04,Low,13.04,0.0,13.04,0
2019,France,3,Manufacturing,Small,38,2.74,99.0,86.4,13.68,Low,13.04,0.6400000000000006,13.04,1
2020,France,3,Manufacturing,Small,64,2.33,97.3,88.5,26.64,Low,13.68,12.96,13.36,2
2021,France,3,Manufacturing,Small,85,2.68,96.6,94.0,35.25,Medium,26.64,8.61,17.786666666666665,3
2022,France,3,Manufacturing,Small,87,2.08,94.1,90.6,37.28,Medium,35.25,2.030000000000001,25.189999999999998,4
2023,France,3,Manufacturing,Small,48,2.38,99.0,94.0,49.05,Medium,37.28,11.769999999999996,33.056666666666665,5
2024,France,3,Manufacturing,Small,6,2.29,88.3,100.0,62.57,High,49.05,13.520000000000003,40.526666666666664,6
2025,France,3,Manufacturing,Small,98,2.69,99.0,91.8,68.38,High,62.57,5.809999999999995,49.63333333333333,7
2018,France,3,Media & Entertainment,Large,40389,2.81,99.0,88.4,51.8,Medium,51.8,0.0,51.8,0
2019,France,3,Media & Entertainment,Large,41653,2.66,91.8,85.9,53.91,Medium,51.8,2.1099999999999994,51.8,1
2020,France,3,Media & Entertainment,Large,26551,2.35,92.0,100.0,67.95,High,53.91,14.040000000000006,52.855,2
2021,France,3,Media & Entertainment,Large,10305,2.76,99.0,90.8,70.82,High,67.95,2.8699999999999903,57.88666666666666,3
2022,France,3,Media & Entertainment,Large,46567,2.64,99.0,97.7,79.53,High,70.82,8.710000000000008,64.22666666666667,4
2023,France,3,Media & Entertainment,Large,6615,2.16,99.0,94.7,84.3,High,79.53,4.769999999999996,72.76666666666667,5
2024,France,3,Media & Entertainment,Large,34430,2.61,99.0,100.0,96.8,High,84.3,12.5,78.21666666666667,6
2025,France,3,Media & Entertainment,Large,44358,2.74,99.0,89.4,96.45,High,96.8,-0.3499999999999943,86.87666666666667,7
2018,France,3,Media & Entertainment,Medium,403,2.69,99.0,81.6,24.35,Low,24.35,0.0,24.35,0
2019,France,3,Media & Entertainment,Medium,177,2.62,99.0,69.9,36.02,Medium,24.35,11.670000000000002,24.35,1
2020,France,3,Media & Entertainment,Medium,121,2.5,99.0,69.4,49.41,Medium,36.02,13.389999999999993,30.185000000000002,2
2021,France,3,Media & Entertainment,Medium,902,2.44,87.0,93.9,51.95,Medium,49.41,2.5400000000000063,36.593333333333334,3
2022,France,3,Media & Entertainment,Medium,680,2.07,99.0,89.7,56.14,High,51.95,4.189999999999998,45.79333333333333,4
2023,France,3,Media & Entertainment,Medium,505,2.68,99.0,100.0,63.02,High,56.14,6.880000000000003,52.5,5
2024,France,3,Media & Entertainment,Medium,606,2.91,99.0,87.1,84.46,High,63.02,21.43999999999999,57.03666666666667,6
2025,France,3,Media & Entertainment,Medium,822,2.34,99.0,100.0,80.32,High,84.46,-4.140000000000001,67.87333333333333,7
2018,France,3,Media & Entertainment,Small,13,2.31,96.2,71.9,17.38,Low,17.38,0.0,17.38,0
2019,France,3,Media & Entertainment,Small,48,2.64,91.9,93.5,24.83,Low,17.38,7.449999999999999,17.38,1
2020,France,3,Media & Entertainment,Small,35,3.1,93.3,86.8,26.17,Low,24.83,1.3400000000000034,21.104999999999997,2
2021,France,3,Media & Entertainment,Small,49,2.27,99.0,79.0,30.67,Medium,26.17,4.5,22.793333333333333,3
2022,France,3,Media & Entertainment,Small,18,2.87,99.0,93.3,37.98,Medium,30.67,7.309999999999995,27.223333333333333,4
2023,France,3,Media & Entertainment,Small,38,2.88,99.0,94.2,55.8,High,37.98,17.82,31.60666666666667,5
2024,France,3,Media & Entertainment,Small,97,2.45,86.3,93.3,69.12,High,55.8,13.320000000000007,41.483333333333334,6
2025,France,3,Media & Entertainment,Small,78,2.68,99.0,83.2,65.31,High,69.12,-3.8100000000000023,54.300000000000004,7
2018,France,3,Retail,Large,8050,3.15,99.0,98.6,47.84,Medium,47.84,0.0,47.84,0
2019,France,3,Retail,Large,40773,2.61,99.0,100.0,48.66,Medium,47.84,0.8199999999999932,47.84,1
2020,France,3,Retail,Large,23016,2.42,99.0,100.0,53.25,Medium,48.66,4.590000000000003,48.25,2
2021,France,3,Retail,Large,22529,2.28,97.6,84.5,60.39,High,53.25,7.140000000000001,49.916666666666664,3
2022,France,3,Retail,Large,41274,2.53,99.0,87.6,72.1,High,60.39,11.709999999999994,54.1,4
2023,France,3,Retail,Large,45327,2.85,97.9,95.3,72.53,High,72.1,0.4300000000000068,61.913333333333334,5
2024,France,3,Retail,Large,14096,2.77,99.0,88.2,86.45,High,72.53,13.920000000000002,68.33999999999999,6
2025,France,3,Retail,Large,15605,2.64,99.0,95.5,96.91,High,86.45,10.459999999999994,77.02666666666667,7
2018,France,3,Retail,Medium,113,2.55,93.4,78.9,26.77,Low,26.77,0.0,26.77,0
2019,France,3,Retail,Medium,367,2.6,99.0,88.2,36.19,Medium,26.77,9.419999999999998,26.77,1
2020,France,3,Retail,Medium,466,2.76,98.8,92.5,34.08,Medium,36.19,-2.1099999999999994,31.479999999999997,2
2021,France,3,Retail,Medium,771,2.77,99.0,99.9,49.65,Medium,34.08,15.57,32.346666666666664,3
2022,France,3,Retail,Medium,657,2.73,93.3,100.0,54.65,Medium,49.65,5.0,39.97333333333333,4
2023,France,3,Retail,Medium,929,2.49,99.0,99.3,60.99,High,54.65,6.340000000000003,46.126666666666665,5
2024,France,3,Retail,Medium,871,2.74,99.0,80.5,70.41,High,60.99,9.419999999999995,55.096666666666664,6
2025,France,3,Retail,Medium,731,2.11,85.0,86.6,73.85,High,70.41,3.4399999999999977,62.01666666666666,7
2018,France,3,Retail,Small,53,2.46,87.1,100.0,16.2,Low,16.2,0.0,16.2,0
2019,France,3,Retail,Small,54,2.21,99.0,100.0,12.22,Low,16.2,-3.9799999999999986,16.2,1
2020,France,3,Retail,Small,67,2.8,99.0,92.4,27.56,Low,12.22,15.339999999999998,14.21,2
2021,France,3,Retail,Small,69,2.15,94.1,81.6,33.19,Medium,27.56,5.629999999999999,18.66,3
2022,France,3,Retail,Small,32,2.82,99.0,97.2,32.92,Medium,33.19,-0.269999999999996,24.323333333333334,4
2023,France,3,Retail,Small,18,2.08,99.0,89.2,46.25,Medium,32.92,13.329999999999998,31.22333333333333,5
2024,France,3,Retail,Small,53,2.58,99.0,83.3,63.34,High,46.25,17.090000000000003,37.453333333333326,6
2025,France,3,Retail,Small,41,2.63,98.5,90.4,62.62,High,63.34,-0.720000000000006,47.50333333333333,7
2018,France,3,Technology,Large,35303,2.65,99.0,100.0,60.99,High,60.99,0.0,60.99,0
2019,France,3,Technology,Large,8452,3.09,99.0,100.0,74.12,High,60.99,13.130000000000003,60.99,1
2020,France,3,Technology,Large,31519,1.99,99.0,93.4,80.21,High,74.12,6.089999999999989,67.555,2
2021,France,3,Technology,Large,11509,2.86,93.2,83.0,80.82,High,80.21,0.6099999999999994,71.77333333333333,3
2022,France,3,Technology,Large,29731,2.13,99.0,100.0,86.9,High,80.82,6.0800000000000125,78.38333333333333,4
2023,France,3,Technology,Large,42866,2.74,99.0,92.4,97.0,High,86.9,10.099999999999994,82.64333333333333,5
2024,France,3,Technology,Large,9715,2.61,92.7,90.6,97.0,High,97.0,0.0,88.24000000000001,6
2025,France,3,Technology,Large,11726,2.6,97.1,100.0,97.0,High,97.0,0.0,93.63333333333334,7
2018,France,3,Technology,Medium,980,3.25,99.0,100.0,52.88,Medium,52.88,0.0,52.88,0
2019,France,3,Technology,Medium,202,3.1,95.4,88.9,52.25,Medium,52.88,-0.6300000000000026,52.88,1
2020,France,3,Technology,Medium,969,2.46,99.0,88.3,60.49,High,52.25,8.240000000000002,52.565,2
2021,France,3,Technology,Medium,121,2.68,99.0,84.2,56.82,High,60.49,-3.6700000000000017,55.20666666666667,3
2022,France,3,Technology,Medium,429,2.61,93.2,100.0,68.75,High,56.82,11.93,56.52,4
2023,France,3,Technology,Medium,784,2.31,99.0,98.3,70.14,High,68.75,1.3900000000000006,62.02,5
2024,France,3,Technology,Medium,362,2.3,99.0,100.0,82.22,High,70.14,12.079999999999998,65.23666666666666,6
2025,France,3,Technology,Medium,471,2.63,91.9,88.1,90.22,High,82.22,8.0,73.70333333333333,7
2018,France,3,Technology,Small,87,2.84,95.1,81.3,25.75,Low,25.75,0.0,25.75,0
2019,France,3,Technology,Small,98,2.31,99.0,97.8,37.52,Medium,25.75,11.770000000000003,25.75,1
2020,France,3,Technology,Small,70,2.97,97.2,78.1,35.4,Medium,37.52,-2.1200000000000045,31.635,2
2021,France,3,Technology,Small,35,2.21,96.7,100.0,46.71,Medium,35.4,11.310000000000002,32.89,3
2022,France,3,Technology,Small,6,2.51,92.3,89.6,45.48,Medium,46.71,-1.230000000000004,39.876666666666665,4
2023,France,3,Technology,Small,7,2.54,99.0,91.7,65.0,High,45.48,19.520000000000003,42.529999999999994,5
2024,France,3,Technology,Small,98,2.31,99.0,100.0,73.96,High,65.0,8.959999999999994,52.39666666666667,6
2025,France,3,Technology,Small,31,2.52,94.0,100.0,83.73,High,73.96,9.77000000000001,61.48,7
2018,Germany,3,Agriculture,Large,8189,2.55,95.9,81.7,18.95,Low,18.95,0.0,18.95,0
2019,Germany,3,Agriculture,Large,1244,2.65,99.0,62.3,24.42,Low,18.95,5.470000000000002,18.95,1
2020,Germany,3,Agriculture,Large,16051,2.46,94.5,87.9,29.52,Low,24.42,5.099999999999998,21.685000000000002,2
2021,Germany,3,Agriculture,Large,15035,2.95,89.9,96.1,43.45,Medium,29.52,13.930000000000003,24.296666666666667,3
2022,Germany,3,Agriculture,Large,46357,2.64,99.0,68.4,38.36,Medium,43.45,-5.090000000000003,32.46333333333333,4
2023,Germany,3,Agriculture,Large,12553,3.01,98.5,91.7,52.02,Medium,38.36,13.660000000000004,37.11,5
2024,Germany,3,Agriculture,Large,8386,2.44,99.0,86.1,57.58,High,52.02,5.559999999999995,44.61000000000001,6
2025,Germany,3,Agriculture,Large,11386,2.32,99.0,91.3,72.95,High,57.58,15.370000000000005,49.32,7
2018,Germany,3,Agriculture,Medium,509,2.54,99.0,91.9,2.0,Low,2.0,0.0,2.0,0
2019,Germany,3,Agriculture,Medium,544,2.41,96.3,73.1,5.52,Low,2.0,3.5199999999999996,2.0,1
2020,Germany,3,Agriculture,Medium,941,2.82,99.0,100.0,14.82,Low,5.52,9.3,3.76,2
2021,Germany,3,Agriculture,Medium,813,3.05,95.6,74.2,29.75,Low,14.82,14.93,7.446666666666666,3
2022,Germany,3,Agriculture,Medium,898,2.74,81.2,76.9,35.87,Medium,29.75,6.119999999999997,16.69666666666667,4
2023,Germany,3,Agriculture,Medium,246,2.99,87.1,92.1,35.52,Medium,35.87,-0.3499999999999943,26.813333333333333,5
2024,Germany,3,Agriculture,Medium,449,2.15,90.5,95.0,52.04,Medium,35.52,16.519999999999996,33.71333333333333,6
2025,Germany,3,Agriculture,Medium,963,2.56,89.3,78.4,67.25,High,52.04,15.21,41.14333333333333,7
2018,Germany,3,Agriculture,Small,35,2.98,93.1,97.5,2.0,Low,2.0,0.0,2.0,0
2019,Germany,3,Agriculture,Small,56,2.68,99.0,90.9,2.0,Low,2.0,0.0,2.0,1
2020,Germany,3,Agriculture,Small,55,2.95,99.0,81.0,17.69,Low,2.0,15.690000000000001,2.0,2
2021,Germany,3,Agriculture,Small,60,2.77,99.0,100.0,17.86,Low,17.69,0.16999999999999815,7.23,3
2022,Germany,3,Agriculture,Small,82,2.44,90.5,82.3,26.69,Low,17.86,8.830000000000002,12.516666666666666,4
2023,Germany,3,Agriculture,Small,61,2.45,99.0,93.1,26.47,Low,26.69,-0.22000000000000242,20.746666666666666,5
2024,Germany,3,Agriculture,Small,27,2.34,98.2,80.1,44.29,Medium,26.47,17.82,23.673333333333332,6
2025,Germany,3,Agriculture,Small,36,2.98,91.7,89.3,55.54,High,44.29,11.25,32.48333333333333,7
2018,Germany,3,Automotive,Large,30989,2.64,99.0,92.5,64.42,High,64.42,0.0,64.42,0
2019,Germany,3,Automotive,Large,24996,2.45,96.5,83.6,62.27,High,64.42,-2.1499999999999986,64.42,1
2020,Germany,3,Automotive,Large,5876,2.19,99.0,100.0,69.12,High,62.27,6.850000000000001,63.345,2
2021,Germany,3,Automotive,Large,4275,2.65,95.6,93.7,78.85,High,69.12,9.72999999999999,65.27,3
2022,Germany,3,Automotive,Large,22066,2.35,94.2,84.4,88.46,High,78.85,9.61,70.08,4
2023,Germany,3,Automotive,Large,10695,2.78,99.0,87.1,97.0,High,88.46,8.540000000000006,78.81,5
2024,Germany,3,Automotive,Large,45839,2.39,88.7,73.5,97.0,High,97.0,0.0,88.10333333333334,6
2025,Germany,3,Automotive,Large,28740,2.43,89.9,80.7,97.0,High,97.0,0.0,94.15333333333332,7
2018,Germany,3,Automotive,Medium,313,2.95,95.7,72.5,30.37,Medium,30.37,0.0,30.37,0
2019,Germany,3,Automotive,Medium,120,2.35,99.0,86.2,31.32,Medium,30.37,0.9499999999999993,30.37,1
2020,Germany,3,Automotive,Medium,620,2.98,99.0,100.0,43.02,Medium,31.32,11.700000000000003,30.845,2
2021,Germany,3,Automotive,Medium,602,2.66,99.0,88.0,43.97,Medium,43.02,0.9499999999999957,34.903333333333336,3
2022,Germany,3,Automotive,Medium,400,2.93,94.2,89.7,69.85,High,43.97,25.879999999999995,39.43666666666667,4
2023,Germany,3,Automotive,Medium,537,2.41,99.0,96.1,69.51,High,69.85,-0.3399999999999892,52.28,5
2024,Germany,3,Automotive,Medium,400,1.75,88.8,100.0,81.88,High,69.51,12.36999999999999,61.10999999999999,6
2025,Germany,3,Automotive,Medium,217,2.96,89.1,95.4,90.52,High,81.88,8.64,73.74666666666667,7
2018,Germany,3,Automotive,Small,90,2.07,99.0,82.4,31.2,Medium,31.2,0.0,31.2,0
2019,Germany,3,Automotive,Small,87,3.07,99.0,80.6,26.93,Low,31.2,-4.27,31.2,1
2020,Germany,3,Automotive,Small,25,2.76,97.4,79.8,24.79,Low,26.93,-2.1400000000000006,29.064999999999998,2
2021,Germany,3,Automotive,Small,53,2.66,98.0,92.6,35.81,Medium,24.79,11.020000000000003,27.64,3
2022,Germany,3,Automotive,Small,49,2.39,99.0,74.3,46.55,Medium,35.81,10.739999999999995,29.176666666666666,4
2023,Germany,3,Automotive,Small,24,2.21,99.0,100.0,58.35,High,46.55,11.800000000000004,35.71666666666667,5
2024,Germany,3,Automotive,Small,49,2.32,91.8,80.9,68.73,High,58.35,10.380000000000003,46.903333333333336,6
2025,Germany,3,Automotive,Small,27,2.76,98.0,87.7,69.65,High,68.73,0.9200000000000017,57.876666666666665,7
2018,Germany,3,Education,Large,9031,3.06,93.7,100.0,36.43,Medium,36.43,0.0,36.43,0
2019,Germany,3,Education,Large,43120,2.24,91.7,100.0,45.78,Medium,36.43,9.350000000000001,36.43,1
2020,Germany,3,Education,Large,45187,2.87,99.0,84.3,53.98,Medium,45.78,8.199999999999996,41.105000000000004,2
2021,Germany,3,Education,Large,10114,3.16,90.1,91.1,58.72,High,53.98,4.740000000000002,45.39666666666667,3
2022,Germany,3,Education,Large,26009,2.3,98.7,88.5,64.71,High,58.72,5.989999999999995,52.82666666666666,4
2023,Germany,3,Education,Large,5263,2.64,99.0,100.0,81.06,High,64.71,16.35000000000001,59.136666666666656,5
2024,Germany,3,Education,Large,14036,3.06,99.0,95.8,83.92,High,81.06,2.8599999999999994,68.16333333333334,6
2025,Germany,3,Education,Large,22996,2.09,99.0,65.3,95.47,High,83.92,11.549999999999997,76.56333333333333,7
2018,Germany,3,Education,Medium,109,2.89,99.0,92.2,22.37,Low,22.37,0.0,22.37,0
2019,Germany,3,Education,Medium,273,3.08,99.0,82.0,34.31,Medium,22.37,11.940000000000001,22.37,1
2020,Germany,3,Education,Medium,583,3.02,99.0,90.8,48.05,Medium,34.31,13.739999999999995,28.340000000000003,2
2021,Germany,3,Education,Medium,195,2.08,99.0,99.9,42.02,Medium,48.05,-6.029999999999994,34.910000000000004,3
2022,Germany,3,Education,Medium,393,2.33,96.4,77.6,52.46,Medium,42.02,10.439999999999998,41.46,4
2023,Germany,3,Education,Medium,930,3.03,92.7,89.0,53.7,Medium,52.46,1.240000000000002,47.51,5
2024,Germany,3,Education,Medium,933,2.74,99.0,73.8,67.44,High,53.7,13.739999999999995,49.39333333333334,6
2025,Germany,3,Education,Medium,722,2.51,95.1,76.6,69.81,High,67.44,2.3700000000000045,57.86666666666667,7
2018,Germany,3,Education,Small,7,2.86,98.6,100.0,8.97,Low,8.97,0.0,8.97,0
2019,Germany,3,Education,Small,31,2.72,88.0,99.3,13.97,Low,8.97,5.0,8.97,1
2020,Germany,3,Education,Small,25,2.28,99.0,98.2,30.51,Medium,13.97,16.54,11.47,2
2021,Germany,3,Education,Small,64,2.41,95.0,78.0,15.49,Low,30.51,-15.020000000000001,17.816666666666666,3
2022,Germany,3,Education,Small,88,2.28,94.3,99.0,32.14,Medium,15.49,16.65,19.990000000000002,4
2023,Germany,3,Education,Small,84,2.38,85.0,80.5,50.41,Medium,32.14,18.269999999999996,26.046666666666667,5
2024,Germany,3,Education,Small,30,2.31,96.4,80.2,51.02,Medium,50.41,0.6100000000000065,32.68,6
2025,Germany,3,Education,Small,21,2.82,99.0,89.0,60.4,High,51.02,9.379999999999995,44.52333333333333,7
2018,Germany,3,Financial Services,Large,16003,2.26,93.1,88.8,62.83,High,62.83,0.0,62.83,0
2019,Germany,3,Financial Services,Large,45291,2.54,97.9,100.0,73.0,High,62.83,10.170000000000002,62.83,1
2020,Germany,3,Financial Services,Large,34120,2.91,99.0,100.0,70.14,High,73.0,-2.8599999999999994,67.91499999999999,2
2021,Germany,3,Financial Services,Large,30410,2.73,99.0,97.8,95.07,High,70.14,24.929999999999993,68.65666666666667,3
2022,Germany,3,Financial Services,Large,49292,2.43,99.0,98.6,78.43,High,95.07,-16.639999999999986,79.40333333333332,4
2023,Germany,3,Financial Services,Large,22353,2.8,99.0,100.0,93.45,High,78.43,15.019999999999996,81.21333333333332,5
2024,Germany,3,Financial Services,Large,34586,2.92,99.0,93.7,97.0,High,93.45,3.549999999999997,88.98333333333333,6
2025,Germany,3,Financial Services,Large,5295,2.46,89.2,84.0,97.0,High,97.0,0.0,89.62666666666667,7
2018,Germany,3,Financial Services,Medium,663,2.65,99.0,93.4,51.51,Medium,51.51,0.0,51.51,0
2019,Germany,3,Financial Services,Medium,345,2.81,96.6,100.0,38.78,Medium,51.51,-12.729999999999997,51.51,1
2020,Germany,3,Financial Services,Medium,718,2.52,99.0,93.4,56.39,High,38.78,17.61,45.144999999999996,2
2021,Germany,3,Financial Services,Medium,432,3.02,99.0,100.0,59.4,High,56.39,3.009999999999998,48.89333333333334,3
2022,Germany,3,Financial Services,Medium,915,2.33,81.2,100.0,61.66,High,59.4,2.259999999999998,51.52333333333333,4
2023,Germany,3,Financial Services,Medium,177,2.81,97.0,80.0,71.85,High,61.66,10.189999999999998,59.15,5
2024,Germany,3,Financial Services,Medium,877,1.97,88.6,94.8,82.21,High,71.85,10.36,64.30333333333333,6
2025,Germany,3,Financial Services,Medium,639,2.6,99.0,93.3,96.71,High,82.21,14.5,71.90666666666667,7
2018,Germany,3,Financial Services,Small,73,2.91,99.0,93.8,23.35,Low,23.35,0.0,23.35,0
2019,Germany,3,Financial Services,Small,25,2.53,94.9,84.2,23.2,Low,23.35,-0.15000000000000213,23.35,1
2020,Germany,3,Financial Services,Small,87,2.29,99.0,91.2,35.12,Medium,23.2,11.919999999999998,23.275,2
2021,Germany,3,Financial Services,Small,19,2.69,99.0,99.2,41.76,Medium,35.12,6.640000000000001,27.223333333333333,3
2022,Germany,3,Financial Services,Small,41,2.54,99.0,100.0,53.65,Medium,41.76,11.89,33.36,4
2023,Germany,3,Financial Services,Small,30,2.09,99.0,92.0,53.34,Medium,53.65,-0.30999999999999517,43.51,5
2024,Germany,3,Financial Services,Small,60,2.24,99.0,84.8,68.72,High,53.34,15.379999999999995,49.583333333333336,6
2025,Germany,3,Financial Services,Small,23,2.27,99.0,74.8,70.25,High,68.72,1.5300000000000011,58.57,7
2018,Germany,3,Gaming,Large,32688,2.0,99.0,82.9,71.42,High,71.42,0.0,71.42,0
2019,Germany,3,Gaming,Large,38132,2.58,93.0,79.7,85.95,High,71.42,14.530000000000001,71.42,1
2020,Germany,3,Gaming,Large,23578,2.53,99.0,100.0,81.14,High,85.95,-4.810000000000002,78.685,2
2021,Germany,3,Gaming,Large,32457,2.66,92.5,94.5,85.09,High,81.14,3.950000000000003,79.50333333333333,3
2022,Germany,3,Gaming,Large,45348,2.65,99.0,84.3,87.5,High,85.09,2.4099999999999966,84.06,4
2023,Germany,3,Gaming,Large,17020,2.49,93.3,100.0,97.0,High,87.5,9.5,84.57666666666667,5
2024,Germany,3,Gaming,Large,44271,2.59,99.0,74.4,97.0,High,97.0,0.0,89.86333333333334,6
2025,Germany,3,Gaming,Large,34637,2.99,99.0,91.9,97.0,High,97.0,0.0,93.83333333333333,7
2018,Germany,3,Gaming,Medium,965,2.14,99.0,88.2,45.3,Medium,45.3,0.0,45.3,0
2019,Germany,3,Gaming,Medium,954,2.25,99.0,97.7,42.64,Medium,45.3,-2.6599999999999966,45.3,1
2020,Germany,3,Gaming,Medium,224,2.26,99.0,95.1,59.57,High,42.64,16.93,43.97,2
2021,Germany,3,Gaming,Medium,679,2.78,94.3,94.9,70.68,High,59.57,11.110000000000007,49.169999999999995,3
2022,Germany,3,Gaming,Medium,176,3.07,94.1,88.5,61.33,High,70.68,-9.350000000000009,57.629999999999995,4
2023,Germany,3,Gaming,Medium,110,2.38,99.0,100.0,72.08,High,61.33,10.75,63.86000000000001,5
2024,Germany,3,Gaming,Medium,790,2.55,99.0,100.0,91.79,High,72.08,19.710000000000008,68.02999999999999,6
2025,Germany,3,Gaming,Medium,720,1.97,99.0,74.9,95.46,High,91.79,3.6699999999999875,75.06666666666666,7
2018,Germany,3,Gaming,Small,13,2.45,97.8,93.7,24.03,Low,24.03,0.0,24.03,0
2019,Germany,3,Gaming,Small,17,2.64,98.7,99.0,27.69,Low,24.03,3.66,24.03,1
2020,Germany,3,Gaming,Small,33,2.57,99.0,94.7,39.3,Medium,27.69,11.609999999999996,25.86,2
2021,Germany,3,Gaming,Small,18,2.61,99.0,100.0,46.91,Medium,39.3,7.609999999999999,30.34,3
2022,Germany,3,Gaming,Small,42,2.8,99.0,100.0,58.91,High,46.91,12.0,37.96666666666666,4
2023,Germany,3,Gaming,Small,67,2.68,95.1,88.7,61.17,High,58.91,2.260000000000005,48.373333333333335,5
2024,Germany,3,Gaming,Small,38,2.47,99.0,89.6,73.29,High,61.17,12.120000000000005,55.663333333333334,6
2025,Germany,3,Gaming,Small,9,2.42,93.2,86.7,84.34,High,73.29,11.049999999999997,64.45666666666666,7
2018,Germany,3,Government,Large,10387,2.78,99.0,85.2,22.37,Low,22.37,0.0,22.37,0
2019,Germany,3,Government,Large,17995,2.23,99.0,100.0,25.2,Low,22.37,2.8299999999999983,22.37,1
2020,Germany,3,Government,Large,13211,2.33,99.0,88.5,45.61,Medium,25.2,20.41,23.785,2
2021,Germany,3,Government,Large,46752,2.89,99.0,90.8,50.18,Medium,45.61,4.57,31.060000000000002,3
2022,Germany,3,Government,Large,24437,2.62,99.0,87.7,64.6,High,50.18,14.419999999999995,40.33,4
2023,Germany,3,Government,Large,7387,2.54,97.5,74.5,53.03,Medium,64.6,-11.569999999999993,53.46333333333333,5
2024,Germany,3,Government,Large,30605,2.96,94.4,91.9,66.65,High,53.03,13.620000000000005,55.93666666666667,6
2025,Germany,3,Government,Large,42424,2.2,99.0,77.3,83.76,High,66.65,17.11,61.42666666666667,7
2018,Germany,3,Government,Medium,924,2.23,99.0,78.9,17.29,Low,17.29,0.0,17.29,0
2019,Germany,3,Government,Medium,527,3.19,86.5,86.5,22.21,Low,17.29,4.920000000000002,17.29,1
2020,Germany,3,Government,Medium,472,2.65,99.0,87.9,30.26,Medium,22.21,8.05,19.75,2
2021,Germany,3,Government,Medium,641,2.56,96.1,86.4,34.84,Medium,30.26,4.580000000000002,23.253333333333334,3
2022,Germany,3,Government,Medium,420,2.64,91.6,100.0,44.17,Medium,34.84,9.329999999999998,29.103333333333335,4
2023,Germany,3,Government,Medium,333,2.5,85.9,79.1,40.9,Medium,44.17,-3.270000000000003,36.42333333333334,5
2024,Germany,3,Government,Medium,314,2.7,99.0,78.3,60.51,High,40.9,19.61,39.970000000000006,6
2025,Germany,3,Government,Medium,941,3.3,88.7,72.5,63.62,High,60.51,3.1099999999999994,48.52666666666667,7
2018,Germany,3,Government,Small,21,2.94,97.0,80.8,4.57,Low,4.57,0.0,4.57,0
2019,Germany,3,Government,Small,40,2.14,88.0,85.4,10.03,Low,4.57,5.459999999999999,4.57,1
2020,Germany,3,Government,Small,9,2.83,99.0,82.3,23.26,Low,10.03,13.230000000000002,7.3,2
2021,Germany,3,Government,Small,16,2.01,91.7,87.6,27.85,Low,23.26,4.59,12.62,3
2022,Germany,3,Government,Small,84,2.86,98.0,97.4,28.18,Low,27.85,0.3299999999999983,20.38,4
2023,Germany,3,Government,Small,81,2.87,99.0,92.0,34.91,Medium,28.18,6.729999999999997,26.430000000000003,5
2024,Germany,3,Government,Small,71,2.9,99.0,78.9,52.73,Medium,34.91,17.82,30.313333333333333,6
2025,Germany,3,Government,Small,13,2.36,99.0,86.8,54.04,Medium,52.73,1.3100000000000023,38.60666666666666,7
2018,Germany,3,Healthcare,Large,24086,2.67,99.0,91.9,52.85,Medium,52.85,0.0,52.85,0
2019,Germany,3,Healthcare,Large,8283,2.72,98.9,83.3,68.42,High,52.85,15.57,52.85,1
2020,Germany,3,Healthcare,Large,18861,2.95,95.1,82.2,74.12,High,68.42,5.700000000000003,60.635000000000005,2
2021,Germany,3,Healthcare,Large,44856,2.91,99.0,100.0,77.28,High,74.12,3.1599999999999966,65.13,3
2022,Germany,3,Healthcare,Large,23993,2.68,98.3,80.5,80.93,High,77.28,3.6500000000000057,73.27333333333333,4
2023,Germany,3,Healthcare,Large,11482,3.0,96.0,86.2,86.13,High,80.93,5.199999999999989,77.44333333333333,5
2024,Germany,3,Healthcare,Large,20477,2.62,99.0,96.5,97.0,High,86.13,10.870000000000005,81.44666666666666,6
2025,Germany,3,Healthcare,Large,44747,2.66,93.7,94.3,97.0,High,97.0,0.0,88.02,7
2018,Germany,3,Healthcare,Medium,661,2.8,99.0,100.0,39.22,Medium,39.22,0.0,39.22,0
2019,Germany,3,Healthcare,Medium,277,2.74,99.0,100.0,46.69,Medium,39.22,7.469999999999999,39.22,1
2020,Germany,3,Healthcare,Medium,356,2.48,87.1,93.1,51.71,Medium,46.69,5.020000000000003,42.955,2
2021,Germany,3,Healthcare,Medium,752,2.8,99.0,92.4,61.52,High,51.71,9.810000000000002,45.873333333333335,3
2022,Germany,3,Healthcare,Medium,669,3.07,99.0,88.2,56.03,High,61.52,-5.490000000000002,53.30666666666667,4
2023,Germany,3,Healthcare,Medium,536,2.28,99.0,95.9,71.15,High,56.03,15.120000000000005,56.419999999999995,5
2024,Germany,3,Healthcare,Medium,789,3.13,97.8,79.7,86.35,High,71.15,15.199999999999989,62.9,6
2025,Germany,3,Healthcare,Medium,317,2.58,76.1,81.4,95.28,High,86.35,8.930000000000007,71.17666666666666,7
2018,Germany,3,Healthcare,Small,16,3.01,99.0,85.6,17.71,Low,17.71,0.0,17.71,0
2019,Germany,3,Healthcare,Small,63,2.69,99.0,72.0,26.43,Low,17.71,8.719999999999999,17.71,1
2020,Germany,3,Healthcare,Small,36,2.01,94.2,89.0,37.05,Medium,26.43,10.619999999999997,22.07,2
2021,Germany,3,Healthcare,Small,19,2.22,97.2,100.0,47.58,Medium,37.05,10.530000000000001,27.063333333333333,3
2022,Germany,3,Healthcare,Small,44,2.19,99.0,89.7,49.85,Medium,47.58,2.270000000000003,37.02,4
2023,Germany,3,Healthcare,Small,52,2.75,90.2,100.0,64.0,High,49.85,14.149999999999999,44.82666666666666,5
2024,Germany,3,Healthcare,Small,78,2.6,99.0,100.0,62.08,High,64.0,-1.9200000000000017,53.81,6
2025,Germany,3,Healthcare,Small,15,2.18,99.0,74.8,66.37,High,62.08,4.290000000000006,58.64333333333334,7
2018,Germany,3,Legal,Large,18443,2.85,99.0,91.9,48.19,Medium,48.19,0.0,48.19,0
2019,Germany,3,Legal,Large,34362,2.34,99.0,94.0,45.94,Medium,48.19,-2.25,48.19,1
2020,Germany,3,Legal,Large,44421,2.49,99.0,68.7,43.09,Medium,45.94,-2.8499999999999943,47.065,2
2021,Germany,3,Legal,Large,9204,3.36,99.0,77.6,51.17,Medium,43.09,8.079999999999998,45.74,3
2022,Germany,3,Legal,Large,43903,2.76,87.8,81.5,60.35,High,51.17,9.18,46.73333333333333,4
2023,Germany,3,Legal,Large,5098,2.74,99.0,83.7,70.26,High,60.35,9.910000000000004,51.53666666666667,5
2024,Germany,3,Legal,Large,37212,2.88,98.1,77.8,80.85,High,70.26,10.58999999999999,60.593333333333334,6
2025,Germany,3,Legal,Large,28632,2.62,99.0,95.8,97.0,High,80.85,16.150000000000006,70.48666666666666,7
2018,Germany,3,Legal,Medium,917,2.81,82.1,85.5,16.29,Low,16.29,0.0,16.29,0
2019,Germany,3,Legal,Medium,856,2.59,99.0,97.6,18.33,Low,16.29,2.039999999999999,16.29,1
2020,Germany,3,Legal,Medium,521,2.59,99.0,94.8,35.87,Medium,18.33,17.54,17.31,2
2021,Germany,3,Legal,Medium,998,2.83,98.1,69.2,38.89,Medium,35.87,3.020000000000003,23.496666666666666,3
2022,Germany,3,Legal,Medium,165,2.09,91.3,83.4,50.36,Medium,38.89,11.469999999999999,31.03,4
2023,Germany,3,Legal,Medium,443,2.41,97.0,86.5,51.11,Medium,50.36,0.75,41.70666666666667,5
2024,Germany,3,Legal,Medium,468,2.68,90.0,87.3,62.29,High,51.11,11.18,46.78666666666666,6
2025,Germany,3,Legal,Medium,621,2.72,93.6,82.0,67.04,High,62.29,4.750000000000007,54.586666666666666,7
2018,Germany,3,Legal,Small,62,2.85,99.0,87.4,2.0,Low,2.0,0.0,2.0,0
2019,Germany,3,Legal,Small,94,2.75,99.0,96.7,6.78,Low,2.0,4.78,2.0,1
2020,Germany,3,Legal,Small,15,2.9,97.1,98.9,22.32,Low,6.78,15.54,4.390000000000001,2
2021,Germany,3,Legal,Small,85,2.44,99.0,77.7,27.67,Low,22.32,5.350000000000001,10.366666666666667,3
2022,Germany,3,Legal,Small,89,2.33,90.9,88.5,30.74,Medium,27.67,3.0699999999999967,18.923333333333336,4
2023,Germany,3,Legal,Small,44,2.75,86.1,75.8,41.8,Medium,30.74,11.059999999999999,26.91,5
2024,Germany,3,Legal,Small,91,2.51,99.0,97.3,46.91,Medium,41.8,5.109999999999999,33.403333333333336,6
2025,Germany,3,Legal,Small,13,2.59,95.5,72.7,51.6,Medium,46.91,4.690000000000005,39.81666666666666,7
2018,Germany,3,Manufacturing,Large,11564,2.55,96.0,64.8,57.93,High,57.93,0.0,57.93,0
2019,Germany,3,Manufacturing,Large,10705,2.22,99.0,100.0,58.05,High,57.93,0.11999999999999744,57.93,1
2020,Germany,3,Manufacturing,Large,49884,2.48,99.0,100.0,66.03,High,58.05,7.980000000000004,57.989999999999995,2
2021,Germany,3,Manufacturing,Large,30069,2.09,90.9,93.3,65.04,High,66.03,-0.9899999999999949,60.669999999999995,3
2022,Germany,3,Manufacturing,Large,4869,2.9,99.0,100.0,77.88,High,65.04,12.83999999999999,63.04,4
2023,Germany,3,Manufacturing,Large,39108,2.92,99.0,85.4,89.65,High,77.88,11.77000000000001,69.64999999999999,5
2024,Germany,3,Manufacturing,Large,38097,2.39,86.3,75.0,97.0,High,89.65,7.349999999999994,77.52333333333333,6
2025,Germany,3,Manufacturing,Large,23072,2.75,96.9,94.5,97.0,High,97.0,0.0,88.17666666666666,7
2018,Germany,3,Manufacturing,Medium,240,2.5,94.0,94.1,33.89,Medium,33.89,0.0,33.89,0
2019,Germany,3,Manufacturing,Medium,107,2.71,99.0,86.8,39.71,Medium,33.89,5.82,33.89,1
2020,Germany,3,Manufacturing,Medium,214,2.41,99.0,63.7,50.77,Medium,39.71,11.060000000000002,36.8,2
2021,Germany,3,Manufacturing,Medium,640,2.74,99.0,100.0,53.9,Medium,50.77,3.1299999999999955,41.45666666666667,3
2022,Germany,3,Manufacturing,Medium,811,2.32,99.0,90.5,57.63,High,53.9,3.730000000000004,48.126666666666665,4
2023,Germany,3,Manufacturing,Medium,490,2.81,93.5,72.4,66.57,High,57.63,8.93999999999999,54.1,5
2024,Germany,3,Manufacturing,Medium,345,2.07,91.1,81.1,74.95,High,66.57,8.38000000000001,59.36666666666667,6
2025,Germany,3,Manufacturing,Medium,440,2.67,99.0,89.9,84.95,High,74.95,10.0,66.38333333333333,7
2018,Germany,3,Manufacturing,Small,73,2.91,99.0,84.6,8.54,Low,8.54,0.0,8.54,0
2019,Germany,3,Manufacturing,Small,10,2.65,99.0,86.2,24.73,Low,8.54,16.19,8.54,1
2020,Germany,3,Manufacturing,Small,48,2.11,92.7,69.5,32.16,Medium,24.73,7.429999999999996,16.634999999999998,2
2021,Germany,3,Manufacturing,Small,7,2.56,99.0,94.9,32.41,Medium,32.16,0.25,21.81,3
2022,Germany,3,Manufacturing,Small,62,2.46,98.7,99.2,55.13,High,32.41,22.720000000000006,29.766666666666662,4
2023,Germany,3,Manufacturing,Small,44,2.5,94.6,92.1,52.48,Medium,55.13,-2.6500000000000057,39.9,5
2024,Germany,3,Manufacturing,Small,83,2.12,99.0,89.6,62.29,High,52.48,9.810000000000002,46.673333333333325,6
2025,Germany,3,Manufacturing,Small,50,2.26,90.1,87.5,74.84,High,62.29,12.550000000000004,56.633333333333326,7
2018,Germany,3,Media & Entertainment,Large,22545,2.82,95.0,100.0,57.02,High,57.02,0.0,57.02,0
2019,Germany,3,Media & Entertainment,Large,40451,2.68,92.5,81.5,60.51,High,57.02,3.489999999999995,57.02,1
2020,Germany,3,Media & Entertainment,Large,23959,3.0,99.0,100.0,72.76,High,60.51,12.250000000000007,58.765,2
2021,Germany,3,Media & Entertainment,Large,34719,2.6,84.7,76.8,75.2,High,72.76,2.4399999999999977,63.43000000000001,3
2022,Germany,3,Media & Entertainment,Large,22446,2.89,99.0,100.0,87.08,High,75.2,11.879999999999995,69.49,4
2023,Germany,3,Media & Entertainment,Large,48842,2.7,99.0,83.1,79.07,High,87.08,-8.010000000000005,78.34666666666668,5
2024,Germany,3,Media & Entertainment,Large,15690,2.65,97.4,90.8,97.0,High,79.07,17.930000000000007,80.45,6
2025,Germany,3,Media & Entertainment,Large,3058,2.36,98.4,100.0,97.0,High,97.0,0.0,87.71666666666665,7
2018,Germany,3,Media & Entertainment,Medium,955,3.12,84.2,87.1,47.74,Medium,47.74,0.0,47.74,0
2019,Germany,3,Media & Entertainment,Medium,577,2.25,87.1,94.8,49.69,Medium,47.74,1.9499999999999957,47.74,1
2020,Germany,3,Media & Entertainment,Medium,820,2.77,99.0,99.2,50.78,Medium,49.69,1.0900000000000034,48.715,2
2021,Germany,3,Media & Entertainment,Medium,196,2.71,90.9,99.7,64.8,High,50.78,14.019999999999996,49.403333333333336,3
2022,Germany,3,Media & Entertainment,Medium,861,2.56,99.0,89.8,68.45,High,64.8,3.6500000000000057,55.089999999999996,4
2023,Germany,3,Media & Entertainment,Medium,545,2.77,95.3,100.0,71.27,High,68.45,2.819999999999993,61.34333333333333,5
2024,Germany,3,Media & Entertainment,Medium,452,2.76,99.0,80.2,83.54,High,71.27,12.27000000000001,68.17333333333333,6
2025,Germany,3,Media & Entertainment,Medium,223,2.58,99.0,98.1,88.91,High,83.54,5.36999999999999,74.42,7
2018,Germany,3,Media & Entertainment,Small,92,2.91,99.0,92.6,14.69,Low,14.69,0.0,14.69,0
2019,Germany,3,Media & Entertainment,Small,51,2.77,95.6,99.5,21.95,Low,14.69,7.26,14.69,1
2020,Germany,3,Media & Entertainment,Small,68,2.74,99.0,65.0,35.3,Medium,21.95,13.349999999999998,18.32,2
2021,Germany,3,Media & Entertainment,Small,91,2.82,93.0,98.1,43.19,Medium,35.3,7.890000000000001,23.98,3
2022,Germany,3,Media & Entertainment,Small,81,2.37,93.2,87.5,51.59,Medium,43.19,8.400000000000006,33.48,4
2023,Germany,3,Media & Entertainment,Small,89,2.57,99.0,82.9,53.84,Medium,51.59,2.25,43.35999999999999,5
2024,Germany,3,Media & Entertainment,Small,46,2.03,94.9,100.0,71.69,High,53.84,17.849999999999994,49.54,6
2025,Germany,3,Media & Entertainment,Small,64,2.47,95.5,97.9,69.96,High,71.69,-1.730000000000004,59.04,7
2018,Germany,3,Retail,Large,17508,2.65,99.0,84.1,52.57,Medium,52.57,0.0,52.57,0
2019,Germany,3,Retail,Large,38924,2.64,94.0,100.0,55.87,High,52.57,3.299999999999997,52.57,1
2020,Germany,3,Retail,Large,8614,3.62,99.0,89.9,60.48,High,55.87,4.609999999999999,54.22,2
2021,Germany,3,Retail,Large,31203,2.95,99.0,90.2,78.28,High,60.48,17.800000000000004,56.306666666666665,3
2022,Germany,3,Retail,Large,12596,2.01,89.5,100.0,82.52,High,78.28,4.239999999999995,64.87666666666667,4
2023,Germany,3,Retail,Large,44246,2.55,99.0,98.2,83.39,High,82.52,0.8700000000000045,73.75999999999999,5
2024,Germany,3,Retail,Large,11336,2.15,99.0,76.2,89.09,High,83.39,5.700000000000003,81.39666666666666,6
2025,Germany,3,Retail,Large,16619,2.43,99.0,99.4,97.0,High,89.09,7.909999999999997,85.0,7
2018,Germany,3,Retail,Medium,408,2.24,97.3,89.7,28.85,Low,28.85,0.0,28.85,0
2019,Germany,3,Retail,Medium,567,2.69,96.0,100.0,39.57,Medium,28.85,10.719999999999999,28.85,1
2020,Germany,3,Retail,Medium,463,2.58,99.0,100.0,37.86,Medium,39.57,-1.7100000000000009,34.21,2
2021,Germany,3,Retail,Medium,133,2.74,99.0,85.4,54.39,Medium,37.86,16.53,35.42666666666667,3
2022,Germany,3,Retail,Medium,978,3.09,88.1,98.7,61.16,High,54.39,6.769999999999996,43.94,4
2023,Germany,3,Retail,Medium,979,2.02,99.0,76.8,63.91,High,61.16,2.75,51.13666666666666,5
2024,Germany,3,Retail,Medium,995,2.2,91.8,73.9,81.05,High,63.91,17.14,59.81999999999999,6
2025,Germany,3,Retail,Medium,602,2.41,99.0,90.2,91.99,High,81.05,10.939999999999998,68.70666666666666,7
2018,Germany,3,Retail,Small,47,3.02,77.8,79.7,16.19,Low,16.19,0.0,16.19,0
2019,Germany,3,Retail,Small,65,2.45,92.4,82.3,17.97,Low,16.19,1.7799999999999976,16.19,1
2020,Germany,3,Retail,Small,87,2.78,99.0,89.7,36.78,Medium,17.97,18.810000000000002,17.08,2
2021,Germany,3,Retail,Small,71,2.4,96.5,100.0,38.95,Medium,36.78,2.1700000000000017,23.646666666666665,3
2022,Germany,3,Retail,Small,25,2.41,96.8,89.9,36.57,Medium,38.95,-2.3800000000000026,31.233333333333334,4
2023,Germany,3,Retail,Small,41,2.35,94.4,91.5,47.74,Medium,36.57,11.170000000000002,37.43333333333334,5
2024,Germany,3,Retail,Small,20,2.6,99.0,93.2,59.19,High,47.74,11.449999999999996,41.086666666666666,6
2025,Germany,3,Retail,Small,56,2.38,92.8,85.9,73.63,High,59.19,14.439999999999998,47.833333333333336,7
2018,Germany,3,Technology,Large,5276,2.34,88.7,78.6,76.33,High,76.33,0.0,76.33,0
2019,Germany,3,Technology,Large,9245,1.62,99.0,96.5,72.45,High,76.33,-3.8799999999999955,76.33,1
2020,Germany,3,Technology,Large,41721,2.5,89.2,92.4,88.15,High,72.45,15.700000000000003,74.39,2
2021,Germany,3,Technology,Large,11208,2.38,99.0,97.9,90.35,High,88.15,2.1999999999999886,78.97666666666667,3
2022,Germany,3,Technology,Large,39203,2.42,99.0,100.0,97.0,High,90.35,6.650000000000006,83.65,4
2023,Germany,3,Technology,Large,16052,2.37,97.5,90.9,97.0,High,97.0,0.0,91.83333333333333,5
2024,Germany,3,Technology,Large,26965,2.1,99.0,93.9,97.0,High,97.0,0.0,94.78333333333335,6
2025,Germany,3,Technology,Large,8991,2.57,99.0,94.3,97.0,High,97.0,0.0,97.0,7
2018,Germany,3,Technology,Medium,846,2.84,96.1,98.4,47.32,Medium,47.32,0.0,47.32,0
2019,Germany,3,Technology,Medium,625,2.73,99.0,94.9,47.87,Medium,47.32,0.5499999999999972,47.32,1
2020,Germany,3,Technology,Medium,921,2.54,93.1,100.0,51.86,Medium,47.87,3.990000000000002,47.595,2
2021,Germany,3,Technology,Medium,711,2.57,97.6,90.2,68.0,High,51.86,16.14,49.01666666666667,3
2022,Germany,3,Technology,Medium,232,3.0,99.0,98.3,76.81,High,68.0,8.810000000000002,55.910000000000004,4
2023,Germany,3,Technology,Medium,406,2.88,99.0,92.8,91.88,High,76.81,15.069999999999993,65.55666666666667,5
2024,Germany,3,Technology,Medium,930,2.73,97.2,88.4,97.0,High,91.88,5.1200000000000045,78.89666666666666,6
2025,Germany,3,Technology,Medium,475,2.26,99.0,94.6,97.0,High,97.0,0.0,88.56333333333333,7
2018,Germany,3,Technology,Small,92,2.68,99.0,100.0,30.99,Medium,30.99,0.0,30.99,0
2019,Germany,3,Technology,Small,30,2.61,99.0,94.6,31.96,Medium,30.99,0.9700000000000024,30.99,1
2020,Germany,3,Technology,Small,5,2.43,99.0,100.0,44.74,Medium,31.96,12.780000000000001,31.475,2
2021,Germany,3,Technology,Small,72,2.27,99.0,91.2,51.72,Medium,44.74,6.979999999999997,35.89666666666667,3
2022,Germany,3,Technology,Small,79,2.53,99.0,79.8,44.86,Medium,51.72,-6.859999999999999,42.80666666666667,4
2023,Germany,3,Technology,Small,83,2.75,99.0,81.0,69.79,High,44.86,24.930000000000007,47.10666666666666,5
2024,Germany,3,Technology,Small,40,2.42,99.0,98.3,81.43,High,69.79,11.64,55.45666666666667,6
2025,Germany,3,Technology,Small,79,2.93,99.0,95.9,82.39,High,81.43,0.9599999999999937,65.36,7
2018,India,1,Agriculture,Large,16620,1.02,56.9,44.0,12.14,Low,12.14,0.0,12.14,0
2019,India,1,Agriculture,Large,25694,0.94,62.5,35.1,18.89,Low,12.14,6.75,12.14,1
2020,India,1,Agriculture,Large,2702,1.04,55.7,39.3,24.93,Low,18.89,6.039999999999999,15.515,2
2021,India,1,Agriculture,Large,29452,1.25,57.5,49.3,28.63,Low,24.93,3.6999999999999993,18.653333333333332,3
2022,India,1,Agriculture,Large,42666,0.97,55.9,41.2,30.0,Medium,28.63,1.370000000000001,24.150000000000002,4
2023,India,1,Agriculture,Large,36608,0.8,64.2,56.4,43.36,Medium,30.0,13.36,27.853333333333335,5
2024,India,1,Agriculture,Large,18280,1.03,63.5,46.1,60.66,High,43.36,17.299999999999997,33.99666666666667,6
2025,India,1,Agriculture,Large,33212,1.15,83.3,38.8,65.98,High,60.66,5.320000000000007,44.67333333333334,7
2018,India,1,Agriculture,Medium,620,1.27,56.2,45.2,2.0,Low,2.0,0.0,2.0,0
2019,India,1,Agriculture,Medium,542,1.47,53.6,47.4,6.5,Low,2.0,4.5,2.0,1
2020,India,1,Agriculture,Medium,995,1.22,60.0,45.7,13.42,Low,6.5,6.92,4.25,2
2021,India,1,Agriculture,Medium,878,1.15,48.5,52.4,21.21,Low,13.42,7.790000000000001,7.3066666666666675,3
2022,India,1,Agriculture,Medium,877,1.33,74.3,48.4,23.48,Low,21.21,2.2699999999999996,13.71,4
2023,India,1,Agriculture,Medium,249,0.95,42.9,40.1,34.45,Medium,23.48,10.970000000000002,19.37,5
2024,India,1,Agriculture,Medium,856,1.26,43.1,44.5,45.83,Medium,34.45,11.379999999999995,26.38,6
2025,India,1,Agriculture,Medium,755,1.45,51.7,28.1,46.16,Medium,45.83,0.3299999999999983,34.586666666666666,7
2018,India,1,Agriculture,Small,65,1.2,53.0,58.8,2.0,Low,2.0,0.0,2.0,0
2019,India,1,Agriculture,Small,18,1.06,61.6,43.4,2.0,Low,2.0,0.0,2.0,1
2020,India,1,Agriculture,Small,6,1.08,52.7,51.2,6.63,Low,2.0,4.63,2.0,2
2021,India,1,Agriculture,Small,53,1.64,64.9,35.8,14.61,Low,6.63,7.9799999999999995,3.543333333333333,3
2022,India,1,Agriculture,Small,51,1.09,47.9,45.8,17.0,Low,14.61,2.3900000000000006,7.746666666666666,4
2023,India,1,Agriculture,Small,27,1.34,52.0,37.8,43.36,Medium,17.0,26.36,12.746666666666664,5
2024,India,1,Agriculture,Small,99,1.2,53.9,43.7,48.94,Medium,43.36,5.579999999999998,24.99,6
2025,India,1,Agriculture,Small,87,1.59,68.0,68.7,53.58,Medium,48.94,4.640000000000001,36.43333333333333,7
2018,India,1,Automotive,Large,17462,1.39,52.9,66.1,32.55,Medium,32.55,0.0,32.55,0
2019,India,1,Automotive,Large,34914,1.22,58.6,43.7,46.62,Medium,32.55,14.07,32.55,1
2020,India,1,Automotive,Large,18900,1.54,51.2,64.5,49.5,Medium,46.62,2.8800000000000026,39.584999999999994,2
2021,India,1,Automotive,Large,14606,0.84,50.6,33.1,59.3,High,49.5,9.799999999999997,42.88999999999999,3
2022,India,1,Automotive,Large,7745,1.21,56.1,50.3,70.77,High,59.3,11.469999999999999,51.806666666666665,4
2023,India,1,Automotive,Large,33875,0.86,66.5,57.2,72.9,High,70.77,2.1300000000000097,59.85666666666666,5
2024,India,1,Automotive,Large,33408,0.92,63.7,39.5,82.95,High,72.9,10.049999999999997,67.65666666666667,6
2025,India,1,Automotive,Large,16042,1.45,66.5,46.1,90.49,High,82.95,7.539999999999992,75.54,7
2018,India,1,Automotive,Medium,728,1.35,64.2,34.9,33.37,Medium,33.37,0.0,33.37,0
2019,India,1,Automotive,Medium,861,1.11,52.1,44.7,38.32,Medium,33.37,4.950000000000003,33.37,1
2020,India,1,Automotive,Medium,116,1.63,77.7,50.6,33.71,Medium,38.32,-4.609999999999999,35.845,2
2021,India,1,Automotive,Medium,640,0.69,53.7,34.0,46.99,Medium,33.71,13.280000000000001,35.13333333333333,3
2022,India,1,Automotive,Medium,877,1.63,61.3,43.2,50.72,Medium,46.99,3.729999999999997,39.67333333333333,4
2023,India,1,Automotive,Medium,610,1.05,57.3,61.2,63.47,High,50.72,12.75,43.80666666666667,5
2024,India,1,Automotive,Medium,814,1.09,54.7,37.1,66.89,High,63.47,3.4200000000000017,53.72666666666667,6
2025,India,1,Automotive,Medium,919,0.69,56.0,61.1,78.18,High,66.89,11.290000000000006,60.35999999999999,7
2018,India,1,Automotive,Small,13,1.43,55.6,54.5,6.97,Low,6.97,0.0,6.97,0
2019,India,1,Automotive,Small,27,1.22,71.2,62.9,29.02,Low,6.97,22.05,6.97,1
2020,India,1,Automotive,Small,53,1.52,61.1,34.5,23.92,Low,29.02,-5.099999999999998,17.995,2
2021,India,1,Automotive,Small,80,1.52,74.7,46.9,32.06,Medium,23.92,8.14,19.97,3
2022,India,1,Automotive,Small,68,1.21,54.3,52.7,48.71,Medium,32.06,16.65,28.333333333333332,4
2023,India,1,Automotive,Small,30,0.87,64.6,59.1,53.46,Medium,48.71,4.75,34.89666666666667,5
2024,India,1,Automotive,Small,56,0.78,62.0,68.7,62.66,High,53.46,9.199999999999996,44.74333333333334,6
2025,India,1,Automotive,Small,34,1.35,66.2,41.2,65.23,High,62.66,2.5700000000000074,54.94333333333333,7
2018,India,1,Education,Large,8057,1.09,57.3,60.1,23.55,Low,23.55,0.0,23.55,0
2019,India,1,Education,Large,49012,0.46,60.7,38.0,33.59,Medium,23.55,10.040000000000003,23.55,1
2020,India,1,Education,Large,33224,1.4,55.7,55.0,48.29,Medium,33.59,14.699999999999996,28.57,2
2021,India,1,Education,Large,38892,1.11,58.5,39.2,49.07,Medium,48.29,0.7800000000000011,35.14333333333334,3
2022,India,1,Education,Large,44468,1.35,30.5,59.0,59.67,High,49.07,10.600000000000001,43.65,4
2023,India,1,Education,Large,35623,0.8,58.9,52.0,64.94,High,59.67,5.269999999999996,52.343333333333334,5
2024,India,1,Education,Large,10880,1.36,54.5,25.3,71.63,High,64.94,6.689999999999998,57.89333333333334,6
2025,India,1,Education,Large,2029,0.54,66.0,28.1,93.07,High,71.63,21.439999999999998,65.41333333333334,7
2018,India,1,Education,Medium,893,1.48,61.7,48.2,10.63,Low,10.63,0.0,10.63,0
2019,India,1,Education,Medium,428,1.49,72.3,57.0,15.21,Low,10.63,4.58,10.63,1
2020,India,1,Education,Medium,541,1.07,59.7,39.5,30.08,Medium,15.21,14.869999999999997,12.920000000000002,2
2021,India,1,Education,Medium,277,1.58,59.2,47.0,38.38,Medium,30.08,8.300000000000004,18.64,3
2022,India,1,Education,Medium,360,0.86,64.7,50.0,38.31,Medium,38.38,-0.07000000000000028,27.89,4
2023,India,1,Education,Medium,816,1.04,67.1,41.9,49.85,Medium,38.31,11.54,35.59,5
2024,India,1,Education,Medium,822,0.75,61.8,62.0,65.36,High,49.85,15.509999999999998,42.18,6
2025,India,1,Education,Medium,394,1.06,60.6,36.6,64.53,High,65.36,-0.8299999999999983,51.17333333333334,7
2018,India,1,Education,Small,71,1.65,47.6,44.2,8.89,Low,8.89,0.0,8.89,0
2019,India,1,Education,Small,70,1.02,67.9,49.1,5.77,Low,8.89,-3.120000000000001,8.89,1
2020,India,1,Education,Small,29,1.33,66.6,45.8,17.24,Low,5.77,11.469999999999999,7.33,2
2021,India,1,Education,Small,80,0.8,60.9,55.9,24.03,Low,17.24,6.790000000000003,10.633333333333333,3
2022,India,1,Education,Small,69,1.31,67.4,36.1,38.05,Medium,24.03,14.019999999999996,15.68,4
2023,India,1,Education,Small,41,1.65,62.9,46.8,40.62,Medium,38.05,2.5700000000000003,26.439999999999998,5
2024,India,1,Education,Small,68,1.27,58.0,28.2,45.36,Medium,40.62,4.740000000000002,34.23333333333333,6
2025,India,1,Education,Small,74,1.52,69.1,53.2,56.07,High,45.36,10.71,41.343333333333334,7
2018,India,1,Financial Services,Large,21674,1.1,55.7,71.1,37.33,Medium,37.33,0.0,37.33,0
2019,India,1,Financial Services,Large,18191,0.58,61.9,43.0,59.8,High,37.33,22.47,37.33,1
2020,India,1,Financial Services,Large,29094,1.38,51.1,49.5,66.84,High,59.8,7.040000000000006,48.565,2
2021,India,1,Financial Services,Large,40501,1.41,70.9,42.2,67.98,High,66.84,1.1400000000000006,54.656666666666666,3
2022,India,1,Financial Services,Large,36874,0.84,64.9,65.0,69.63,High,67.98,1.6499999999999915,64.87333333333333,4
2023,India,1,Financial Services,Large,14672,1.72,52.6,65.4,84.46,High,69.63,14.829999999999998,68.14999999999999,5
2024,India,1,Financial Services,Large,49652,0.81,57.1,56.1,95.25,High,84.46,10.790000000000006,74.02333333333333,6
2025,India,1,Financial Services,Large,10782,1.33,38.0,62.5,97.0,High,95.25,1.75,83.11333333333333,7
2018,India,1,Financial Services,Medium,728,1.84,54.5,50.4,20.46,Low,20.46,0.0,20.46,0
2019,India,1,Financial Services,Medium,964,1.44,69.7,40.8,44.03,Medium,20.46,23.57,20.46,1
2020,India,1,Financial Services,Medium,624,1.34,53.6,52.9,45.36,Medium,44.03,1.3299999999999983,32.245000000000005,2
2021,India,1,Financial Services,Medium,595,1.42,58.1,64.4,46.07,Medium,45.36,0.7100000000000009,36.61666666666667,3
2022,India,1,Financial Services,Medium,394,0.82,56.2,44.4,59.95,High,46.07,13.880000000000003,45.15333333333333,4
2023,India,1,Financial Services,Medium,808,1.08,48.9,63.7,64.64,High,59.95,4.689999999999998,50.46,5
2024,India,1,Financial Services,Medium,737,1.03,68.2,51.0,76.76,High,64.64,12.120000000000005,56.88666666666668,6
2025,India,1,Financial Services,Medium,426,1.19,69.9,71.4,78.84,High,76.76,2.0799999999999983,67.11666666666667,7
2018,India,1,Financial Services,Small,27,1.42,48.2,51.6,14.94,Low,14.94,0.0,14.94,0
2019,India,1,Financial Services,Small,45,1.11,65.0,55.4,7.3,Low,14.94,-7.64,14.94,1
2020,India,1,Financial Services,Small,40,1.02,37.4,64.0,32.71,Medium,7.3,25.41,11.12,2
2021,India,1,Financial Services,Small,54,1.32,78.6,34.5,35.16,Medium,32.71,2.4499999999999957,18.316666666666666,3
2022,India,1,Financial Services,Small,7,1.02,65.2,51.0,42.64,Medium,35.16,7.480000000000004,25.05666666666666,4
2023,India,1,Financial Services,Small,53,1.13,72.2,52.9,59.16,High,42.64,16.519999999999996,36.836666666666666,5
2024,India,1,Financial Services,Small,98,1.12,71.0,29.9,58.13,High,59.16,-1.029999999999994,45.65333333333333,6
2025,India,1,Financial Services,Small,43,1.65,70.1,58.9,63.4,High,58.13,5.269999999999996,53.31,7
2018,India,1,Gaming,Large,34452,0.89,70.2,49.3,50.54,Medium,50.54,0.0,50.54,0
2019,India,1,Gaming,Large,6450,0.89,51.3,44.7,63.57,High,50.54,13.030000000000001,50.54,1
2020,India,1,Gaming,Large,36158,1.22,49.4,50.3,57.07,High,63.57,-6.5,57.055,2
2021,India,1,Gaming,Large,21301,1.16,61.7,50.0,57.66,High,57.07,0.5899999999999963,57.06,3
2022,India,1,Gaming,Large,46500,1.23,46.0,56.9,72.14,High,57.66,14.480000000000004,59.43333333333334,4
2023,India,1,Gaming,Large,28061,0.96,61.4,61.7,91.13,High,72.14,18.989999999999995,62.29,5
2024,India,1,Gaming,Large,4542,1.7,64.1,48.0,87.85,High,91.13,-3.280000000000001,73.64333333333333,6
2025,India,1,Gaming,Large,22140,1.11,57.6,53.8,97.0,High,87.85,9.150000000000006,83.70666666666666,7
2018,India,1,Gaming,Medium,314,1.05,54.4,53.2,34.98,Medium,34.98,0.0,34.98,0
2019,India,1,Gaming,Medium,277,1.44,62.5,82.6,38.04,Medium,34.98,3.0600000000000023,34.98,1
2020,India,1,Gaming,Medium,911,1.52,63.3,52.0,47.18,Medium,38.04,9.14,36.51,2
2021,India,1,Gaming,Medium,105,1.11,69.2,46.6,44.82,Medium,47.18,-2.3599999999999994,40.06666666666666,3
2022,India,1,Gaming,Medium,368,1.35,54.4,49.6,57.84,High,44.82,13.020000000000003,43.34666666666667,4
2023,India,1,Gaming,Medium,913,1.42,68.6,65.9,63.91,High,57.84,6.069999999999993,49.946666666666665,5
2024,India,1,Gaming,Medium,756,0.72,69.9,53.5,79.97,High,63.91,16.060000000000002,55.52333333333333,6
2025,India,1,Gaming,Medium,247,1.31,61.2,63.7,85.11,High,79.97,5.140000000000001,67.24,7
2018,India,1,Gaming,Small,96,1.38,50.3,42.5,16.03,Low,16.03,0.0,16.03,0
2019,India,1,Gaming,Small,69,1.24,54.3,52.0,19.48,Low,16.03,3.4499999999999993,16.03,1
2020,India,1,Gaming,Small,61,0.82,41.2,44.4,28.65,Low,19.48,9.169999999999998,17.755000000000003,2
2021,India,1,Gaming,Small,63,0.56,51.9,40.2,40.2,Medium,28.65,11.550000000000004,21.386666666666667,3
2022,India,1,Gaming,Small,91,1.44,63.2,36.7,46.68,Medium,40.2,6.479999999999997,29.44333333333333,4
2023,India,1,Gaming,Small,88,1.07,63.3,54.6,52.03,Medium,46.68,5.350000000000001,38.51,5
2024,India,1,Gaming,Small,78,1.43,61.4,42.7,62.89,High,52.03,10.86,46.303333333333335,6
2025,India,1,Gaming,Small,42,1.3,55.9,57.2,72.59,High,62.89,9.700000000000003,53.86666666666667,7
2018,India,1,Government,Large,36022,1.53,73.6,31.7,11.89,Low,11.89,0.0,11.89,0
2019,India,1,Government,Large,39399,1.15,65.6,27.9,30.66,Medium,11.89,18.77,11.89,1
2020,India,1,Government,Large,6273,1.29,65.3,39.8,37.5,Medium,30.66,6.84,21.275,2
2021,India,1,Government,Large,31396,1.05,57.4,41.8,33.1,Medium,37.5,-4.399999999999999,26.683333333333334,3
2022,India,1,Government,Large,45741,1.42,65.7,37.3,42.92,Medium,33.1,9.82,33.75333333333333,4
2023,India,1,Government,Large,26552,0.66,62.4,47.3,52.09,Medium,42.92,9.170000000000002,37.84,5
2024,India,1,Government,Large,33035,1.43,67.3,45.1,62.63,High,52.09,10.54,42.70333333333334,6
2025,India,1,Government,Large,29715,1.45,50.0,44.7,77.67,High,62.63,15.04,52.546666666666674,7
2018,India,1,Government,Medium,747,1.43,60.6,55.4,11.65,Low,11.65,0.0,11.65,0
2019,India,1,Government,Medium,335,0.79,56.5,53.4,13.86,Low,11.65,2.209999999999999,11.65,1
2020,India,1,Government,Medium,697,1.32,74.9,47.4,25.75,Low,13.86,11.89,12.754999999999999,2
2021,India,1,Government,Medium,267,1.48,56.2,45.5,22.78,Low,25.75,-2.969999999999999,17.086666666666666,3
2022,India,1,Government,Medium,444,1.23,54.2,55.5,26.09,Low,22.78,3.3099999999999987,20.796666666666667,4
2023,India,1,Government,Medium,295,1.27,71.1,45.8,52.35,Medium,26.09,26.26,24.873333333333335,5
2024,India,1,Government,Medium,973,0.89,60.3,51.7,62.1,High,52.35,9.75,33.74,6
2025,India,1,Government,Medium,489,0.92,61.1,50.3,53.44,Medium,62.1,-8.660000000000004,46.846666666666664,7
2018,India,1,Government,Small,68,1.15,64.4,34.5,2.0,Low,2.0,0.0,2.0,0
2019,India,1,Government,Small,43,0.88,53.7,62.2,2.0,Low,2.0,0.0,2.0,1
2020,India,1,Government,Small,12,1.12,75.0,45.5,10.91,Low,2.0,8.91,2.0,2
2021,India,1,Government,Small,30,0.91,55.6,58.5,14.08,Low,10.91,3.17,4.97,3
2022,India,1,Government,Small,7,1.29,73.1,42.5,29.76,Low,14.08,15.680000000000001,8.996666666666668,4
2023,India,1,Government,Small,80,1.08,57.4,38.9,33.65,Medium,29.76,3.889999999999997,18.25,5
2024,India,1,Government,Small,92,1.32,48.4,27.2,53.13,Medium,33.65,19.480000000000004,25.830000000000002,6
2025,India,1,Government,Small,70,1.32,65.0,35.6,50.54,Medium,53.13,-2.5900000000000034,38.846666666666664,7
2018,India,1,Healthcare,Large,15736,1.35,74.7,48.3,43.16,Medium,43.16,0.0,43.16,0
2019,India,1,Healthcare,Large,43959,0.98,63.2,60.1,50.52,Medium,43.16,7.3600000000000065,43.16,1
2020,India,1,Healthcare,Large,16168,0.94,76.4,55.5,60.91,High,50.52,10.389999999999993,46.84,2
2021,India,1,Healthcare,Large,5430,1.2,60.5,43.8,69.98,High,60.91,9.070000000000007,51.53,3
2022,India,1,Healthcare,Large,45271,1.22,47.3,59.1,68.67,High,69.98,-1.3100000000000023,60.47,4
2023,India,1,Healthcare,Large,30461,0.93,53.8,47.7,87.2,High,68.67,18.53,66.52,5
2024,India,1,Healthcare,Large,34506,1.16,57.1,53.0,89.91,High,87.2,2.7099999999999937,75.28333333333333,6
2025,India,1,Healthcare,Large,41969,1.74,56.7,61.2,97.0,High,89.91,7.090000000000003,81.92666666666666,7
2018,India,1,Healthcare,Medium,982,0.94,39.4,48.5,15.5,Low,15.5,0.0,15.5,0
2019,India,1,Healthcare,Medium,843,1.48,60.7,65.8,33.66,Medium,15.5,18.159999999999997,15.5,1
2020,India,1,Healthcare,Medium,384,0.9,50.8,57.4,46.42,Medium,33.66,12.760000000000005,24.58,2
2021,India,1,Healthcare,Medium,540,1.11,66.2,66.4,39.59,Medium,46.42,-6.829999999999998,31.86,3
2022,India,1,Healthcare,Medium,395,0.88,58.6,52.2,53.9,Medium,39.59,14.309999999999995,39.89,4
2023,India,1,Healthcare,Medium,623,0.98,54.0,36.0,58.13,High,53.9,4.230000000000004,46.63666666666666,5
2024,India,1,Healthcare,Medium,715,1.33,65.2,39.9,73.62,High,58.13,15.490000000000002,50.54,6
2025,India,1,Healthcare,Medium,982,0.87,54.9,43.2,78.15,High,73.62,4.530000000000001,61.88333333333333,7
2018,India,1,Healthcare,Small,67,1.06,72.2,47.7,10.88,Low,10.88,0.0,10.88,0
2019,India,1,Healthcare,Small,20,1.1,54.3,66.5,16.03,Low,10.88,5.15,10.88,1
2020,India,1,Healthcare,Small,68,0.93,49.9,49.5,23.94,Low,16.03,7.91,13.455000000000002,2
2021,India,1,Healthcare,Small,12,1.05,51.3,58.8,41.15,Medium,23.94,17.209999999999997,16.950000000000003,3
2022,India,1,Healthcare,Small,91,1.47,58.8,58.3,49.05,Medium,41.15,7.899999999999999,27.040000000000003,4
2023,India,1,Healthcare,Small,48,0.72,63.6,51.3,54.61,Medium,49.05,5.560000000000002,38.04666666666666,5
2024,India,1,Healthcare,Small,88,1.13,60.5,51.4,54.92,Medium,54.61,0.3100000000000023,48.27,6
2025,India,1,Healthcare,Small,44,0.86,53.8,43.3,63.42,High,54.92,8.5,52.85999999999999,7
2018,India,1,Legal,Large,34125,1.12,64.4,60.5,25.08,Low,25.08,0.0,25.08,0
2019,India,1,Legal,Large,34351,1.11,56.8,30.1,28.2,Low,25.08,3.120000000000001,25.08,1
2020,India,1,Legal,Large,21916,1.29,61.3,62.5,40.2,Medium,28.2,12.000000000000004,26.64,2
2021,India,1,Legal,Large,39597,0.86,62.1,43.7,50.13,Medium,40.2,9.93,31.16,3
2022,India,1,Legal,Large,32926,1.12,55.3,49.7,46.99,Medium,50.13,-3.1400000000000006,39.51,4
2023,India,1,Legal,Large,27474,1.86,68.9,54.1,57.92,High,46.99,10.93,45.77333333333333,5
2024,India,1,Legal,Large,10380,1.5,52.0,48.9,72.95,High,57.92,15.030000000000001,51.68000000000001,6
2025,India,1,Legal,Large,3671,1.57,56.6,46.5,80.02,High,72.95,7.069999999999993,59.28666666666667,7
2018,India,1,Legal,Medium,106,1.32,74.4,46.7,17.71,Low,17.71,0.0,17.71,0
2019,India,1,Legal,Medium,380,1.02,37.8,53.2,18.45,Low,17.71,0.7399999999999984,17.71,1
2020,India,1,Legal,Medium,436,1.09,62.4,59.6,20.13,Low,18.45,1.6799999999999997,18.08,2
2021,India,1,Legal,Medium,486,1.52,41.2,32.8,37.4,Medium,20.13,17.27,18.763333333333332,3
2022,India,1,Legal,Medium,558,1.18,56.2,46.8,34.12,Medium,37.4,-3.280000000000001,25.326666666666664,4
2023,India,1,Legal,Medium,250,1.49,64.1,55.6,49.58,Medium,34.12,15.46,30.549999999999997,5
2024,India,1,Legal,Medium,505,1.0,47.2,37.9,54.86,Medium,49.58,5.280000000000001,40.36666666666667,6
2025,India,1,Legal,Medium,696,1.46,62.8,43.0,62.02,High,54.86,7.160000000000004,46.18666666666667,7
2018,India,1,Legal,Small,86,1.21,70.4,61.1,2.0,Low,2.0,0.0,2.0,0
2019,India,1,Legal,Small,46,1.48,57.0,58.0,11.36,Low,2.0,9.36,2.0,1
2020,India,1,Legal,Small,62,1.25,57.1,59.5,16.69,Low,11.36,5.330000000000002,6.68,2
2021,India,1,Legal,Small,37,0.95,56.9,50.7,19.41,Low,16.69,2.719999999999999,10.016666666666667,3
2022,India,1,Legal,Small,80,1.34,72.8,49.0,29.62,Low,19.41,10.21,15.82,4
2023,India,1,Legal,Small,27,1.09,61.6,48.8,36.3,Medium,29.62,6.679999999999996,21.906666666666666,5
2024,India,1,Legal,Small,89,0.8,53.8,40.3,46.75,Medium,36.3,10.450000000000003,28.44333333333333,6
2025,India,1,Legal,Small,56,1.59,51.1,64.8,56.36,High,46.75,9.61,37.556666666666665,7
2018,India,1,Manufacturing,Large,43058,1.04,55.6,58.8,41.69,Medium,41.69,0.0,41.69,0
2019,India,1,Manufacturing,Large,39419,1.05,58.4,60.7,45.43,Medium,41.69,3.740000000000002,41.69,1
2020,India,1,Manufacturing,Large,33548,1.51,74.5,59.6,52.63,Medium,45.43,7.200000000000003,43.56,2
2021,India,1,Manufacturing,Large,6961,0.95,61.2,49.6,67.32,High,52.63,14.68999999999999,46.583333333333336,3
2022,India,1,Manufacturing,Large,10221,1.59,61.2,42.0,61.25,High,67.32,-6.069999999999993,55.126666666666665,4
2023,India,1,Manufacturing,Large,12169,1.53,57.4,64.9,72.41,High,61.25,11.159999999999997,60.4,5
2024,India,1,Manufacturing,Large,15033,1.09,62.9,42.3,75.96,High,72.41,3.549999999999997,66.99333333333333,6
2025,India,1,Manufacturing,Large,9354,0.98,55.4,31.9,83.34,High,75.96,7.38000000000001,69.87333333333333,7
2018,India,1,Manufacturing,Medium,101,1.53,75.5,44.6,15.83,Low,15.83,0.0,15.83,0
2019,India,1,Manufacturing,Medium,327,1.12,58.2,57.4,14.65,Low,15.83,-1.1799999999999997,15.83,1
2020,India,1,Manufacturing,Medium,441,1.28,67.2,36.0,30.71,Medium,14.65,16.060000000000002,15.24,2
2021,India,1,Manufacturing,Medium,204,1.24,74.7,50.8,38.15,Medium,30.71,7.439999999999998,20.396666666666665,3
2022,India,1,Manufacturing,Medium,473,1.33,62.1,45.2,49.99,Medium,38.15,11.840000000000003,27.83666666666667,4
2023,India,1,Manufacturing,Medium,742,1.18,56.6,45.5,65.45,High,49.99,15.46,39.61666666666667,5
2024,India,1,Manufacturing,Medium,500,1.04,69.7,56.6,63.32,High,65.45,-2.1300000000000026,51.19666666666668,6
2025,India,1,Manufacturing,Medium,515,2.34,63.7,51.8,74.91,High,63.32,11.589999999999996,59.58666666666667,7
2018,India,1,Manufacturing,Small,70,1.4,52.6,50.7,14.05,Low,14.05,0.0,14.05,0
2019,India,1,Manufacturing,Small,75,0.81,65.5,60.6,22.21,Low,14.05,8.16,14.05,1
2020,India,1,Manufacturing,Small,60,1.28,74.3,54.3,16.6,Low,22.21,-5.609999999999999,18.130000000000003,2
2021,India,1,Manufacturing,Small,29,1.62,51.5,65.5,28.59,Low,16.6,11.989999999999998,17.62,3
2022,India,1,Manufacturing,Small,78,0.81,67.4,53.9,34.55,Medium,28.59,5.959999999999997,22.46666666666667,4
2023,India,1,Manufacturing,Small,34,1.62,75.3,50.8,44.1,Medium,34.55,9.550000000000004,26.58,5
2024,India,1,Manufacturing,Small,38,1.87,68.5,31.2,65.15,High,44.1,21.050000000000004,35.74666666666667,6
2025,India,1,Manufacturing,Small,66,0.98,68.4,39.8,61.78,High,65.15,-3.3700000000000045,47.93333333333334,7
2018,India,1,Media & Entertainment,Large,33291,0.93,69.7,68.5,39.88,Medium,39.88,0.0,39.88,0
2019,India,1,Media & Entertainment,Large,44883,1.24,55.1,38.9,44.82,Medium,39.88,4.939999999999998,39.88,1
2020,India,1,Media & Entertainment,Large,49577,1.33,52.4,42.9,61.08,High,44.82,16.259999999999998,42.35,2
2021,India,1,Media & Entertainment,Large,17173,1.35,66.4,63.1,57.16,High,61.08,-3.9200000000000017,48.593333333333334,3
2022,India,1,Media & Entertainment,Large,7078,1.27,67.4,54.6,72.17,High,57.16,15.010000000000005,54.35333333333333,4
2023,India,1,Media & Entertainment,Large,34675,1.73,61.2,57.3,77.9,High,72.17,5.730000000000004,63.47,5
2024,India,1,Media & Entertainment,Large,5344,1.36,62.9,53.9,88.53,High,77.9,10.629999999999995,69.07666666666667,6
2025,India,1,Media & Entertainment,Large,2794,1.09,68.8,47.4,97.0,High,88.53,8.469999999999999,79.53333333333333,7
2018,India,1,Media & Entertainment,Medium,244,1.08,64.4,53.7,21.44,Low,21.44,0.0,21.44,0
2019,India,1,Media & Entertainment,Medium,366,1.91,44.1,54.6,22.25,Low,21.44,0.8099999999999987,21.44,1
2020,India,1,Media & Entertainment,Medium,243,1.65,69.0,51.3,37.2,Medium,22.25,14.950000000000003,21.845,2
2021,India,1,Media & Entertainment,Medium,430,0.97,70.2,53.6,45.1,Medium,37.2,7.899999999999999,26.963333333333335,3
2022,India,1,Media & Entertainment,Medium,622,0.88,68.3,62.2,55.01,High,45.1,9.909999999999997,34.85,4
2023,India,1,Media & Entertainment,Medium,572,1.08,60.0,59.2,50.34,Medium,55.01,-4.669999999999995,45.77,5
2024,India,1,Media & Entertainment,Medium,113,0.86,56.1,71.7,73.12,High,50.34,22.78,50.15,6
2025,India,1,Media & Entertainment,Medium,185,1.53,59.5,66.1,71.91,High,73.12,-1.210000000000008,59.49000000000001,7
2018,India,1,Media & Entertainment,Small,42,1.52,63.6,45.9,11.98,Low,11.98,0.0,11.98,0
2019,India,1,Media & Entertainment,Small,85,1.15,62.4,48.5,24.97,Low,11.98,12.989999999999998,11.98,1
2020,India,1,Media & Entertainment,Small,6,1.16,67.1,58.8,20.1,Low,24.97,-4.869999999999997,18.475,2
2021,India,1,Media & Entertainment,Small,6,1.21,67.9,68.0,37.51,Medium,20.1,17.409999999999997,19.016666666666666,3
2022,India,1,Media & Entertainment,Small,62,1.02,63.5,58.5,47.3,Medium,37.51,9.79,27.526666666666667,4
2023,India,1,Media & Entertainment,Small,5,0.9,71.4,47.6,49.13,Medium,47.3,1.8300000000000054,34.97,5
2024,India,1,Media & Entertainment,Small,62,1.38,64.8,28.1,62.95,High,49.13,13.82,44.64666666666667,6
2025,India,1,Media & Entertainment,Small,13,0.68,62.7,46.3,60.45,High,62.95,-2.5,53.126666666666665,7
2018,India,1,Retail,Large,27589,1.22,63.5,56.7,34.31,Medium,34.31,0.0,34.31,0
2019,India,1,Retail,Large,42284,1.18,56.6,47.4,46.66,Medium,34.31,12.349999999999994,34.31,1
2020,India,1,Retail,Large,18494,1.37,51.1,50.2,47.8,Medium,46.66,1.1400000000000006,40.485,2
2021,India,1,Retail,Large,23727,1.06,65.3,63.2,51.47,Medium,47.8,3.6700000000000017,42.923333333333325,3
2022,India,1,Retail,Large,22524,0.94,58.1,60.7,68.69,High,51.47,17.22,48.64333333333334,4
2023,India,1,Retail,Large,43578,1.6,66.1,49.7,69.05,High,68.69,0.35999999999999943,55.98666666666666,5
2024,India,1,Retail,Large,39809,1.01,54.2,53.1,80.29,High,69.05,11.240000000000009,63.06999999999999,6
2025,India,1,Retail,Large,47014,0.9,61.5,35.3,85.65,High,80.29,5.359999999999999,72.67666666666666,7
2018,India,1,Retail,Medium,999,1.34,57.4,65.9,12.81,Low,12.81,0.0,12.81,0
2019,India,1,Retail,Medium,143,1.41,63.0,39.5,22.86,Low,12.81,10.049999999999999,12.81,1
2020,India,1,Retail,Medium,653,0.89,44.8,48.3,31.05,Medium,22.86,8.190000000000001,17.835,2
2021,India,1,Retail,Medium,823,1.07,70.4,51.3,41.85,Medium,31.05,10.8,22.24,3
2022,India,1,Retail,Medium,391,1.28,69.9,43.0,44.93,Medium,41.85,3.0799999999999983,31.92,4
2023,India,1,Retail,Medium,480,1.59,68.3,60.4,61.05,High,44.93,16.119999999999997,39.27666666666667,5
2024,India,1,Retail,Medium,475,1.67,64.8,48.4,69.92,High,61.05,8.870000000000005,49.27666666666667,6
2025,India,1,Retail,Medium,743,1.29,66.5,62.3,80.98,High,69.92,11.060000000000002,58.633333333333326,7
2018,India,1,Retail,Small,88,0.84,58.8,61.0,7.34,Low,7.34,0.0,7.34,0
2019,India,1,Retail,Small,98,1.18,75.3,39.2,19.06,Low,7.34,11.719999999999999,7.34,1
2020,India,1,Retail,Small,70,1.0,54.4,55.3,16.62,Low,19.06,-2.4399999999999977,13.2,2
2021,India,1,Retail,Small,80,0.77,44.9,55.6,31.31,Medium,16.62,14.689999999999998,14.339999999999998,3
2022,India,1,Retail,Small,45,1.52,66.3,70.0,35.68,Medium,31.31,4.370000000000001,22.33,4
2023,India,1,Retail,Small,55,1.57,49.8,52.3,42.74,Medium,35.68,7.060000000000002,27.87,5
2024,India,1,Retail,Small,38,1.33,58.4,44.7,52.9,Medium,42.74,10.159999999999997,36.57666666666666,6
2025,India,1,Retail,Small,26,1.22,62.0,45.0,60.14,High,52.9,7.240000000000002,43.77333333333333,7
2018,India,1,Technology,Large,47348,1.05,65.7,51.0,45.52,Medium,45.52,0.0,45.52,0
2019,India,1,Technology,Large,29829,0.9,62.5,55.5,64.55,High,45.52,19.029999999999994,45.52,1
2020,India,1,Technology,Large,3448,1.0,62.8,58.4,69.27,High,64.55,4.719999999999999,55.035,2
2021,India,1,Technology,Large,49720,1.63,63.7,67.6,74.33,High,69.27,5.060000000000002,59.78,3
2022,India,1,Technology,Large,46730,1.05,61.0,49.4,78.67,High,74.33,4.340000000000003,69.38333333333333,4
2023,India,1,Technology,Large,22750,0.89,63.2,72.2,91.65,High,78.67,12.980000000000004,74.09,5
2024,India,1,Technology,Large,22663,0.36,55.3,69.3,97.0,High,91.65,5.349999999999994,81.55,6
2025,India,1,Technology,Large,22603,1.64,52.6,58.8,97.0,High,97.0,0.0,89.10666666666668,7
2018,India,1,Technology,Medium,254,1.1,40.5,49.3,30.66,Medium,30.66,0.0,30.66,0
2019,India,1,Technology,Medium,428,1.19,57.9,67.8,34.53,Medium,30.66,3.870000000000001,30.66,1
2020,India,1,Technology,Medium,925,1.02,57.6,62.4,40.47,Medium,34.53,5.939999999999998,32.595,2
2021,India,1,Technology,Medium,509,1.5,69.3,65.6,51.02,Medium,40.47,10.550000000000004,35.22,3
2022,India,1,Technology,Medium,265,1.24,57.1,75.5,56.72,High,51.02,5.699999999999996,42.00666666666667,4
2023,India,1,Technology,Medium,407,1.52,61.8,59.6,65.6,High,56.72,8.879999999999995,49.403333333333336,5
2024,India,1,Technology,Medium,136,1.3,61.6,55.7,76.74,High,65.6,11.14,57.78,6
2025,India,1,Technology,Medium,106,1.08,72.1,61.1,82.43,High,76.74,5.690000000000012,66.35333333333334,7
2018,India,1,Technology,Small,46,0.84,75.2,55.1,12.51,Low,12.51,0.0,12.51,0
2019,India,1,Technology,Small,61,1.52,69.0,68.7,20.55,Low,12.51,8.040000000000001,12.51,1
2020,India,1,Technology,Small,39,1.33,55.6,55.7,41.08,Medium,20.55,20.529999999999998,16.53,2
2021,India,1,Technology,Small,12,0.98,58.5,60.0,42.91,Medium,41.08,1.8299999999999983,24.713333333333335,3
2022,India,1,Technology,Small,55,0.92,64.5,64.5,44.32,Medium,42.91,1.4100000000000037,34.846666666666664,4
2023,India,1,Technology,Small,67,1.4,60.9,54.9,49.5,Medium,44.32,5.18,42.77,5
2024,India,1,Technology,Small,59,0.8,51.5,70.3,57.41,High,49.5,7.909999999999997,45.576666666666675,6
2025,India,1,Technology,Small,44,1.32,62.3,37.9,64.71,High,57.41,7.299999999999997,50.410000000000004,7
2018,Israel,3,Agriculture,Large,7256,2.45,81.6,86.9,27.89,Low,27.89,0.0,27.89,0
2019,Israel,3,Agriculture,Large,34787,2.56,99.0,69.6,26.91,Low,27.89,-0.9800000000000004,27.89,1
2020,Israel,3,Agriculture,Large,35501,2.44,99.0,100.0,34.73,Medium,26.91,7.819999999999997,27.4,2
2021,Israel,3,Agriculture,Large,25570,2.19,99.0,100.0,46.64,Medium,34.73,11.910000000000004,29.843333333333334,3
2022,Israel,3,Agriculture,Large,8999,2.56,96.3,67.3,52.74,Medium,46.64,6.100000000000001,36.093333333333334,4
2023,Israel,3,Agriculture,Large,20715,2.44,90.6,54.5,63.69,High,52.74,10.949999999999996,44.70333333333334,5
2024,Israel,3,Agriculture,Large,2619,2.64,96.3,79.8,71.62,High,63.69,7.930000000000007,54.35666666666666,6
2025,Israel,3,Agriculture,Large,9461,2.64,92.2,74.3,80.89,High,71.62,9.269999999999996,62.68333333333334,7
2018,Israel,3,Agriculture,Medium,973,2.83,97.2,89.4,15.63,Low,15.63,0.0,15.63,0
2019,Israel,3,Agriculture,Medium,211,2.34,99.0,95.1,24.15,Low,15.63,8.519999999999998,15.63,1
2020,Israel,3,Agriculture,Medium,308,3.39,99.0,85.6,34.84,Medium,24.15,10.690000000000005,19.89,2
2021,Israel,3,Agriculture,Medium,923,2.73,92.9,78.9,32.05,Medium,34.84,-2.7900000000000063,24.873333333333335,3
2022,Israel,3,Agriculture,Medium,841,2.48,99.0,92.6,47.28,Medium,32.05,15.230000000000004,30.346666666666664,4
2023,Israel,3,Agriculture,Medium,625,2.25,99.0,80.7,46.57,Medium,47.28,-0.7100000000000009,38.056666666666665,5
2024,Israel,3,Agriculture,Medium,261,2.39,99.0,100.0,59.28,High,46.57,12.71,41.96666666666666,6
2025,Israel,3,Agriculture,Medium,505,2.85,99.0,96.4,63.53,High,59.28,4.25,51.04333333333333,7
2018,Israel,3,Agriculture,Small,82,2.33,98.1,75.5,4.44,Low,4.44,0.0,4.44,0
2019,Israel,3,Agriculture,Small,55,2.37,99.0,88.4,6.74,Low,4.44,2.3,4.44,1
2020,Israel,3,Agriculture,Small,16,2.87,99.0,85.9,10.59,Low,6.74,3.8499999999999996,5.59,2
2021,Israel,3,Agriculture,Small,11,2.36,99.0,81.8,27.48,Low,10.59,16.89,7.256666666666667,3
2022,Israel,3,Agriculture,Small,96,2.49,93.4,92.3,28.56,Low,27.48,1.0799999999999983,14.936666666666667,4
2023,Israel,3,Agriculture,Small,99,2.57,99.0,89.0,38.82,Medium,28.56,10.260000000000002,22.209999999999997,5
2024,Israel,3,Agriculture,Small,60,2.32,99.0,78.3,47.17,Medium,38.82,8.350000000000001,31.62,6
2025,Israel,3,Agriculture,Small,12,2.34,98.6,93.4,58.11,High,47.17,10.939999999999998,38.18333333333333,7
2018,Israel,3,Automotive,Large,48414,3.17,98.5,93.7,69.13,High,69.13,0.0,69.13,0
2019,Israel,3,Automotive,Large,38208,2.66,99.0,93.2,77.99,High,69.13,8.86,69.13,1
2020,Israel,3,Automotive,Large,14380,2.96,99.0,80.1,91.78,High,77.99,13.790000000000006,73.56,2
2021,Israel,3,Automotive,Large,8848,2.88,99.0,80.4,82.99,High,91.78,-8.790000000000006,79.63333333333333,3
2022,Israel,3,Automotive,Large,5114,2.45,99.0,83.6,96.94,High,82.99,13.950000000000003,84.25333333333333,4
2023,Israel,3,Automotive,Large,2367,2.81,97.6,100.0,97.0,High,96.94,0.060000000000002274,90.57,5
2024,Israel,3,Automotive,Large,10108,2.2,99.0,76.9,97.0,High,97.0,0.0,92.31,6
2025,Israel,3,Automotive,Large,45298,1.95,99.0,100.0,97.0,High,97.0,0.0,96.98,7
2018,Israel,3,Automotive,Medium,494,3.06,88.7,86.0,55.88,High,55.88,0.0,55.88,0
2019,Israel,3,Automotive,Medium,232,2.4,99.0,85.6,43.71,Medium,55.88,-12.170000000000002,55.88,1
2020,Israel,3,Automotive,Medium,220,2.63,94.1,78.5,64.24,High,43.71,20.529999999999994,49.795,2
2021,Israel,3,Automotive,Medium,923,2.97,99.0,90.6,71.54,High,64.24,7.300000000000011,54.60999999999999,3
2022,Israel,3,Automotive,Medium,610,2.71,97.4,86.0,71.78,High,71.54,0.23999999999999488,59.830000000000005,4
2023,Israel,3,Automotive,Medium,305,2.29,98.5,96.0,82.65,High,71.78,10.870000000000005,69.18666666666667,5
2024,Israel,3,Automotive,Medium,277,2.74,98.9,100.0,94.0,High,82.65,11.349999999999994,75.32333333333334,6
2025,Israel,3,Automotive,Medium,440,2.72,92.5,97.9,96.94,High,94.0,2.9399999999999977,82.81,7
2018,Israel,3,Automotive,Small,67,2.77,96.0,93.6,22.95,Low,22.95,0.0,22.95,0
2019,Israel,3,Automotive,Small,28,2.71,99.0,96.5,32.91,Medium,22.95,9.959999999999997,22.95,1
2020,Israel,3,Automotive,Small,40,2.16,99.0,100.0,36.46,Medium,32.91,3.5500000000000043,27.93,2
2021,Israel,3,Automotive,Small,43,2.14,99.0,95.9,56.43,High,36.46,19.97,30.77333333333333,3
2022,Israel,3,Automotive,Small,25,2.19,94.6,68.7,50.15,Medium,56.43,-6.280000000000001,41.93333333333333,4
2023,Israel,3,Automotive,Small,18,3.02,99.0,100.0,62.21,High,50.15,12.060000000000002,47.68,5
2024,Israel,3,Automotive,Small,18,2.56,92.8,90.1,71.07,High,62.21,8.859999999999992,56.26333333333333,6
2025,Israel,3,Automotive,Small,32,2.08,97.1,80.3,88.33,High,71.07,17.260000000000005,61.14333333333334,7
2018,Israel,3,Education,Large,7368,2.49,95.1,76.3,50.76,Medium,50.76,0.0,50.76,0
2019,Israel,3,Education,Large,11361,2.4,92.0,84.9,55.59,High,50.76,4.830000000000005,50.76,1
2020,Israel,3,Education,Large,40685,2.77,99.0,97.0,61.97,High,55.59,6.3799999999999955,53.175,2
2021,Israel,3,Education,Large,4389,3.06,99.0,86.0,78.21,High,61.97,16.239999999999995,56.10666666666666,3
2022,Israel,3,Education,Large,12653,2.99,99.0,85.7,79.42,High,78.21,1.210000000000008,65.25666666666667,4
2023,Israel,3,Education,Large,11326,3.0,99.0,100.0,85.84,High,79.42,6.420000000000002,73.2,5
2024,Israel,3,Education,Large,45662,3.25,87.5,98.3,95.34,High,85.84,9.5,81.15666666666668,6
2025,Israel,3,Education,Large,26658,2.58,89.5,99.7,97.0,High,95.34,1.6599999999999966,86.86666666666667,7
2018,Israel,3,Education,Medium,626,3.06,91.1,76.0,29.83,Low,29.83,0.0,29.83,0
2019,Israel,3,Education,Medium,159,3.03,99.0,98.9,31.29,Medium,29.83,1.4600000000000009,29.83,1
2020,Israel,3,Education,Medium,792,2.24,97.0,88.0,44.76,Medium,31.29,13.469999999999999,30.56,2
2021,Israel,3,Education,Medium,554,2.81,99.0,100.0,52.53,Medium,44.76,7.770000000000003,35.29333333333333,3
2022,Israel,3,Education,Medium,930,2.78,88.1,90.9,50.42,Medium,52.53,-2.1099999999999994,42.85999999999999,4
2023,Israel,3,Education,Medium,171,2.08,99.0,87.3,72.0,High,50.42,21.58,49.23666666666667,5
2024,Israel,3,Education,Medium,828,1.87,87.3,95.4,75.29,High,72.0,3.2900000000000063,58.31666666666666,6
2025,Israel,3,Education,Medium,988,2.74,95.0,92.1,86.84,High,75.29,11.549999999999997,65.90333333333334,7
2018,Israel,3,Education,Small,6,2.35,94.5,92.7,15.24,Low,15.24,0.0,15.24,0
2019,Israel,3,Education,Small,21,2.42,98.0,81.8,19.18,Low,15.24,3.9399999999999995,15.24,1
2020,Israel,3,Education,Small,32,2.66,99.0,85.4,29.99,Low,19.18,10.809999999999999,17.21,2
2021,Israel,3,Education,Small,21,2.72,98.5,83.7,37.97,Medium,29.99,7.98,21.47,3
2022,Israel,3,Education,Small,56,2.59,99.0,80.4,39.61,Medium,37.97,1.6400000000000006,29.046666666666663,4
2023,Israel,3,Education,Small,30,1.99,99.0,98.6,52.44,Medium,39.61,12.829999999999998,35.85666666666666,5
2024,Israel,3,Education,Small,79,2.59,99.0,88.8,66.48,High,52.44,14.040000000000006,43.339999999999996,6
2025,Israel,3,Education,Small,25,2.99,98.2,76.3,76.7,High,66.48,10.219999999999999,52.843333333333334,7
2018,Israel,3,Financial Services,Large,47892,2.29,95.6,81.0,80.28,High,80.28,0.0,80.28,0
2019,Israel,3,Financial Services,Large,46162,2.52,99.0,91.0,83.69,High,80.28,3.4099999999999966,80.28,1
2020,Israel,3,Financial Services,Large,18022,2.41,94.1,98.8,97.0,High,83.69,13.310000000000002,81.985,2
2021,Israel,3,Financial Services,Large,40577,2.62,99.0,100.0,97.0,High,97.0,0.0,86.99000000000001,3
2022,Israel,3,Financial Services,Large,24333,2.69,99.0,100.0,97.0,High,97.0,0.0,92.56333333333333,4
2023,Israel,3,Financial Services,Large,30926,2.66,93.9,78.8,97.0,High,97.0,0.0,97.0,5
2024,Israel,3,Financial Services,Large,8561,2.34,94.4,81.1,97.0,High,97.0,0.0,97.0,6
2025,Israel,3,Financial Services,Large,8943,3.04,99.0,84.4,97.0,High,97.0,0.0,97.0,7
2018,Israel,3,Financial Services,Medium,500,2.95,99.0,94.7,54.45,Medium,54.45,0.0,54.45,0
2019,Israel,3,Financial Services,Medium,405,2.86,96.5,89.6,67.05,High,54.45,12.599999999999994,54.45,1
2020,Israel,3,Financial Services,Medium,580,1.99,97.8,100.0,61.68,High,67.05,-5.369999999999997,60.75,2
2021,Israel,3,Financial Services,Medium,999,2.76,99.0,95.3,72.28,High,61.68,10.600000000000001,61.06,3
2022,Israel,3,Financial Services,Medium,549,2.58,99.0,92.7,71.08,High,72.28,-1.2000000000000028,67.00333333333334,4
2023,Israel,3,Financial Services,Medium,282,2.19,99.0,72.4,91.48,High,71.08,20.400000000000006,68.34666666666668,5
2024,Israel,3,Financial Services,Medium,766,2.75,99.0,90.1,94.09,High,91.48,2.6099999999999994,78.28,6
2025,Israel,3,Financial Services,Medium,703,2.71,99.0,87.7,97.0,High,94.09,2.9099999999999966,85.55,7
2018,Israel,3,Financial Services,Small,94,2.36,93.3,87.0,44.14,Medium,44.14,0.0,44.14,0
2019,Israel,3,Financial Services,Small,31,2.34,89.4,85.3,35.4,Medium,44.14,-8.740000000000002,44.14,1
2020,Israel,3,Financial Services,Small,17,2.12,87.9,99.8,43.96,Medium,35.4,8.560000000000002,39.769999999999996,2
2021,Israel,3,Financial Services,Small,53,3.15,99.0,88.3,46.59,Medium,43.96,2.6300000000000026,41.166666666666664,3
2022,Israel,3,Financial Services,Small,5,2.57,99.0,95.8,60.89,High,46.59,14.299999999999997,41.983333333333334,4
2023,Israel,3,Financial Services,Small,7,2.45,99.0,95.3,70.28,High,60.89,9.39,50.48,5
2024,Israel,3,Financial Services,Small,55,2.79,91.5,91.6,76.94,High,70.28,6.659999999999997,59.25333333333333,6
2025,Israel,3,Financial Services,Small,7,2.52,72.2,90.3,88.85,High,76.94,11.909999999999997,69.37,7
2018,Israel,3,Gaming,Large,36954,2.31,99.0,97.1,85.93,High,85.93,0.0,85.93,0
2019,Israel,3,Gaming,Large,18685,2.63,93.6,100.0,97.0,High,85.93,11.069999999999993,85.93,1
2020,Israel,3,Gaming,Large,32896,2.63,87.0,99.3,92.66,High,97.0,-4.340000000000003,91.465,2
2021,Israel,3,Gaming,Large,31987,2.59,92.8,84.7,97.0,High,92.66,4.340000000000003,91.86333333333334,3
2022,Israel,3,Gaming,Large,30373,3.29,99.0,96.3,97.0,High,97.0,0.0,95.55333333333333,4
2023,Israel,3,Gaming,Large,12555,2.61,99.0,86.5,97.0,High,97.0,0.0,95.55333333333333,5
2024,Israel,3,Gaming,Large,24150,2.96,99.0,98.1,97.0,High,97.0,0.0,97.0,6
2025,Israel,3,Gaming,Large,46420,2.56,90.1,95.2,97.0,High,97.0,0.0,97.0,7
2018,Israel,3,Gaming,Medium,479,2.49,88.7,86.0,55.04,High,55.04,0.0,55.04,0
2019,Israel,3,Gaming,Medium,542,2.91,87.0,97.2,61.47,High,55.04,6.43,55.04,1
2020,Israel,3,Gaming,Medium,517,2.56,99.0,83.2,71.24,High,61.47,9.769999999999996,58.254999999999995,2
2021,Israel,3,Gaming,Medium,599,2.32,99.0,96.3,80.82,High,71.24,9.579999999999998,62.583333333333336,3
2022,Israel,3,Gaming,Medium,874,2.28,95.2,91.2,81.37,High,80.82,0.5500000000000114,71.17666666666666,4
2023,Israel,3,Gaming,Medium,808,2.22,99.0,91.9,94.38,High,81.37,13.009999999999991,77.81,5
2024,Israel,3,Gaming,Medium,360,2.45,97.4,92.8,97.0,High,94.38,2.6200000000000045,85.52333333333333,6
2025,Israel,3,Gaming,Medium,463,1.95,86.0,88.3,97.0,High,97.0,0.0,90.91666666666667,7
2018,Israel,3,Gaming,Small,77,2.93,86.5,100.0,35.77,Medium,35.77,0.0,35.77,0
2019,Israel,3,Gaming,Small,29,2.41,92.7,96.2,44.57,Medium,35.77,8.799999999999997,35.77,1
2020,Israel,3,Gaming,Small,47,2.84,99.0,93.4,49.16,Medium,44.57,4.589999999999996,40.17,2
2021,Israel,3,Gaming,Small,26,2.14,99.0,86.8,57.85,High,49.16,8.690000000000005,43.166666666666664,3
2022,Israel,3,Gaming,Small,24,2.15,99.0,98.0,61.88,High,57.85,4.030000000000001,50.526666666666664,4
2023,Israel,3,Gaming,Small,60,2.62,99.0,93.5,84.35,High,61.88,22.46999999999999,56.29666666666666,5
2024,Israel,3,Gaming,Small,44,2.44,99.0,88.3,78.62,High,84.35,-5.72999999999999,68.02666666666666,6
2025,Israel,3,Gaming,Small,98,2.3,99.0,100.0,94.69,High,78.62,16.069999999999993,74.95,7
2018,Israel,3,Government,Large,29602,2.45,99.0,79.4,41.37,Medium,41.37,0.0,41.37,0
2019,Israel,3,Government,Large,48684,2.52,99.0,95.3,36.43,Medium,41.37,-4.939999999999998,41.37,1
2020,Israel,3,Government,Large,37224,3.12,98.2,86.4,52.42,Medium,36.43,15.990000000000002,38.9,2
2021,Israel,3,Government,Large,39278,2.99,92.2,72.2,53.96,Medium,52.42,1.5399999999999991,43.406666666666666,3
2022,Israel,3,Government,Large,48241,2.96,99.0,63.5,60.92,High,53.96,6.960000000000001,47.60333333333333,4
2023,Israel,3,Government,Large,33125,2.99,90.0,80.5,77.01,High,60.92,16.090000000000003,55.76666666666667,5
2024,Israel,3,Government,Large,21131,2.56,99.0,91.2,82.92,High,77.01,5.909999999999997,63.96333333333333,6
2025,Israel,3,Government,Large,46838,3.14,99.0,91.4,97.0,High,82.92,14.079999999999998,73.61666666666666,7
2018,Israel,3,Government,Medium,320,3.0,94.1,78.1,29.71,Low,29.71,0.0,29.71,0
2019,Israel,3,Government,Medium,673,2.73,99.0,92.2,32.85,Medium,29.71,3.1400000000000006,29.71,1
2020,Israel,3,Government,Medium,744,2.25,99.0,82.3,33.56,Medium,32.85,0.7100000000000009,31.28,2
2021,Israel,3,Government,Medium,925,2.29,99.0,99.2,40.94,Medium,33.56,7.3799999999999955,32.04,3
2022,Israel,3,Government,Medium,437,2.91,99.0,96.3,40.44,Medium,40.94,-0.5,35.78333333333333,4
2023,Israel,3,Government,Medium,407,2.77,99.0,75.8,58.02,High,40.44,17.580000000000005,38.31333333333333,5
2024,Israel,3,Government,Medium,535,2.59,99.0,76.9,62.13,High,58.02,4.109999999999999,46.46666666666667,6
2025,Israel,3,Government,Medium,229,2.54,94.6,95.9,83.46,High,62.13,21.32999999999999,53.53,7
2018,Israel,3,Government,Small,34,2.57,99.0,82.6,10.6,Low,10.6,0.0,10.6,0
2019,Israel,3,Government,Small,39,2.46,95.6,95.3,14.39,Low,10.6,3.790000000000001,10.6,1
2020,Israel,3,Government,Small,37,2.64,94.2,100.0,27.75,Low,14.39,13.36,12.495000000000001,2
2021,Israel,3,Government,Small,7,2.51,94.8,90.8,42.52,Medium,27.75,14.770000000000003,17.580000000000002,3
2022,Israel,3,Government,Small,96,2.3,99.0,86.0,34.33,Medium,42.52,-8.190000000000005,28.22,4
2023,Israel,3,Government,Small,97,2.69,99.0,77.6,31.75,Medium,34.33,-2.5799999999999983,34.86666666666667,5
2024,Israel,3,Government,Small,38,2.98,99.0,65.3,47.91,Medium,31.75,16.159999999999997,36.199999999999996,6
2025,Israel,3,Government,Small,84,2.5,95.1,82.5,64.94,High,47.91,17.03,37.99666666666666,7
2018,Israel,3,Healthcare,Large,13533,2.26,99.0,97.9,76.82,High,76.82,0.0,76.82,0
2019,Israel,3,Healthcare,Large,9716,2.32,99.0,97.4,75.64,High,76.82,-1.1799999999999926,76.82,1
2020,Israel,3,Healthcare,Large,14403,2.75,98.7,85.4,84.62,High,75.64,8.980000000000004,76.22999999999999,2
2021,Israel,3,Healthcare,Large,23677,3.2,90.4,100.0,88.73,High,84.62,4.109999999999999,79.02666666666666,3
2022,Israel,3,Healthcare,Large,4051,2.62,92.9,88.9,97.0,High,88.73,8.269999999999996,82.99666666666667,4
2023,Israel,3,Healthcare,Large,16202,2.76,96.9,96.6,97.0,High,97.0,0.0,90.11666666666667,5
2024,Israel,3,Healthcare,Large,22136,2.85,99.0,96.7,97.0,High,97.0,0.0,94.24333333333334,6
2025,Israel,3,Healthcare,Large,6949,2.0,93.1,100.0,97.0,High,97.0,0.0,97.0,7
2018,Israel,3,Healthcare,Medium,679,2.74,90.5,98.8,59.78,High,59.78,0.0,59.78,0
2019,Israel,3,Healthcare,Medium,500,2.59,99.0,84.9,49.8,Medium,59.78,-9.980000000000004,59.78,1
2020,Israel,3,Healthcare,Medium,137,2.64,89.0,84.5,60.11,High,49.8,10.310000000000002,54.79,2
2021,Israel,3,Healthcare,Medium,708,2.53,99.0,97.6,74.84,High,60.11,14.730000000000004,56.56333333333333,3
2022,Israel,3,Healthcare,Medium,291,2.59,92.3,100.0,69.42,High,74.84,-5.420000000000002,61.583333333333336,4
2023,Israel,3,Healthcare,Medium,379,2.53,99.0,97.3,77.53,High,69.42,8.11,68.12333333333333,5
2024,Israel,3,Healthcare,Medium,260,2.58,93.2,77.1,97.0,High,77.53,19.47,73.93,6
2025,Israel,3,Healthcare,Medium,891,2.23,99.0,96.1,97.0,High,97.0,0.0,81.31666666666666,7
2018,Israel,3,Healthcare,Small,21,2.97,98.3,85.4,41.68,Medium,41.68,0.0,41.68,0
2019,Israel,3,Healthcare,Small,20,2.18,99.0,100.0,43.9,Medium,41.68,2.219999999999999,41.68,1
2020,Israel,3,Healthcare,Small,63,2.43,99.0,87.2,39.94,Medium,43.9,-3.960000000000001,42.79,2
2021,Israel,3,Healthcare,Small,5,2.93,99.0,67.6,48.21,Medium,39.94,8.270000000000003,41.839999999999996,3
2022,Israel,3,Healthcare,Small,11,2.8,99.0,96.2,52.7,Medium,48.21,4.490000000000002,44.01666666666667,4
2023,Israel,3,Healthcare,Small,36,2.71,99.0,97.3,66.95,High,52.7,14.25,46.949999999999996,5
2024,Israel,3,Healthcare,Small,79,2.34,99.0,100.0,83.39,High,66.95,16.439999999999998,55.95333333333334,6
2025,Israel,3,Healthcare,Small,93,2.93,85.2,100.0,88.15,High,83.39,4.760000000000005,67.68,7
2018,Israel,3,Legal,Large,20201,2.71,99.0,74.9,36.58,Medium,36.58,0.0,36.58,0
2019,Israel,3,Legal,Large,49604,2.41,93.4,88.6,42.79,Medium,36.58,6.210000000000001,36.58,1
2020,Israel,3,Legal,Large,30328,2.79,92.7,87.8,55.59,High,42.79,12.800000000000004,39.685,2
2021,Israel,3,Legal,Large,14395,2.45,94.0,94.9,54.87,Medium,55.59,-0.720000000000006,44.98666666666667,3
2022,Israel,3,Legal,Large,10715,2.67,95.8,90.6,68.8,High,54.87,13.93,51.083333333333336,4
2023,Israel,3,Legal,Large,19880,2.33,94.4,84.6,77.19,High,68.8,8.39,59.75333333333333,5
2024,Israel,3,Legal,Large,18826,2.12,99.0,75.7,88.3,High,77.19,11.11,66.95333333333333,6
2025,Israel,3,Legal,Large,34328,3.02,84.0,99.2,97.0,High,88.3,8.700000000000003,78.09666666666666,7
2018,Israel,3,Legal,Medium,253,2.28,99.0,89.7,26.09,Low,26.09,0.0,26.09,0
2019,Israel,3,Legal,Medium,245,2.33,99.0,95.9,39.75,Medium,26.09,13.66,26.09,1
2020,Israel,3,Legal,Medium,730,3.24,90.5,90.1,38.22,Medium,39.75,-1.5300000000000011,32.92,2
2021,Israel,3,Legal,Medium,176,3.09,87.7,89.7,54.52,Medium,38.22,16.300000000000004,34.68666666666667,3
2022,Israel,3,Legal,Medium,852,2.14,95.1,100.0,57.73,High,54.52,3.2099999999999937,44.163333333333334,4
2023,Israel,3,Legal,Medium,998,3.09,97.0,85.0,67.24,High,57.73,9.509999999999998,50.156666666666666,5
2024,Israel,3,Legal,Medium,927,2.39,95.3,85.0,68.9,High,67.24,1.6600000000000108,59.830000000000005,6
2025,Israel,3,Legal,Medium,661,2.66,89.2,95.2,79.8,High,68.9,10.899999999999991,64.62333333333333,7
2018,Israel,3,Legal,Small,7,2.9,94.5,100.0,23.0,Low,23.0,0.0,23.0,0
2019,Israel,3,Legal,Small,91,2.65,80.7,81.7,12.64,Low,23.0,-10.36,23.0,1
2020,Israel,3,Legal,Small,38,2.72,98.5,92.5,27.53,Low,12.64,14.89,17.82,2
2021,Israel,3,Legal,Small,32,3.3,99.0,89.1,37.1,Medium,27.53,9.57,21.05666666666667,3
2022,Israel,3,Legal,Small,11,2.58,99.0,100.0,42.37,Medium,37.1,5.269999999999996,25.75666666666667,4
2023,Israel,3,Legal,Small,46,2.2,95.2,90.2,51.32,Medium,42.37,8.950000000000003,35.666666666666664,5
2024,Israel,3,Legal,Small,51,2.84,99.0,64.2,60.07,High,51.32,8.75,43.596666666666664,6
2025,Israel,3,Legal,Small,13,2.72,97.7,91.0,74.82,High,60.07,14.749999999999993,51.25333333333333,7
2018,Israel,3,Manufacturing,Large,47732,2.43,93.4,93.2,70.03,High,70.03,0.0,70.03,0
2019,Israel,3,Manufacturing,Large,43348,2.19,87.3,91.5,71.44,High,70.03,1.4099999999999966,70.03,1
2020,Israel,3,Manufacturing,Large,7588,2.46,94.7,100.0,87.74,High,71.44,16.299999999999997,70.735,2
2021,Israel,3,Manufacturing,Large,5748,2.34,93.7,79.0,95.36,High,87.74,7.6200000000000045,76.40333333333332,3
2022,Israel,3,Manufacturing,Large,40298,2.03,99.0,98.4,97.0,High,95.36,1.6400000000000006,84.84666666666666,4
2023,Israel,3,Manufacturing,Large,3105,2.63,88.4,82.3,97.0,High,97.0,0.0,93.36666666666667,5
2024,Israel,3,Manufacturing,Large,49529,2.6,99.0,83.0,97.0,High,97.0,0.0,96.45333333333333,6
2025,Israel,3,Manufacturing,Large,35121,2.43,92.8,100.0,97.0,High,97.0,0.0,97.0,7
2018,Israel,3,Manufacturing,Medium,295,2.31,90.1,82.5,51.92,Medium,51.92,0.0,51.92,0
2019,Israel,3,Manufacturing,Medium,860,3.04,99.0,96.6,54.91,Medium,51.92,2.989999999999995,51.92,1
2020,Israel,3,Manufacturing,Medium,195,2.04,99.0,96.0,66.54,High,54.91,11.63000000000001,53.415,2
2021,Israel,3,Manufacturing,Medium,980,2.47,96.7,93.4,71.91,High,66.54,5.36999999999999,57.79,3
2022,Israel,3,Manufacturing,Medium,544,2.58,95.3,87.8,57.87,High,71.91,-14.04,64.45333333333333,4
2023,Israel,3,Manufacturing,Medium,950,2.9,99.0,93.4,78.09,High,57.87,20.220000000000006,65.44,5
2024,Israel,3,Manufacturing,Medium,141,3.24,97.3,93.2,95.77,High,78.09,17.679999999999993,69.28999999999999,6
2025,Israel,3,Manufacturing,Medium,757,2.4,99.0,89.3,97.0,High,95.77,1.230000000000004,77.24333333333333,7
2018,Israel,3,Manufacturing,Small,5,2.86,90.4,87.4,28.81,Low,28.81,0.0,28.81,0
2019,Israel,3,Manufacturing,Small,20,2.72,89.9,99.9,41.12,Medium,28.81,12.309999999999999,28.81,1
2020,Israel,3,Manufacturing,Small,20,2.91,87.8,85.9,50.9,Medium,41.12,9.780000000000001,34.964999999999996,2
2021,Israel,3,Manufacturing,Small,37,2.36,99.0,96.7,44.59,Medium,50.9,-6.309999999999995,40.276666666666664,3
2022,Israel,3,Manufacturing,Small,99,2.17,96.5,92.1,60.45,High,44.59,15.86,45.53666666666667,4
2023,Israel,3,Manufacturing,Small,28,2.6,92.1,95.4,68.11,High,60.45,7.659999999999997,51.98,5
2024,Israel,3,Manufacturing,Small,37,2.76,99.0,100.0,78.15,High,68.11,10.040000000000006,57.71666666666667,6
2025,Israel,3,Manufacturing,Small,85,2.78,99.0,84.5,79.53,High,78.15,1.3799999999999955,68.90333333333334,7
2018,Israel,3,Media & Entertainment,Large,47600,2.41,96.0,89.8,75.02,High,75.02,0.0,75.02,0
2019,Israel,3,Media & Entertainment,Large,29831,2.25,99.0,100.0,76.38,High,75.02,1.3599999999999994,75.02,1
2020,Israel,3,Media & Entertainment,Large,18602,2.4,82.0,82.7,97.0,High,76.38,20.620000000000005,75.69999999999999,2
2021,Israel,3,Media & Entertainment,Large,34742,2.93,93.2,92.5,94.97,High,97.0,-2.030000000000001,82.8,3
2022,Israel,3,Media & Entertainment,Large,12303,2.41,99.0,91.9,97.0,High,94.97,2.030000000000001,89.45,4
2023,Israel,3,Media & Entertainment,Large,20623,3.15,99.0,87.9,97.0,High,97.0,0.0,96.32333333333334,5
2024,Israel,3,Media & Entertainment,Large,27292,2.46,96.3,82.0,97.0,High,97.0,0.0,96.32333333333334,6
2025,Israel,3,Media & Entertainment,Large,3808,3.06,94.8,96.3,97.0,High,97.0,0.0,97.0,7
2018,Israel,3,Media & Entertainment,Medium,260,2.02,94.8,100.0,49.36,Medium,49.36,0.0,49.36,0
2019,Israel,3,Media & Entertainment,Medium,513,2.54,91.2,67.8,58.35,High,49.36,8.990000000000002,49.36,1
2020,Israel,3,Media & Entertainment,Medium,371,2.92,95.9,100.0,61.71,High,58.35,3.3599999999999994,53.855000000000004,2
2021,Israel,3,Media & Entertainment,Medium,488,2.14,97.9,84.9,63.91,High,61.71,2.1999999999999957,56.473333333333336,3
2022,Israel,3,Media & Entertainment,Medium,245,2.52,89.2,82.3,71.2,High,63.91,7.290000000000006,61.32333333333333,4
2023,Israel,3,Media & Entertainment,Medium,239,2.79,98.0,82.7,75.34,High,71.2,4.140000000000001,65.60666666666667,5
2024,Israel,3,Media & Entertainment,Medium,810,2.35,99.0,84.9,92.47,High,75.34,17.129999999999995,70.14999999999999,6
2025,Israel,3,Media & Entertainment,Medium,206,2.4,96.2,97.5,97.0,High,92.47,4.530000000000001,79.67,7
2018,Israel,3,Media & Entertainment,Small,44,2.29,83.0,88.0,30.46,Medium,30.46,0.0,30.46,0
2019,Israel,3,Media & Entertainment,Small,48,3.08,93.6,90.7,38.43,Medium,30.46,7.969999999999999,30.46,1
2020,Israel,3,Media & Entertainment,Small,16,2.42,99.0,100.0,47.52,Medium,38.43,9.090000000000003,34.445,2
2021,Israel,3,Media & Entertainment,Small,84,2.78,99.0,100.0,50.49,Medium,47.52,2.969999999999999,38.803333333333335,3
2022,Israel,3,Media & Entertainment,Small,27,2.1,99.0,93.6,54.24,Medium,50.49,3.75,45.48,4
2023,Israel,3,Media & Entertainment,Small,98,2.92,99.0,98.3,59.18,High,54.24,4.939999999999998,50.75,5
2024,Israel,3,Media & Entertainment,Small,28,1.79,99.0,100.0,81.37,High,59.18,22.190000000000005,54.63666666666666,6
2025,Israel,3,Media & Entertainment,Small,91,2.58,79.8,100.0,87.68,High,81.37,6.310000000000002,64.93,7
2018,Israel,3,Retail,Large,39141,2.59,99.0,100.0,72.21,High,72.21,0.0,72.21,0
2019,Israel,3,Retail,Large,30486,2.33,99.0,89.6,72.97,High,72.21,0.7600000000000051,72.21,1
2020,Israel,3,Retail,Large,21609,2.47,96.6,84.5,84.11,High,72.97,11.14,72.59,2
2021,Israel,3,Retail,Large,6779,2.56,99.0,95.2,83.82,High,84.11,-0.29000000000000625,76.42999999999999,3
2022,Israel,3,Retail,Large,11380,3.05,99.0,89.4,80.79,High,83.82,-3.029999999999987,80.3,4
2023,Israel,3,Retail,Large,39727,2.32,93.0,92.0,97.0,High,80.79,16.209999999999994,82.90666666666668,5
2024,Israel,3,Retail,Large,45327,2.8,95.0,88.2,97.0,High,97.0,0.0,87.20333333333333,6
2025,Israel,3,Retail,Large,36840,2.46,96.8,85.7,97.0,High,97.0,0.0,91.59666666666668,7
2018,Israel,3,Retail,Medium,420,3.2,99.0,79.9,50.99,Medium,50.99,0.0,50.99,0
2019,Israel,3,Retail,Medium,705,2.83,94.2,100.0,52.53,Medium,50.99,1.5399999999999991,50.99,1
2020,Israel,3,Retail,Medium,448,2.63,99.0,100.0,55.85,High,52.53,3.3200000000000003,51.760000000000005,2
2021,Israel,3,Retail,Medium,104,2.81,99.0,94.8,63.66,High,55.85,7.809999999999995,53.123333333333335,3
2022,Israel,3,Retail,Medium,501,3.22,99.0,86.7,68.45,High,63.66,4.790000000000006,57.346666666666664,4
2023,Israel,3,Retail,Medium,674,2.48,99.0,98.1,85.86,High,68.45,17.409999999999997,62.65333333333333,5
2024,Israel,3,Retail,Medium,715,2.9,99.0,66.6,77.7,High,85.86,-8.159999999999997,72.65666666666667,6
2025,Israel,3,Retail,Medium,653,2.69,99.0,95.7,90.58,High,77.7,12.879999999999995,77.33666666666666,7
2018,Israel,3,Retail,Small,56,3.2,87.8,78.6,31.39,Medium,31.39,0.0,31.39,0
2019,Israel,3,Retail,Small,37,2.88,99.0,91.3,20.42,Low,31.39,-10.969999999999999,31.39,1
2020,Israel,3,Retail,Small,66,2.22,99.0,89.6,34.9,Medium,20.42,14.479999999999997,25.905,2
2021,Israel,3,Retail,Small,99,2.35,99.0,89.5,44.23,Medium,34.9,9.329999999999998,28.903333333333336,3
2022,Israel,3,Retail,Small,61,2.83,99.0,80.2,47.11,Medium,44.23,2.8800000000000026,33.18333333333333,4
2023,Israel,3,Retail,Small,30,3.39,96.6,94.9,51.26,Medium,47.11,4.149999999999999,42.08,5
2024,Israel,3,Retail,Small,18,2.36,99.0,92.7,73.19,High,51.26,21.93,47.53333333333333,6
2025,Israel,3,Retail,Small,37,2.68,99.0,73.9,72.29,High,73.19,-0.8999999999999915,57.18666666666667,7
2018,Israel,3,Technology,Large,17198,2.71,99.0,90.1,92.57,High,92.57,0.0,92.57,0
2019,Israel,3,Technology,Large,4627,2.45,99.0,98.5,95.63,High,92.57,3.0600000000000023,92.57,1
2020,Israel,3,Technology,Large,24776,2.54,93.8,91.7,97.0,High,95.63,1.3700000000000045,94.1,2
2021,Israel,3,Technology,Large,4748,2.21,93.0,90.2,97.0,High,97.0,0.0,95.06666666666666,3
2022,Israel,3,Technology,Large,4304,2.87,94.7,90.1,97.0,High,97.0,0.0,96.54333333333334,4
2023,Israel,3,Technology,Large,24938,2.56,93.2,87.0,97.0,High,97.0,0.0,97.0,5
2024,Israel,3,Technology,Large,47645,2.3,99.0,90.9,97.0,High,97.0,0.0,97.0,6
2025,Israel,3,Technology,Large,39559,2.53,99.0,100.0,97.0,High,97.0,0.0,97.0,7
2018,Israel,3,Technology,Medium,555,2.29,99.0,98.5,52.16,Medium,52.16,0.0,52.16,0
2019,Israel,3,Technology,Medium,316,2.13,99.0,89.9,64.0,High,52.16,11.840000000000003,52.16,1
2020,Israel,3,Technology,Medium,938,2.82,93.3,90.1,69.5,High,64.0,5.5,58.08,2
2021,Israel,3,Technology,Medium,478,2.78,99.0,100.0,79.67,High,69.5,10.170000000000002,61.88666666666666,3
2022,Israel,3,Technology,Medium,673,2.78,92.8,94.1,90.11,High,79.67,10.439999999999998,71.05666666666667,4
2023,Israel,3,Technology,Medium,561,3.12,99.0,78.4,97.0,High,90.11,6.890000000000001,79.76,5
2024,Israel,3,Technology,Medium,306,3.06,99.0,100.0,97.0,High,97.0,0.0,88.92666666666666,6
2025,Israel,3,Technology,Medium,195,2.31,99.0,94.1,97.0,High,97.0,0.0,94.70333333333333,7
2018,Israel,3,Technology,Small,87,2.56,99.0,100.0,42.57,Medium,42.57,0.0,42.57,0
2019,Israel,3,Technology,Small,57,2.45,99.0,86.0,36.03,Medium,42.57,-6.539999999999999,42.57,1
2020,Israel,3,Technology,Small,93,2.46,99.0,76.1,51.77,Medium,36.03,15.740000000000002,39.3,2
2021,Israel,3,Technology,Small,66,2.69,92.7,81.1,55.02,High,51.77,3.25,43.45666666666667,3
2022,Israel,3,Technology,Small,55,2.17,95.6,96.4,66.42,High,55.02,11.399999999999999,47.606666666666676,4
2023,Israel,3,Technology,Small,13,2.59,99.0,100.0,74.62,High,66.42,8.200000000000003,57.73666666666667,5
2024,Israel,3,Technology,Small,12,2.37,99.0,100.0,82.34,High,74.62,7.719999999999999,65.35333333333334,6
2025,Israel,3,Technology,Small,58,2.48,96.4,100.0,88.12,High,82.34,5.780000000000001,74.46,7
2018,Japan,3,Agriculture,Large,30842,3.07,99.0,100.0,10.79,Low,10.79,0.0,10.79,0
2019,Japan,3,Agriculture,Large,1797,2.3,92.4,86.5,14.35,Low,10.79,3.5600000000000005,10.79,1
2020,Japan,3,Agriculture,Large,22085,2.58,99.0,96.1,31.62,Medium,14.35,17.270000000000003,12.57,2
2021,Japan,3,Agriculture,Large,18945,2.3,99.0,89.8,33.03,Medium,31.62,1.4100000000000001,18.919999999999998,3
2022,Japan,3,Agriculture,Large,46530,2.76,90.3,87.4,40.22,Medium,33.03,7.189999999999998,26.333333333333332,4
2023,Japan,3,Agriculture,Large,27037,2.65,95.5,72.8,52.8,Medium,40.22,12.579999999999998,34.95666666666667,5
2024,Japan,3,Agriculture,Large,22621,2.43,94.3,94.2,56.3,High,52.8,3.5,42.016666666666666,6
2025,Japan,3,Agriculture,Large,25992,2.73,99.0,76.4,72.69,High,56.3,16.39,49.77333333333333,7
2018,Japan,3,Agriculture,Medium,215,2.98,99.0,80.7,6.03,Low,6.03,0.0,6.03,0
2019,Japan,3,Agriculture,Medium,650,2.32,96.3,91.4,10.48,Low,6.03,4.45,6.03,1
2020,Japan,3,Agriculture,Medium,834,2.61,85.6,100.0,22.84,Low,10.48,12.36,8.255,2
2021,Japan,3,Agriculture,Medium,949,2.33,98.2,78.1,27.51,Low,22.84,4.670000000000002,13.116666666666667,3
2022,Japan,3,Agriculture,Medium,366,2.42,91.3,100.0,21.84,Low,27.51,-5.670000000000002,20.276666666666667,4
2023,Japan,3,Agriculture,Medium,511,2.7,98.5,79.2,44.4,Medium,21.84,22.56,24.063333333333333,5
2024,Japan,3,Agriculture,Medium,378,2.4,90.2,92.9,47.31,Medium,44.4,2.9100000000000037,31.25,6
2025,Japan,3,Agriculture,Medium,623,2.34,94.7,100.0,58.66,High,47.31,11.349999999999994,37.85,7
2018,Japan,3,Agriculture,Small,99,2.34,99.0,93.1,2.0,Low,2.0,0.0,2.0,0
2019,Japan,3,Agriculture,Small,41,2.51,99.0,79.7,6.96,Low,2.0,4.96,2.0,1
2020,Japan,3,Agriculture,Small,25,2.73,99.0,74.4,18.82,Low,6.96,11.86,4.48,2
2021,Japan,3,Agriculture,Small,26,2.61,96.4,88.5,14.17,Low,18.82,-4.65,9.26,3
2022,Japan,3,Agriculture,Small,18,2.83,96.4,82.4,18.4,Low,14.17,4.229999999999999,13.316666666666668,4
2023,Japan,3,Agriculture,Small,68,2.51,88.5,88.8,36.89,Medium,18.4,18.490000000000002,17.13,5
2024,Japan,3,Agriculture,Small,12,2.86,99.0,73.1,41.35,Medium,36.89,4.460000000000001,23.153333333333336,6
2025,Japan,3,Agriculture,Small,45,2.52,99.0,77.5,52.29,Medium,41.35,10.939999999999998,32.21333333333333,7
2018,Japan,3,Automotive,Large,5864,2.55,99.0,96.3,57.34,High,57.34,0.0,57.34,0
2019,Japan,3,Automotive,Large,18308,2.85,99.0,100.0,54.56,Medium,57.34,-2.780000000000001,57.34,1
2020,Japan,3,Automotive,Large,39713,2.63,91.5,80.6,66.94,High,54.56,12.379999999999995,55.95,2
2021,Japan,3,Automotive,Large,24863,2.4,99.0,98.2,74.39,High,66.94,7.450000000000003,59.61333333333334,3
2022,Japan,3,Automotive,Large,35393,2.04,91.6,100.0,76.37,High,74.39,1.980000000000004,65.29666666666667,4
2023,Japan,3,Automotive,Large,22620,3.0,93.0,89.6,91.22,High,76.37,14.849999999999994,72.56666666666666,5
2024,Japan,3,Automotive,Large,14335,2.19,96.9,99.3,89.02,High,91.22,-2.200000000000003,80.66000000000001,6
2025,Japan,3,Automotive,Large,35161,3.46,99.0,92.6,96.08,High,89.02,7.060000000000002,85.53666666666668,7
2018,Japan,3,Automotive,Medium,662,2.88,99.0,85.8,32.8,Medium,32.8,0.0,32.8,0
2019,Japan,3,Automotive,Medium,572,2.76,99.0,94.1,36.18,Medium,32.8,3.3800000000000026,32.8,1
2020,Japan,3,Automotive,Medium,832,2.85,96.7,93.7,43.41,Medium,36.18,7.229999999999997,34.489999999999995,2
2021,Japan,3,Automotive,Medium,273,2.33,99.0,80.0,54.1,Medium,43.41,10.690000000000005,37.46333333333333,3
2022,Japan,3,Automotive,Medium,635,2.63,90.4,84.9,52.96,Medium,54.1,-1.1400000000000006,44.56333333333333,4
2023,Japan,3,Automotive,Medium,955,2.52,97.4,99.1,65.94,High,52.96,12.979999999999997,50.156666666666666,5
2024,Japan,3,Automotive,Medium,374,2.86,99.0,99.7,77.58,High,65.94,11.64,57.666666666666664,6
2025,Japan,3,Automotive,Medium,293,3.31,99.0,86.4,92.1,High,77.58,14.519999999999996,65.49333333333334,7
2018,Japan,3,Automotive,Small,94,2.89,88.4,86.1,13.7,Low,13.7,0.0,13.7,0
2019,Japan,3,Automotive,Small,42,2.28,88.2,80.3,24.3,Low,13.7,10.600000000000001,13.7,1
2020,Japan,3,Automotive,Small,20,3.12,99.0,99.9,32.49,Medium,24.3,8.190000000000001,19.0,2
2021,Japan,3,Automotive,Small,90,2.73,99.0,97.7,30.54,Medium,32.49,-1.9500000000000028,23.49666666666667,3
2022,Japan,3,Automotive,Small,81,2.79,99.0,86.0,37.62,Medium,30.54,7.079999999999998,29.11,4
2023,Japan,3,Automotive,Small,34,2.83,94.9,98.0,53.02,Medium,37.62,15.400000000000006,33.550000000000004,5
2024,Japan,3,Automotive,Small,14,2.87,98.0,79.7,69.26,High,53.02,16.240000000000002,40.39333333333333,6
2025,Japan,3,Automotive,Small,15,2.34,96.9,76.6,69.13,High,69.26,-0.13000000000000966,53.300000000000004,7
2018,Japan,3,Education,Large,5379,2.43,99.0,85.7,31.02,Medium,31.02,0.0,31.02,0
2019,Japan,3,Education,Large,22370,2.15,99.0,95.6,37.52,Medium,31.02,6.5000000000000036,31.02,1
2020,Japan,3,Education,Large,45630,2.44,97.9,88.7,53.13,Medium,37.52,15.61,34.27,2
2021,Japan,3,Education,Large,30859,2.53,99.0,80.8,51.68,Medium,53.13,-1.4500000000000028,40.556666666666665,3
2022,Japan,3,Education,Large,47678,2.83,97.4,93.6,61.75,High,51.68,10.07,47.443333333333335,4
2023,Japan,3,Education,Large,34496,2.7,99.0,82.9,69.01,High,61.75,7.260000000000005,55.52,5
2024,Japan,3,Education,Large,22491,2.48,93.4,84.2,83.09,High,69.01,14.079999999999998,60.81333333333333,6
2025,Japan,3,Education,Large,4769,2.32,87.1,88.4,83.64,High,83.09,0.5499999999999972,71.28333333333333,7
2018,Japan,3,Education,Medium,603,2.91,99.0,89.6,23.62,Low,23.62,0.0,23.62,0
2019,Japan,3,Education,Medium,403,2.66,90.7,76.1,25.26,Low,23.62,1.6400000000000006,23.62,1
2020,Japan,3,Education,Medium,293,2.69,99.0,92.3,30.89,Medium,25.26,5.629999999999999,24.44,2
2021,Japan,3,Education,Medium,148,2.71,90.0,95.0,31.35,Medium,30.89,0.46000000000000085,26.590000000000003,3
2022,Japan,3,Education,Medium,615,2.46,99.0,69.0,41.31,Medium,31.35,9.96,29.166666666666668,4
2023,Japan,3,Education,Medium,152,2.77,91.3,88.6,54.75,Medium,41.31,13.439999999999998,34.51666666666667,5
2024,Japan,3,Education,Medium,589,2.47,99.0,85.8,49.33,Medium,54.75,-5.420000000000002,42.47,6
2025,Japan,3,Education,Medium,260,2.03,99.0,85.3,69.69,High,49.33,20.36,48.46333333333334,7
2018,Japan,3,Education,Small,71,2.73,91.6,89.6,5.71,Low,5.71,0.0,5.71,0
2019,Japan,3,Education,Small,77,2.63,96.1,85.2,9.83,Low,5.71,4.12,5.71,1
2020,Japan,3,Education,Small,85,2.84,99.0,87.9,17.37,Low,9.83,7.540000000000001,7.77,2
2021,Japan,3,Education,Small,34,2.58,99.0,93.2,33.84,Medium,17.37,16.470000000000002,10.97,3
2022,Japan,3,Education,Small,78,2.51,85.6,90.6,28.0,Low,33.84,-5.840000000000003,20.346666666666668,4
2023,Japan,3,Education,Small,82,2.38,99.0,91.1,42.91,Medium,28.0,14.909999999999997,26.403333333333336,5
2024,Japan,3,Education,Small,70,2.52,99.0,98.4,50.75,Medium,42.91,7.840000000000003,34.916666666666664,6
2025,Japan,3,Education,Small,63,2.76,95.8,83.5,64.73,High,50.75,13.980000000000004,40.553333333333335,7
2018,Japan,3,Financial Services,Large,6678,2.35,99.0,86.4,61.84,High,61.84,0.0,61.84,0
2019,Japan,3,Financial Services,Large,6997,2.7,99.0,92.8,60.5,High,61.84,-1.3400000000000034,61.84,1
2020,Japan,3,Financial Services,Large,3704,2.72,99.0,79.1,65.66,High,60.5,5.159999999999997,61.17,2
2021,Japan,3,Financial Services,Large,33892,2.63,91.4,92.1,72.0,High,65.66,6.340000000000003,62.666666666666664,3
2022,Japan,3,Financial Services,Large,17515,2.61,85.5,76.0,88.75,High,72.0,16.75,66.05333333333333,4
2023,Japan,3,Financial Services,Large,7632,2.63,98.7,92.0,94.52,High,88.75,5.769999999999996,75.47,5
2024,Japan,3,Financial Services,Large,46440,2.52,99.0,91.6,96.45,High,94.52,1.9300000000000068,85.08999999999999,6
2025,Japan,3,Financial Services,Large,46593,2.09,99.0,99.7,97.0,High,96.45,0.5499999999999972,93.24000000000001,7
2018,Japan,3,Financial Services,Medium,675,2.86,98.7,87.8,31.8,Medium,31.8,0.0,31.8,0
2019,Japan,3,Financial Services,Medium,604,3.14,99.0,91.2,43.1,Medium,31.8,11.3,31.8,1
2020,Japan,3,Financial Services,Medium,481,2.9,99.0,100.0,51.2,Medium,43.1,8.100000000000001,37.45,2
2021,Japan,3,Financial Services,Medium,578,2.42,98.6,100.0,56.57,High,51.2,5.369999999999997,42.03333333333333,3
2022,Japan,3,Financial Services,Medium,552,2.93,99.0,94.3,57.34,High,56.57,0.7700000000000031,50.29,4
2023,Japan,3,Financial Services,Medium,278,2.75,99.0,94.3,72.24,High,57.34,14.899999999999991,55.03666666666667,5
2024,Japan,3,Financial Services,Medium,416,2.14,99.0,89.6,79.56,High,72.24,7.320000000000007,62.04999999999999,6
2025,Japan,3,Financial Services,Medium,167,2.27,99.0,99.2,86.71,High,79.56,7.1499999999999915,69.71333333333332,7
2018,Japan,3,Financial Services,Small,68,2.42,99.0,96.5,13.73,Low,13.73,0.0,13.73,0
2019,Japan,3,Financial Services,Small,17,2.8,99.0,96.9,29.47,Low,13.73,15.739999999999998,13.73,1
2020,Japan,3,Financial Services,Small,14,2.97,87.0,100.0,34.49,Medium,29.47,5.020000000000003,21.6,2
2021,Japan,3,Financial Services,Small,17,2.56,99.0,77.9,45.86,Medium,34.49,11.369999999999997,25.896666666666665,3
2022,Japan,3,Financial Services,Small,23,2.54,94.2,100.0,51.68,Medium,45.86,5.82,36.60666666666666,4
2023,Japan,3,Financial Services,Small,55,2.73,82.7,88.1,52.58,Medium,51.68,0.8999999999999986,44.01,5
2024,Japan,3,Financial Services,Small,48,3.2,81.3,84.8,66.88,High,52.58,14.299999999999997,50.04,6
2025,Japan,3,Financial Services,Small,30,2.99,96.4,100.0,70.26,High,66.88,3.3800000000000097,57.04666666666666,7
2018,Japan,3,Gaming,Large,14339,2.84,99.0,93.2,59.63,High,59.63,0.0,59.63,0
2019,Japan,3,Gaming,Large,14137,2.6,82.2,100.0,53.52,Medium,59.63,-6.109999999999999,59.63,1
2020,Japan,3,Gaming,Large,19189,2.86,95.1,93.8,77.91,High,53.52,24.389999999999993,56.575,2
2021,Japan,3,Gaming,Large,33835,2.89,99.0,100.0,82.26,High,77.91,4.3500000000000085,63.68666666666667,3
2022,Japan,3,Gaming,Large,29401,2.59,91.9,85.8,87.25,High,82.26,4.989999999999995,71.23,4
2023,Japan,3,Gaming,Large,49229,2.89,88.3,100.0,88.25,High,87.25,1.0,82.47333333333334,5
2024,Japan,3,Gaming,Large,29854,2.62,89.0,100.0,97.0,High,88.25,8.75,85.92,6
2025,Japan,3,Gaming,Large,26072,2.33,99.0,100.0,97.0,High,97.0,0.0,90.83333333333333,7
2018,Japan,3,Gaming,Medium,870,2.88,99.0,88.5,33.6,Medium,33.6,0.0,33.6,0
2019,Japan,3,Gaming,Medium,961,2.81,95.1,93.0,45.1,Medium,33.6,11.5,33.6,1
2020,Japan,3,Gaming,Medium,498,2.22,99.0,84.3,56.39,High,45.1,11.29,39.35,2
2021,Japan,3,Gaming,Medium,336,2.26,99.0,95.6,45.6,Medium,56.39,-10.79,45.03,3
2022,Japan,3,Gaming,Medium,672,2.74,99.0,96.2,59.0,High,45.6,13.399999999999999,49.03,4
2023,Japan,3,Gaming,Medium,304,2.68,96.4,99.6,83.29,High,59.0,24.290000000000006,53.663333333333334,5
2024,Japan,3,Gaming,Medium,719,2.7,99.0,79.4,82.07,High,83.29,-1.220000000000013,62.629999999999995,6
2025,Japan,3,Gaming,Medium,879,2.64,92.6,76.6,93.68,High,82.07,11.610000000000014,74.78666666666668,7
2018,Japan,3,Gaming,Small,44,2.72,99.0,100.0,25.65,Low,25.65,0.0,25.65,0
2019,Japan,3,Gaming,Small,36,2.45,97.4,100.0,21.48,Low,25.65,-4.169999999999998,25.65,1
2020,Japan,3,Gaming,Small,18,2.53,99.0,100.0,33.12,Medium,21.48,11.639999999999997,23.564999999999998,2
2021,Japan,3,Gaming,Small,46,2.16,99.0,100.0,39.64,Medium,33.12,6.520000000000003,26.75,3
2022,Japan,3,Gaming,Small,66,2.5,86.2,94.9,47.83,Medium,39.64,8.189999999999998,31.413333333333338,4
2023,Japan,3,Gaming,Small,27,2.63,90.1,81.8,61.64,High,47.83,13.810000000000002,40.196666666666665,5
2024,Japan,3,Gaming,Small,36,2.64,92.0,88.4,71.63,High,61.64,9.989999999999995,49.70333333333334,6
2025,Japan,3,Gaming,Small,26,2.48,86.9,77.3,74.21,High,71.63,2.5799999999999983,60.366666666666674,7
2018,Japan,3,Government,Large,49641,2.4,90.2,71.9,18.0,Low,18.0,0.0,18.0,0
2019,Japan,3,Government,Large,47873,2.4,99.0,77.3,30.4,Medium,18.0,12.399999999999999,18.0,1
2020,Japan,3,Government,Large,37805,2.69,99.0,93.8,34.34,Medium,30.4,3.940000000000005,24.2,2
2021,Japan,3,Government,Large,3539,1.88,93.8,80.4,50.55,Medium,34.34,16.209999999999994,27.580000000000002,3
2022,Japan,3,Government,Large,11891,2.27,94.0,89.6,48.81,Medium,50.55,-1.7399999999999949,38.43,4
2023,Japan,3,Government,Large,41916,2.61,95.8,87.9,65.94,High,48.81,17.129999999999995,44.56666666666666,5
2024,Japan,3,Government,Large,49754,2.74,94.9,81.5,69.95,High,65.94,4.010000000000005,55.099999999999994,6
2025,Japan,3,Government,Large,37131,2.47,90.8,89.1,81.69,High,69.95,11.739999999999995,61.56666666666666,7
2018,Japan,3,Government,Medium,237,3.01,99.0,91.6,7.44,Low,7.44,0.0,7.44,0
2019,Japan,3,Government,Medium,923,2.4,87.1,81.1,16.45,Low,7.44,9.009999999999998,7.44,1
2020,Japan,3,Government,Medium,537,1.91,99.0,94.5,25.04,Low,16.45,8.59,11.945,2
2021,Japan,3,Government,Medium,710,2.44,91.1,76.4,35.07,Medium,25.04,10.030000000000001,16.31,3
2022,Japan,3,Government,Medium,476,2.64,99.0,90.1,35.91,Medium,35.07,0.8399999999999963,25.52,4
2023,Japan,3,Government,Medium,230,2.18,98.0,91.1,51.52,Medium,35.91,15.610000000000007,32.00666666666667,5
2024,Japan,3,Government,Medium,131,2.35,99.0,75.3,56.91,High,51.52,5.3899999999999935,40.833333333333336,6
2025,Japan,3,Government,Medium,355,2.62,92.7,99.4,60.86,High,56.91,3.950000000000003,48.11333333333334,7
2018,Japan,3,Government,Small,62,3.34,97.5,91.4,2.0,Low,2.0,0.0,2.0,0
2019,Japan,3,Government,Small,57,2.21,99.0,84.8,4.89,Low,2.0,2.8899999999999997,2.0,1
2020,Japan,3,Government,Small,81,2.86,99.0,83.5,10.63,Low,4.89,5.740000000000001,3.445,2
2021,Japan,3,Government,Small,11,2.82,93.9,69.7,24.78,Low,10.63,14.15,5.84,3
2022,Japan,3,Government,Small,20,2.66,99.0,89.4,28.66,Low,24.78,3.879999999999999,13.433333333333332,4
2023,Japan,3,Government,Small,59,2.57,99.0,78.5,41.62,Medium,28.66,12.959999999999997,21.356666666666666,5
2024,Japan,3,Government,Small,60,2.5,99.0,67.6,46.43,Medium,41.62,4.810000000000002,31.686666666666667,6
2025,Japan,3,Government,Small,73,2.32,99.0,83.6,57.76,High,46.43,11.329999999999998,38.903333333333336,7
2018,Japan,3,Healthcare,Large,37934,2.86,92.2,100.0,56.95,High,56.95,0.0,56.95,0
2019,Japan,3,Healthcare,Large,48284,2.3,98.0,98.1,61.82,High,56.95,4.869999999999997,56.95,1
2020,Japan,3,Healthcare,Large,26755,2.51,99.0,96.6,70.41,High,61.82,8.589999999999996,59.385000000000005,2
2021,Japan,3,Healthcare,Large,47059,2.66,98.9,96.0,73.53,High,70.41,3.1200000000000045,63.06,3
2022,Japan,3,Healthcare,Large,41712,2.57,92.9,81.0,81.03,High,73.53,7.5,68.58666666666667,4
2023,Japan,3,Healthcare,Large,14285,2.35,99.0,76.0,87.71,High,81.03,6.679999999999993,74.99,5
2024,Japan,3,Healthcare,Large,47435,2.8,99.0,77.8,97.0,High,87.71,9.290000000000006,80.75666666666666,6
2025,Japan,3,Healthcare,Large,35860,2.75,82.9,100.0,97.0,High,97.0,0.0,88.58,7
2018,Japan,3,Healthcare,Medium,524,2.9,99.0,100.0,35.38,Medium,35.38,0.0,35.38,0
2019,Japan,3,Healthcare,Medium,281,3.12,99.0,89.2,39.88,Medium,35.38,4.5,35.38,1
2020,Japan,3,Healthcare,Medium,278,2.79,99.0,100.0,35.92,Medium,39.88,-3.960000000000001,37.63,2
2021,Japan,3,Healthcare,Medium,275,2.6,99.0,100.0,43.31,Medium,35.92,7.390000000000001,37.06,3
2022,Japan,3,Healthcare,Medium,102,2.26,84.3,100.0,64.74,High,43.31,21.429999999999993,39.70333333333334,4
2023,Japan,3,Healthcare,Medium,167,2.66,99.0,76.8,69.39,High,64.74,4.650000000000006,47.99,5
2024,Japan,3,Healthcare,Medium,323,2.45,93.5,93.7,82.03,High,69.39,12.64,59.14666666666667,6
2025,Japan,3,Healthcare,Medium,244,2.2,86.5,100.0,84.66,High,82.03,2.6299999999999955,72.05333333333333,7
2018,Japan,3,Healthcare,Small,48,2.75,99.0,81.7,14.01,Low,14.01,0.0,14.01,0
2019,Japan,3,Healthcare,Small,40,2.36,97.8,96.2,27.51,Low,14.01,13.500000000000002,14.01,1
2020,Japan,3,Healthcare,Small,21,3.03,99.0,95.5,26.26,Low,27.51,-1.25,20.76,2
2021,Japan,3,Healthcare,Small,92,2.22,99.0,100.0,35.78,Medium,26.26,9.52,22.593333333333334,3
2022,Japan,3,Healthcare,Small,26,2.54,99.0,85.8,47.07,Medium,35.78,11.29,29.850000000000005,4
2023,Japan,3,Healthcare,Small,71,2.5,99.0,86.4,56.99,High,47.07,9.920000000000002,36.37,5
2024,Japan,3,Healthcare,Small,35,2.39,99.0,90.0,62.84,High,56.99,5.850000000000001,46.61333333333334,6
2025,Japan,3,Healthcare,Small,99,2.63,99.0,87.6,70.0,High,62.84,7.159999999999997,55.63333333333333,7
2018,Japan,3,Legal,Large,36017,2.06,99.0,75.4,26.52,Low,26.52,0.0,26.52,0
2019,Japan,3,Legal,Large,46318,2.16,93.3,84.8,30.76,Medium,26.52,4.240000000000002,26.52,1
2020,Japan,3,Legal,Large,31697,3.15,99.0,62.9,45.12,Medium,30.76,14.359999999999996,28.64,2
2021,Japan,3,Legal,Large,10971,3.26,89.1,90.3,45.43,Medium,45.12,0.3100000000000023,34.13333333333333,3
2022,Japan,3,Legal,Large,19208,2.83,99.0,96.3,66.22,High,45.43,20.79,40.43666666666667,4
2023,Japan,3,Legal,Large,42284,3.73,99.0,80.9,61.48,High,66.22,-4.740000000000002,52.25666666666666,5
2024,Japan,3,Legal,Large,12325,2.5,99.0,85.4,78.2,High,61.48,16.720000000000006,57.71,6
2025,Japan,3,Legal,Large,46854,2.61,83.9,94.8,76.19,High,78.2,-2.010000000000005,68.63333333333333,7
2018,Japan,3,Legal,Medium,175,2.58,84.5,93.0,12.39,Low,12.39,0.0,12.39,0
2019,Japan,3,Legal,Medium,122,2.59,96.5,100.0,23.71,Low,12.39,11.32,12.39,1
2020,Japan,3,Legal,Medium,408,2.49,92.8,69.7,40.1,Medium,23.71,16.39,18.05,2
2021,Japan,3,Legal,Medium,953,2.95,73.5,85.5,39.98,Medium,40.1,-0.12000000000000455,25.400000000000002,3
2022,Japan,3,Legal,Medium,684,1.86,99.0,89.9,42.36,Medium,39.98,2.3800000000000026,34.596666666666664,4
2023,Japan,3,Legal,Medium,107,2.26,99.0,78.6,50.69,Medium,42.36,8.329999999999998,40.81333333333333,5
2024,Japan,3,Legal,Medium,467,2.69,99.0,88.0,65.48,High,50.69,14.790000000000006,44.343333333333334,6
2025,Japan,3,Legal,Medium,417,2.61,89.0,83.1,71.81,High,65.48,6.329999999999998,52.843333333333334,7
2018,Japan,3,Legal,Small,83,3.0,95.2,100.0,4.52,Low,4.52,0.0,4.52,0
2019,Japan,3,Legal,Small,14,2.12,95.8,100.0,13.12,Low,4.52,8.6,4.52,1
2020,Japan,3,Legal,Small,10,2.59,99.0,70.5,22.35,Low,13.12,9.230000000000002,8.82,2
2021,Japan,3,Legal,Small,19,2.4,92.9,90.8,20.95,Low,22.35,-1.4000000000000021,13.33,3
2022,Japan,3,Legal,Small,5,2.41,97.0,87.3,40.81,Medium,20.95,19.860000000000003,18.80666666666667,4
2023,Japan,3,Legal,Small,35,2.17,75.1,89.2,45.5,Medium,40.81,4.689999999999998,28.036666666666672,5
2024,Japan,3,Legal,Small,86,2.76,90.1,95.5,51.28,Medium,45.5,5.780000000000001,35.75333333333334,6
2025,Japan,3,Legal,Small,22,2.47,99.0,87.6,49.76,Medium,51.28,-1.5200000000000031,45.86333333333334,7
2018,Japan,3,Manufacturing,Large,39210,2.49,94.7,77.8,44.48,Medium,44.48,0.0,44.48,0
2019,Japan,3,Manufacturing,Large,1502,2.52,99.0,84.1,49.44,Medium,44.48,4.960000000000001,44.48,1
2020,Japan,3,Manufacturing,Large,3870,2.0,99.0,83.0,63.35,High,49.44,13.910000000000004,46.959999999999994,2
2021,Japan,3,Manufacturing,Large,38039,2.62,99.0,77.7,70.59,High,63.35,7.240000000000002,52.423333333333325,3
2022,Japan,3,Manufacturing,Large,34208,2.73,98.5,91.6,63.16,High,70.59,-7.430000000000007,61.126666666666665,4
2023,Japan,3,Manufacturing,Large,18855,2.51,98.0,96.0,81.48,High,63.16,18.320000000000007,65.7,5
2024,Japan,3,Manufacturing,Large,24545,2.06,97.3,100.0,94.77,High,81.48,13.289999999999992,71.74333333333333,6
2025,Japan,3,Manufacturing,Large,13860,2.72,80.9,88.4,97.0,High,94.77,2.230000000000004,79.80333333333333,7
2018,Japan,3,Manufacturing,Medium,212,2.32,99.0,90.4,33.54,Medium,33.54,0.0,33.54,0
2019,Japan,3,Manufacturing,Medium,109,2.64,97.8,87.5,32.61,Medium,33.54,-0.9299999999999997,33.54,1
2020,Japan,3,Manufacturing,Medium,197,2.39,99.0,99.3,41.15,Medium,32.61,8.54,33.075,2
2021,Japan,3,Manufacturing,Medium,823,2.66,99.0,100.0,50.66,Medium,41.15,9.509999999999998,35.766666666666666,3
2022,Japan,3,Manufacturing,Medium,308,2.72,90.4,73.9,56.5,High,50.66,5.840000000000003,41.47333333333333,4
2023,Japan,3,Manufacturing,Medium,508,2.48,94.0,95.7,60.15,High,56.5,3.6499999999999986,49.43666666666667,5
2024,Japan,3,Manufacturing,Medium,261,2.96,99.0,100.0,83.34,High,60.15,23.190000000000005,55.77,6
2025,Japan,3,Manufacturing,Medium,495,2.64,86.1,89.3,80.05,High,83.34,-3.2900000000000063,66.66333333333334,7
2018,Japan,3,Manufacturing,Small,58,3.05,99.0,92.0,13.52,Low,13.52,0.0,13.52,0
2019,Japan,3,Manufacturing,Small,75,2.3,99.0,95.4,29.11,Low,13.52,15.59,13.52,1
2020,Japan,3,Manufacturing,Small,67,3.06,99.0,96.9,25.68,Low,29.11,-3.4299999999999997,21.314999999999998,2
2021,Japan,3,Manufacturing,Small,66,2.36,85.1,100.0,33.92,Medium,25.68,8.240000000000002,22.77,3
2022,Japan,3,Manufacturing,Small,98,3.0,97.6,79.9,39.19,Medium,33.92,5.269999999999996,29.570000000000004,4
2023,Japan,3,Manufacturing,Small,23,2.0,99.0,93.1,48.45,Medium,39.19,9.260000000000005,32.93,5
2024,Japan,3,Manufacturing,Small,90,2.19,97.6,91.9,61.22,High,48.45,12.769999999999996,40.52,6
2025,Japan,3,Manufacturing,Small,55,2.56,99.0,86.9,72.15,High,61.22,10.930000000000007,49.620000000000005,7
2018,Japan,3,Media & Entertainment,Large,26158,2.49,99.0,100.0,50.41,Medium,50.41,0.0,50.41,0
2019,Japan,3,Media & Entertainment,Large,23007,2.81,99.0,91.5,61.8,High,50.41,11.39,50.41,1
2020,Japan,3,Media & Entertainment,Large,36515,1.95,99.0,99.4,58.51,High,61.8,-3.289999999999999,56.105,2
2021,Japan,3,Media & Entertainment,Large,20448,2.58,99.0,100.0,72.13,High,58.51,13.619999999999997,56.906666666666666,3
2022,Japan,3,Media & Entertainment,Large,27088,2.5,99.0,92.7,82.36,High,72.13,10.230000000000004,64.14666666666666,4
2023,Japan,3,Media & Entertainment,Large,28005,2.24,85.7,99.9,85.77,High,82.36,3.4099999999999966,71.0,5
2024,Japan,3,Media & Entertainment,Large,31221,2.33,85.0,96.7,97.0,High,85.77,11.230000000000004,80.08666666666666,6
2025,Japan,3,Media & Entertainment,Large,12945,2.67,91.0,76.1,96.38,High,97.0,-0.6200000000000045,88.37666666666667,7
2018,Japan,3,Media & Entertainment,Medium,970,2.8,99.0,87.3,33.93,Medium,33.93,0.0,33.93,0
2019,Japan,3,Media & Entertainment,Medium,126,2.71,96.2,100.0,33.61,Medium,33.93,-0.3200000000000003,33.93,1
2020,Japan,3,Media & Entertainment,Medium,256,2.16,96.6,86.6,51.33,Medium,33.61,17.72,33.769999999999996,2
2021,Japan,3,Media & Entertainment,Medium,231,2.78,96.5,77.5,53.01,Medium,51.33,1.6799999999999997,39.623333333333335,3
2022,Japan,3,Media & Entertainment,Medium,391,2.37,91.0,86.5,59.55,High,53.01,6.539999999999999,45.98333333333333,4
2023,Japan,3,Media & Entertainment,Medium,179,3.13,90.9,92.3,66.09,High,59.55,6.540000000000006,54.629999999999995,5
2024,Japan,3,Media & Entertainment,Medium,187,2.79,99.0,96.6,87.82,High,66.09,21.72999999999999,59.54999999999999,6
2025,Japan,3,Media & Entertainment,Medium,624,2.01,96.9,81.8,82.8,High,87.82,-5.019999999999996,71.15333333333332,7
2018,Japan,3,Media & Entertainment,Small,33,2.75,99.0,79.6,21.26,Low,21.26,0.0,21.26,0
2019,Japan,3,Media & Entertainment,Small,66,2.22,99.0,73.6,25.88,Low,21.26,4.619999999999997,21.26,1
2020,Japan,3,Media & Entertainment,Small,53,2.43,99.0,100.0,28.68,Low,25.88,2.8000000000000007,23.57,2
2021,Japan,3,Media & Entertainment,Small,95,2.68,97.9,75.9,38.8,Medium,28.68,10.119999999999997,25.27333333333333,3
2022,Japan,3,Media & Entertainment,Small,47,2.61,99.0,100.0,39.21,Medium,38.8,0.4100000000000037,31.119999999999994,4
2023,Japan,3,Media & Entertainment,Small,9,2.99,99.0,81.4,54.07,Medium,39.21,14.86,35.56333333333333,5
2024,Japan,3,Media & Entertainment,Small,14,2.76,99.0,100.0,66.32,High,54.07,12.249999999999993,44.026666666666664,6
2025,Japan,3,Media & Entertainment,Small,72,2.77,99.0,95.6,70.31,High,66.32,3.990000000000009,53.199999999999996,7
2018,Japan,3,Retail,Large,27395,2.43,98.5,81.5,52.8,Medium,52.8,0.0,52.8,0
2019,Japan,3,Retail,Large,33078,3.0,96.2,83.8,56.14,High,52.8,3.3400000000000034,52.8,1
2020,Japan,3,Retail,Large,14271,2.79,99.0,87.4,58.84,High,56.14,2.700000000000003,54.47,2
2021,Japan,3,Retail,Large,10764,2.48,99.0,97.7,67.86,High,58.84,9.019999999999996,55.92666666666667,3
2022,Japan,3,Retail,Large,47882,3.45,86.8,90.1,62.12,High,67.86,-5.740000000000002,60.946666666666665,4
2023,Japan,3,Retail,Large,6521,2.5,99.0,99.1,83.54,High,62.12,21.42000000000001,62.94,5
2024,Japan,3,Retail,Large,45291,2.06,89.3,78.8,90.22,High,83.54,6.679999999999993,71.17333333333333,6
2025,Japan,3,Retail,Large,34712,2.72,98.3,79.1,97.0,High,90.22,6.780000000000001,78.62666666666668,7
2018,Japan,3,Retail,Medium,740,2.35,97.1,71.1,32.45,Medium,32.45,0.0,32.45,0
2019,Japan,3,Retail,Medium,529,3.01,92.3,91.9,37.91,Medium,32.45,5.459999999999994,32.45,1
2020,Japan,3,Retail,Medium,774,2.59,92.0,89.9,47.55,Medium,37.91,9.64,35.18,2
2021,Japan,3,Retail,Medium,889,2.78,86.7,90.9,48.64,Medium,47.55,1.0900000000000034,39.303333333333335,3
2022,Japan,3,Retail,Medium,362,2.9,82.3,88.7,58.84,High,48.64,10.200000000000003,44.699999999999996,4
2023,Japan,3,Retail,Medium,905,2.65,99.0,85.3,61.93,High,58.84,3.0899999999999963,51.67666666666667,5
2024,Japan,3,Retail,Medium,768,2.36,96.1,89.9,78.49,High,61.93,16.559999999999995,56.47,6
2025,Japan,3,Retail,Medium,841,2.85,92.3,97.1,80.0,High,78.49,1.5100000000000051,66.42,7
2018,Japan,3,Retail,Small,7,2.57,84.3,92.0,12.02,Low,12.02,0.0,12.02,0
2019,Japan,3,Retail,Small,52,2.24,99.0,80.7,25.15,Low,12.02,13.129999999999999,12.02,1
2020,Japan,3,Retail,Small,33,2.38,99.0,100.0,30.99,Medium,25.15,5.84,18.585,2
2021,Japan,3,Retail,Small,55,2.33,95.7,94.5,22.19,Low,30.99,-8.799999999999997,22.72,3
2022,Japan,3,Retail,Small,70,2.8,99.0,85.7,39.32,Medium,22.19,17.13,26.11,4
2023,Japan,3,Retail,Small,87,2.08,97.4,90.7,52.3,Medium,39.32,12.979999999999997,30.833333333333332,5
2024,Japan,3,Retail,Small,81,2.48,99.0,100.0,52.77,Medium,52.3,0.47000000000000597,37.93666666666667,6
2025,Japan,3,Retail,Small,44,2.53,88.3,100.0,64.53,High,52.77,11.759999999999998,48.13,7
2018,Japan,3,Technology,Large,24060,2.67,99.0,100.0,73.36,High,73.36,0.0,73.36,0
2019,Japan,3,Technology,Large,9802,2.21,94.3,100.0,72.37,High,73.36,-0.9899999999999949,73.36,1
2020,Japan,3,Technology,Large,12842,2.32,99.0,86.5,78.06,High,72.37,5.689999999999998,72.86500000000001,2
2021,Japan,3,Technology,Large,21180,2.49,88.5,99.2,92.19,High,78.06,14.129999999999995,74.59666666666668,3
2022,Japan,3,Technology,Large,37731,2.34,99.0,95.5,90.26,High,92.19,-1.9299999999999926,80.87333333333333,4
2023,Japan,3,Technology,Large,22400,2.67,82.9,99.8,97.0,High,90.26,6.739999999999995,86.83666666666666,5
2024,Japan,3,Technology,Large,34808,2.63,99.0,96.3,97.0,High,97.0,0.0,93.14999999999999,6
2025,Japan,3,Technology,Large,41916,2.5,99.0,90.6,97.0,High,97.0,0.0,94.75333333333333,7
2018,Japan,3,Technology,Medium,390,2.54,99.0,85.4,37.36,Medium,37.36,0.0,37.36,0
2019,Japan,3,Technology,Medium,967,2.76,99.0,97.8,57.12,High,37.36,19.759999999999998,37.36,1
2020,Japan,3,Technology,Medium,127,2.8,92.6,91.2,53.71,Medium,57.12,-3.4099999999999966,47.239999999999995,2
2021,Japan,3,Technology,Medium,668,2.35,99.0,84.8,61.79,High,53.71,8.079999999999998,49.39666666666667,3
2022,Japan,3,Technology,Medium,932,2.4,98.4,94.2,62.81,High,61.79,1.0200000000000031,57.54,4
2023,Japan,3,Technology,Medium,410,2.53,99.0,100.0,72.18,High,62.81,9.370000000000005,59.43666666666667,5
2024,Japan,3,Technology,Medium,802,2.5,96.6,100.0,87.49,High,72.18,15.309999999999988,65.59333333333335,6
2025,Japan,3,Technology,Medium,576,2.36,93.9,100.0,94.6,High,87.49,7.109999999999999,74.16000000000001,7
2018,Japan,3,Technology,Small,45,2.4,99.0,94.5,23.92,Low,23.92,0.0,23.92,0
2019,Japan,3,Technology,Small,17,2.16,99.0,100.0,36.79,Medium,23.92,12.869999999999997,23.92,1
2020,Japan,3,Technology,Small,89,2.42,94.7,100.0,34.5,Medium,36.79,-2.289999999999999,30.355,2
2021,Japan,3,Technology,Small,72,2.92,99.0,94.9,48.7,Medium,34.5,14.200000000000003,31.736666666666668,3
2022,Japan,3,Technology,Small,74,2.39,99.0,100.0,50.75,Medium,48.7,2.049999999999997,39.99666666666667,4
2023,Japan,3,Technology,Small,58,2.25,99.0,91.7,68.87,High,50.75,18.120000000000005,44.650000000000006,5
2024,Japan,3,Technology,Small,97,2.59,99.0,100.0,71.9,High,68.87,3.030000000000001,56.106666666666676,6
2025,Japan,3,Technology,Small,15,2.26,94.2,87.6,86.56,High,71.9,14.659999999999997,63.84,7
2018,Mexico,2,Agriculture,Large,22164,1.86,78.4,53.2,8.16,Low,8.16,0.0,8.16,0
2019,Mexico,2,Agriculture,Large,14763,1.96,84.2,58.7,10.98,Low,8.16,2.8200000000000003,8.16,1
2020,Mexico,2,Agriculture,Large,2808,1.73,74.0,59.9,16.79,Low,10.98,5.809999999999999,9.57,2
2021,Mexico,2,Agriculture,Large,26811,1.45,75.3,62.0,21.13,Low,16.79,4.34,11.976666666666667,3
2022,Mexico,2,Agriculture,Large,43693,1.45,78.7,70.9,19.7,Low,21.13,-1.4299999999999997,16.3,4
2023,Mexico,2,Agriculture,Large,23054,1.61,82.1,68.6,41.14,Medium,19.7,21.44,19.206666666666667,5
2024,Mexico,2,Agriculture,Large,4061,1.79,91.8,70.7,49.12,Medium,41.14,7.979999999999997,27.323333333333334,6
2025,Mexico,2,Agriculture,Large,10914,2.3,91.4,73.5,50.17,Medium,49.12,1.0500000000000043,36.653333333333336,7
2018,Mexico,2,Agriculture,Medium,600,1.72,78.1,53.8,4.93,Low,4.93,0.0,4.93,0
2019,Mexico,2,Agriculture,Medium,921,1.87,56.0,57.2,6.82,Low,4.93,1.8900000000000006,4.93,1
2020,Mexico,2,Agriculture,Medium,960,1.14,80.0,69.6,13.9,Low,6.82,7.08,5.875,2
2021,Mexico,2,Agriculture,Medium,946,1.82,82.0,56.8,12.82,Low,13.9,-1.08,8.549999999999999,3
2022,Mexico,2,Agriculture,Medium,845,2.19,83.0,55.6,13.59,Low,12.82,0.7699999999999996,11.18,4
2023,Mexico,2,Agriculture,Medium,528,1.51,89.0,52.9,29.55,Low,13.59,15.96,13.436666666666667,5
2024,Mexico,2,Agriculture,Medium,568,1.84,88.6,61.1,49.12,Medium,29.55,19.569999999999997,18.653333333333332,6
2025,Mexico,2,Agriculture,Medium,187,1.47,87.2,57.3,41.61,Medium,49.12,-7.509999999999998,30.75333333333333,7
2018,Mexico,2,Agriculture,Small,77,2.04,84.0,85.2,2.0,Low,2.0,0.0,2.0,0
2019,Mexico,2,Agriculture,Small,53,1.84,66.2,56.7,2.0,Low,2.0,0.0,2.0,1
2020,Mexico,2,Agriculture,Small,20,1.87,91.3,75.8,4.23,Low,2.0,2.2300000000000004,2.0,2
2021,Mexico,2,Agriculture,Small,32,1.88,73.7,56.8,8.99,Low,4.23,4.76,2.7433333333333336,3
2022,Mexico,2,Agriculture,Small,62,1.34,89.0,62.3,9.31,Low,8.99,0.3200000000000003,5.073333333333333,4
2023,Mexico,2,Agriculture,Small,50,1.91,72.4,51.7,19.66,Low,9.31,10.35,7.510000000000001,5
2024,Mexico,2,Agriculture,Small,5,1.83,76.5,63.8,35.22,Medium,19.66,15.559999999999999,12.653333333333334,6
2025,Mexico,2,Agriculture,Small,23,1.65,75.9,69.8,50.02,Medium,35.22,14.800000000000004,21.396666666666665,7
2018,Mexico,2,Automotive,Large,14354,1.23,67.6,77.5,33.13,Medium,33.13,0.0,33.13,0
2019,Mexico,2,Automotive,Large,1887,2.08,76.1,60.3,35.56,Medium,33.13,2.4299999999999997,33.13,1
2020,Mexico,2,Automotive,Large,8990,2.16,82.4,73.5,44.62,Medium,35.56,9.059999999999995,34.345,2
2021,Mexico,2,Automotive,Large,43237,1.69,87.1,65.9,38.77,Medium,44.62,-5.849999999999994,37.77,3
2022,Mexico,2,Automotive,Large,36536,1.76,89.1,66.2,55.04,High,38.77,16.269999999999996,39.650000000000006,4
2023,Mexico,2,Automotive,Large,11695,1.52,64.4,82.1,64.69,High,55.04,9.649999999999999,46.14333333333334,5
2024,Mexico,2,Automotive,Large,4266,1.89,90.7,71.5,68.51,High,64.69,3.8200000000000074,52.833333333333336,6
2025,Mexico,2,Automotive,Large,30794,1.89,82.4,68.7,85.37,High,68.51,16.86,62.74666666666667,7
2018,Mexico,2,Automotive,Medium,251,2.0,80.5,61.0,18.22,Low,18.22,0.0,18.22,0
2019,Mexico,2,Automotive,Medium,412,1.89,73.5,68.2,18.6,Low,18.22,0.38000000000000256,18.22,1
2020,Mexico,2,Automotive,Medium,198,1.8,77.9,75.4,29.45,Low,18.6,10.849999999999998,18.41,2
2021,Mexico,2,Automotive,Medium,361,1.68,69.7,54.3,30.29,Medium,29.45,0.8399999999999999,22.09,3
2022,Mexico,2,Automotive,Medium,171,1.86,83.4,63.1,42.75,Medium,30.29,12.46,26.113333333333333,4
2023,Mexico,2,Automotive,Medium,172,2.05,73.5,79.2,45.64,Medium,42.75,2.8900000000000006,34.163333333333334,5
2024,Mexico,2,Automotive,Medium,306,2.08,76.1,78.7,55.31,High,45.64,9.670000000000002,39.56,6
2025,Mexico,2,Automotive,Medium,554,1.98,63.4,68.8,64.48,High,55.31,9.170000000000002,47.900000000000006,7
2018,Mexico,2,Automotive,Small,60,1.4,71.7,62.6,5.15,Low,5.15,0.0,5.15,0
2019,Mexico,2,Automotive,Small,92,1.9,81.6,58.1,18.12,Low,5.15,12.97,5.15,1
2020,Mexico,2,Automotive,Small,74,1.44,71.9,82.3,20.18,Low,18.12,2.0599999999999987,11.635000000000002,2
2021,Mexico,2,Automotive,Small,11,2.15,87.7,73.1,26.99,Low,20.18,6.809999999999999,14.483333333333334,3
2022,Mexico,2,Automotive,Small,59,1.88,69.4,75.2,27.45,Low,26.99,0.46000000000000085,21.763333333333332,4
2023,Mexico,2,Automotive,Small,96,1.95,84.1,58.3,36.52,Medium,27.45,9.070000000000004,24.87333333333333,5
2024,Mexico,2,Automotive,Small,52,1.43,83.5,63.9,46.98,Medium,36.52,10.459999999999994,30.320000000000004,6
2025,Mexico,2,Automotive,Small,16,2.66,74.4,66.5,52.33,Medium,46.98,5.350000000000001,36.983333333333334,7
2018,Mexico,2,Education,Large,11410,1.32,92.0,77.8,11.46,Low,11.46,0.0,11.46,0
2019,Mexico,2,Education,Large,13607,1.78,86.3,50.8,15.15,Low,11.46,3.6899999999999995,11.46,1
2020,Mexico,2,Education,Large,1496,1.95,80.5,62.9,23.21,Low,15.15,8.06,13.305,2
2021,Mexico,2,Education,Large,4247,1.55,86.7,67.4,35.89,Medium,23.21,12.68,16.606666666666666,3
2022,Mexico,2,Education,Large,41596,2.07,87.6,52.1,52.52,Medium,35.89,16.630000000000003,24.75,4
2023,Mexico,2,Education,Large,33185,1.35,86.1,55.3,50.42,Medium,52.52,-2.1000000000000014,37.20666666666667,5
2024,Mexico,2,Education,Large,48323,2.25,79.6,72.0,62.25,High,50.42,11.829999999999998,46.276666666666664,6
2025,Mexico,2,Education,Large,16804,2.2,86.8,47.4,73.52,High,62.25,11.269999999999996,55.06333333333333,7
2018,Mexico,2,Education,Medium,159,2.39,72.3,61.3,6.35,Low,6.35,0.0,6.35,0
2019,Mexico,2,Education,Medium,651,2.19,72.3,60.3,21.42,Low,6.35,15.070000000000002,6.35,1
2020,Mexico,2,Education,Medium,212,1.57,77.0,52.0,26.29,Low,21.42,4.869999999999997,13.885000000000002,2
2021,Mexico,2,Education,Medium,401,2.37,80.5,56.2,29.27,Low,26.29,2.9800000000000004,18.02,3
2022,Mexico,2,Education,Medium,199,2.02,82.8,67.8,37.57,Medium,29.27,8.3,25.66,4
2023,Mexico,2,Education,Medium,821,1.55,73.5,60.5,41.48,Medium,37.57,3.9099999999999966,31.043333333333333,5
2024,Mexico,2,Education,Medium,798,1.76,89.0,65.2,40.51,Medium,41.48,-0.9699999999999989,36.10666666666666,6
2025,Mexico,2,Education,Medium,355,2.68,88.2,64.1,63.3,High,40.51,22.79,39.85333333333333,7
2018,Mexico,2,Education,Small,88,1.9,72.5,68.9,4.77,Low,4.77,0.0,4.77,0
2019,Mexico,2,Education,Small,42,1.49,86.9,46.2,8.3,Low,4.77,3.530000000000001,4.77,1
2020,Mexico,2,Education,Small,96,1.98,82.1,87.3,2.0,Low,8.3,-6.300000000000001,6.535,2
2021,Mexico,2,Education,Small,45,1.72,82.8,66.1,21.71,Low,2.0,19.71,5.023333333333333,3
2022,Mexico,2,Education,Small,84,1.24,87.8,62.2,22.01,Low,21.71,0.3000000000000007,10.670000000000002,4
2023,Mexico,2,Education,Small,45,2.23,79.1,71.7,41.03,Medium,22.01,19.02,15.24,5
2024,Mexico,2,Education,Small,5,1.82,80.2,68.1,51.59,Medium,41.03,10.560000000000002,28.25,6
2025,Mexico,2,Education,Small,9,2.09,79.2,62.6,51.35,Medium,51.59,-0.240000000000002,38.21,7
2018,Mexico,2,Financial Services,Large,16405,1.41,77.2,67.3,34.63,Medium,34.63,0.0,34.63,0
2019,Mexico,2,Financial Services,Large,1067,2.36,80.4,47.6,31.89,Medium,34.63,-2.740000000000002,34.63,1
2020,Mexico,2,Financial Services,Large,4679,2.47,69.5,59.6,43.67,Medium,31.89,11.780000000000001,33.260000000000005,2
2021,Mexico,2,Financial Services,Large,6967,2.24,73.1,69.3,46.02,Medium,43.67,2.3500000000000014,36.73,3
2022,Mexico,2,Financial Services,Large,20367,2.15,67.2,79.1,63.65,High,46.02,17.629999999999995,40.52666666666667,4
2023,Mexico,2,Financial Services,Large,36738,1.78,68.5,78.2,63.2,High,63.65,-0.44999999999999574,51.11333333333334,5
2024,Mexico,2,Financial Services,Large,16860,2.41,77.9,69.4,78.15,High,63.2,14.950000000000003,57.623333333333335,6
2025,Mexico,2,Financial Services,Large,18585,1.28,76.2,72.1,88.8,High,78.15,10.649999999999991,68.33333333333333,7
2018,Mexico,2,Financial Services,Medium,832,1.63,86.8,79.8,16.19,Low,16.19,0.0,16.19,0
2019,Mexico,2,Financial Services,Medium,501,2.1,75.0,77.9,13.65,Low,16.19,-2.540000000000001,16.19,1
2020,Mexico,2,Financial Services,Medium,830,2.19,86.0,72.5,35.72,Medium,13.65,22.07,14.920000000000002,2
2021,Mexico,2,Financial Services,Medium,719,2.12,83.9,65.4,45.35,Medium,35.72,9.630000000000003,21.853333333333335,3
2022,Mexico,2,Financial Services,Medium,432,1.92,75.7,66.8,43.24,Medium,45.35,-2.1099999999999994,31.573333333333334,4
2023,Mexico,2,Financial Services,Medium,686,1.74,77.9,65.7,56.31,High,43.24,13.07,41.43666666666667,5
2024,Mexico,2,Financial Services,Medium,854,1.72,72.3,67.2,67.26,High,56.31,10.950000000000003,48.300000000000004,6
2025,Mexico,2,Financial Services,Medium,341,1.71,81.9,69.2,79.46,High,67.26,12.199999999999989,55.60333333333333,7
2018,Mexico,2,Financial Services,Small,39,1.54,82.3,56.8,5.4,Low,5.4,0.0,5.4,0
2019,Mexico,2,Financial Services,Small,98,2.16,71.3,64.1,19.06,Low,5.4,13.659999999999998,5.4,1
2020,Mexico,2,Financial Services,Small,45,1.35,73.7,80.9,22.89,Low,19.06,3.830000000000002,12.23,2
2021,Mexico,2,Financial Services,Small,21,1.8,99.0,61.2,26.36,Low,22.89,3.469999999999999,15.783333333333331,3
2022,Mexico,2,Financial Services,Small,76,1.41,84.9,74.9,28.14,Low,26.36,1.7800000000000011,22.77,4
2023,Mexico,2,Financial Services,Small,39,2.09,73.8,65.7,42.13,Medium,28.14,13.990000000000002,25.796666666666667,5
2024,Mexico,2,Financial Services,Small,59,2.06,84.2,73.3,57.61,High,42.13,15.479999999999997,32.21,6
2025,Mexico,2,Financial Services,Small,77,1.5,71.2,84.0,66.95,High,57.61,9.340000000000003,42.626666666666665,7
2018,Mexico,2,Gaming,Large,37069,2.06,64.1,66.9,32.26,Medium,32.26,0.0,32.26,0
2019,Mexico,2,Gaming,Large,17147,1.99,77.2,63.6,40.44,Medium,32.26,8.18,32.26,1
2020,Mexico,2,Gaming,Large,45997,1.64,84.2,64.8,49.18,Medium,40.44,8.740000000000002,36.349999999999994,2
2021,Mexico,2,Gaming,Large,11050,1.78,69.6,83.3,57.17,High,49.18,7.990000000000002,40.626666666666665,3
2022,Mexico,2,Gaming,Large,5564,1.71,75.6,78.3,61.1,High,57.17,3.9299999999999997,48.93000000000001,4
2023,Mexico,2,Gaming,Large,9642,1.89,73.9,77.2,62.66,High,61.1,1.5599999999999952,55.81666666666667,5
2024,Mexico,2,Gaming,Large,22048,1.26,85.6,86.6,85.2,High,62.66,22.540000000000006,60.31,6
2025,Mexico,2,Gaming,Large,41906,1.84,85.7,63.1,92.27,High,85.2,7.069999999999993,69.65333333333332,7
2018,Mexico,2,Gaming,Medium,979,2.18,78.7,82.2,27.07,Low,27.07,0.0,27.07,0
2019,Mexico,2,Gaming,Medium,305,2.36,74.0,90.5,27.48,Low,27.07,0.41000000000000014,27.07,1
2020,Mexico,2,Gaming,Medium,158,1.58,79.8,89.2,28.52,Low,27.48,1.0399999999999991,27.275,2
2021,Mexico,2,Gaming,Medium,479,1.81,78.7,74.3,35.31,Medium,28.52,6.790000000000003,27.689999999999998,3
2022,Mexico,2,Gaming,Medium,630,1.45,86.0,72.9,36.94,Medium,35.31,1.6299999999999955,30.436666666666667,4
2023,Mexico,2,Gaming,Medium,344,1.96,87.7,57.4,50.85,Medium,36.94,13.910000000000004,33.589999999999996,5
2024,Mexico,2,Gaming,Medium,327,1.92,71.9,88.5,74.01,High,50.85,23.160000000000004,41.03333333333333,6
2025,Mexico,2,Gaming,Medium,349,2.21,66.2,85.2,78.21,High,74.01,4.199999999999989,53.93333333333334,7
2018,Mexico,2,Gaming,Small,5,2.38,83.4,86.6,4.98,Low,4.98,0.0,4.98,0
2019,Mexico,2,Gaming,Small,63,1.57,84.4,67.2,14.83,Low,4.98,9.85,4.98,1
2020,Mexico,2,Gaming,Small,43,2.13,81.2,62.6,28.82,Low,14.83,13.99,9.905000000000001,2
2021,Mexico,2,Gaming,Small,45,1.08,70.6,63.6,32.13,Medium,28.82,3.3100000000000023,16.21,3
2022,Mexico,2,Gaming,Small,78,2.32,81.3,82.4,33.58,Medium,32.13,1.4499999999999957,25.26,4
2023,Mexico,2,Gaming,Small,99,1.43,82.5,69.9,44.98,Medium,33.58,11.399999999999999,31.51,5
2024,Mexico,2,Gaming,Small,10,2.09,80.6,72.5,61.97,High,44.98,16.990000000000002,36.89666666666667,6
2025,Mexico,2,Gaming,Small,83,1.99,75.6,85.3,65.0,High,61.97,3.030000000000001,46.843333333333334,7
2018,Mexico,2,Government,Large,9397,1.84,93.0,58.6,13.87,Low,13.87,0.0,13.87,0
2019,Mexico,2,Government,Large,39902,2.03,84.8,56.4,18.34,Low,13.87,4.470000000000001,13.87,1
2020,Mexico,2,Government,Large,20498,1.81,80.7,60.6,16.39,Low,18.34,-1.9499999999999993,16.105,2
2021,Mexico,2,Government,Large,21200,2.16,73.0,61.7,28.59,Low,16.39,12.2,16.2,3
2022,Mexico,2,Government,Large,4039,1.81,73.2,69.2,34.95,Medium,28.59,6.360000000000003,21.106666666666666,4
2023,Mexico,2,Government,Large,31691,1.83,89.4,61.0,45.53,Medium,34.95,10.579999999999998,26.643333333333334,5
2024,Mexico,2,Government,Large,26416,1.68,72.8,80.5,55.99,High,45.53,10.46,36.35666666666666,6
2025,Mexico,2,Government,Large,30079,2.22,95.1,71.1,65.19,High,55.99,9.199999999999996,45.49,7
2018,Mexico,2,Government,Medium,880,2.26,78.8,85.2,2.0,Low,2.0,0.0,2.0,0
2019,Mexico,2,Government,Medium,343,2.3,91.5,55.0,7.5,Low,2.0,5.5,2.0,1
2020,Mexico,2,Government,Medium,900,1.88,65.6,68.7,18.27,Low,7.5,10.77,4.75,2
2021,Mexico,2,Government,Medium,428,1.29,81.0,66.1,27.03,Low,18.27,8.760000000000002,9.256666666666666,3
2022,Mexico,2,Government,Medium,531,2.07,81.9,53.7,22.44,Low,27.03,-4.59,17.599999999999998,4
2023,Mexico,2,Government,Medium,365,2.15,81.2,77.5,36.01,Medium,22.44,13.569999999999997,22.580000000000002,5
2024,Mexico,2,Government,Medium,657,1.88,70.4,83.7,49.2,Medium,36.01,13.190000000000005,28.493333333333336,6
2025,Mexico,2,Government,Medium,185,2.34,80.8,81.1,69.17,High,49.2,19.97,35.88333333333333,7
2018,Mexico,2,Government,Small,64,1.74,84.0,56.6,2.0,Low,2.0,0.0,2.0,0
2019,Mexico,2,Government,Small,37,2.05,58.7,77.8,2.0,Low,2.0,0.0,2.0,1
2020,Mexico,2,Government,Small,74,2.11,83.3,65.1,4.55,Low,2.0,2.55,2.0,2
2021,Mexico,2,Government,Small,52,1.75,78.7,61.7,14.32,Low,4.55,9.77,2.85,3
2022,Mexico,2,Government,Small,91,1.92,78.7,52.4,28.1,Low,14.32,13.780000000000001,6.956666666666667,4
2023,Mexico,2,Government,Small,34,1.89,74.2,68.3,36.53,Medium,28.1,8.43,15.656666666666666,5
2024,Mexico,2,Government,Small,64,2.12,70.8,58.5,37.28,Medium,36.53,0.75,26.316666666666666,6
2025,Mexico,2,Government,Small,61,1.86,96.3,72.0,54.5,Medium,37.28,17.22,33.97,7
2018,Mexico,2,Healthcare,Large,42770,2.15,72.7,58.9,26.03,Low,26.03,0.0,26.03,0
2019,Mexico,2,Healthcare,Large,12556,2.35,76.7,55.2,42.71,Medium,26.03,16.68,26.03,1
2020,Mexico,2,Healthcare,Large,29777,2.15,68.7,85.5,52.46,Medium,42.71,9.75,34.370000000000005,2
2021,Mexico,2,Healthcare,Large,22486,1.66,85.2,89.0,49.26,Medium,52.46,-3.200000000000003,40.4,3
2022,Mexico,2,Healthcare,Large,44316,1.9,75.5,79.6,60.53,High,49.26,11.270000000000003,48.14333333333334,4
2023,Mexico,2,Healthcare,Large,40289,1.9,96.6,64.5,68.39,High,60.53,7.859999999999999,54.083333333333336,5
2024,Mexico,2,Healthcare,Large,47515,2.17,92.6,62.4,84.51,High,68.39,16.120000000000005,59.39333333333334,6
2025,Mexico,2,Healthcare,Large,27609,2.1,80.1,74.4,83.29,High,84.51,-1.2199999999999989,71.14333333333333,7
2018,Mexico,2,Healthcare,Medium,554,2.55,79.9,80.5,11.91,Low,11.91,0.0,11.91,0
2019,Mexico,2,Healthcare,Medium,133,1.85,93.5,84.0,18.3,Low,11.91,6.390000000000001,11.91,1
2020,Mexico,2,Healthcare,Medium,357,1.25,80.7,73.8,31.35,Medium,18.3,13.05,15.105,2
2021,Mexico,2,Healthcare,Medium,375,1.54,87.4,80.6,35.99,Medium,31.35,4.640000000000001,20.52,3
2022,Mexico,2,Healthcare,Medium,329,1.83,67.4,92.1,52.36,Medium,35.99,16.369999999999997,28.54666666666667,4
2023,Mexico,2,Healthcare,Medium,314,2.17,73.0,96.1,57.34,High,52.36,4.980000000000004,39.9,5
2024,Mexico,2,Healthcare,Medium,395,1.55,87.8,84.1,74.89,High,57.34,17.549999999999997,48.56333333333333,6
2025,Mexico,2,Healthcare,Medium,240,1.44,84.2,79.6,68.29,High,74.89,-6.599999999999994,61.53,7
2018,Mexico,2,Healthcare,Small,34,2.53,72.7,79.2,2.0,Low,2.0,0.0,2.0,0
2019,Mexico,2,Healthcare,Small,21,1.89,79.9,78.3,3.32,Low,2.0,1.3199999999999998,2.0,1
2020,Mexico,2,Healthcare,Small,41,1.82,85.0,74.4,17.2,Low,3.32,13.879999999999999,2.66,2
2021,Mexico,2,Healthcare,Small,28,2.02,82.5,83.9,31.27,Medium,17.2,14.07,7.506666666666667,3
2022,Mexico,2,Healthcare,Small,42,2.06,74.6,65.1,32.73,Medium,31.27,1.4599999999999973,17.263333333333332,4
2023,Mexico,2,Healthcare,Small,43,1.7,89.1,77.6,37.06,Medium,32.73,4.330000000000005,27.066666666666663,5
2024,Mexico,2,Healthcare,Small,45,2.07,86.8,77.3,56.49,High,37.06,19.43,33.68666666666667,6
2025,Mexico,2,Healthcare,Small,46,2.08,78.2,75.4,56.56,High,56.49,0.07000000000000028,42.093333333333334,7
2018,Mexico,2,Legal,Large,36108,1.2,90.6,66.2,2.0,Low,2.0,0.0,2.0,0
2019,Mexico,2,Legal,Large,15324,1.98,82.6,60.7,20.78,Low,2.0,18.78,2.0,1
2020,Mexico,2,Legal,Large,27440,1.48,73.8,68.0,29.04,Low,20.78,8.259999999999998,11.39,2
2021,Mexico,2,Legal,Large,19991,1.68,66.9,74.0,29.34,Low,29.04,0.3000000000000007,17.273333333333333,3
2022,Mexico,2,Legal,Large,33583,2.01,82.1,65.2,35.27,Medium,29.34,5.930000000000003,26.386666666666667,4
2023,Mexico,2,Legal,Large,45538,2.13,86.3,53.7,55.15,High,35.27,19.879999999999995,31.21666666666667,5
2024,Mexico,2,Legal,Large,25805,1.57,84.2,63.9,48.1,Medium,55.15,-7.049999999999997,39.92000000000001,6
2025,Mexico,2,Legal,Large,29970,1.95,76.2,91.5,68.91,High,48.1,20.809999999999995,46.17333333333334,7
2018,Mexico,2,Legal,Medium,119,2.11,71.8,52.6,5.48,Low,5.48,0.0,5.48,0
2019,Mexico,2,Legal,Medium,822,2.05,82.5,67.8,7.74,Low,5.48,2.26,5.48,1
2020,Mexico,2,Legal,Medium,344,1.4,82.4,63.1,19.92,Low,7.74,12.180000000000001,6.61,2
2021,Mexico,2,Legal,Medium,826,2.22,95.8,68.7,20.99,Low,19.92,1.0699999999999967,11.046666666666667,3
2022,Mexico,2,Legal,Medium,270,2.28,91.6,66.7,36.92,Medium,20.99,15.930000000000003,16.216666666666665,4
2023,Mexico,2,Legal,Medium,936,1.62,71.2,66.8,40.62,Medium,36.92,3.6999999999999957,25.94333333333333,5
2024,Mexico,2,Legal,Medium,153,1.85,76.3,65.0,51.77,Medium,40.62,11.150000000000006,32.843333333333334,6
2025,Mexico,2,Legal,Medium,260,1.92,64.5,61.4,53.71,Medium,51.77,1.9399999999999977,43.10333333333333,7
2018,Mexico,2,Legal,Small,36,1.87,85.7,57.6,2.0,Low,2.0,0.0,2.0,0
2019,Mexico,2,Legal,Small,72,2.39,86.5,63.3,2.0,Low,2.0,0.0,2.0,1
2020,Mexico,2,Legal,Small,24,1.92,75.2,54.3,2.77,Low,2.0,0.77,2.0,2
2021,Mexico,2,Legal,Small,89,2.17,75.6,71.9,22.38,Low,2.77,19.61,2.2566666666666664,3
2022,Mexico,2,Legal,Small,38,1.23,82.3,75.1,28.73,Low,22.38,6.350000000000001,9.049999999999999,4
2023,Mexico,2,Legal,Small,72,1.92,76.0,68.4,36.15,Medium,28.73,7.419999999999998,17.959999999999997,5
2024,Mexico,2,Legal,Small,9,1.91,80.3,84.6,47.0,Medium,36.15,10.850000000000001,29.086666666666662,6
2025,Mexico,2,Legal,Small,91,2.22,57.4,61.0,50.77,Medium,47.0,3.770000000000003,37.29333333333333,7
2018,Mexico,2,Manufacturing,Large,40342,1.8,78.8,74.3,29.05,Low,29.05,0.0,29.05,0
2019,Mexico,2,Manufacturing,Large,31545,1.73,66.1,63.1,37.32,Medium,29.05,8.27,29.05,1
2020,Mexico,2,Manufacturing,Large,4696,2.26,71.3,67.2,35.15,Medium,37.32,-2.1700000000000017,33.185,2
2021,Mexico,2,Manufacturing,Large,18243,1.75,80.7,62.2,51.0,Medium,35.15,15.850000000000001,33.839999999999996,3
2022,Mexico,2,Manufacturing,Large,27411,1.68,82.7,66.2,56.67,High,51.0,5.670000000000002,41.156666666666666,4
2023,Mexico,2,Manufacturing,Large,14855,1.57,75.0,76.8,64.38,High,56.67,7.709999999999994,47.60666666666666,5
2024,Mexico,2,Manufacturing,Large,46242,2.06,99.0,78.7,77.58,High,64.38,13.200000000000003,57.349999999999994,6
2025,Mexico,2,Manufacturing,Large,16853,2.06,86.1,58.8,82.26,High,77.58,4.680000000000007,66.21,7
2018,Mexico,2,Manufacturing,Medium,506,1.68,89.3,85.7,8.11,Low,8.11,0.0,8.11,0
2019,Mexico,2,Manufacturing,Medium,689,1.51,80.8,57.1,20.42,Low,8.11,12.310000000000002,8.11,1
2020,Mexico,2,Manufacturing,Medium,351,1.79,94.4,65.7,30.66,Medium,20.42,10.239999999999998,14.265,2
2021,Mexico,2,Manufacturing,Medium,685,2.54,92.9,82.7,37.05,Medium,30.66,6.389999999999997,19.73,3
2022,Mexico,2,Manufacturing,Medium,147,1.69,81.1,62.0,37.76,Medium,37.05,0.7100000000000009,29.376666666666665,4
2023,Mexico,2,Manufacturing,Medium,560,1.71,69.4,66.8,43.51,Medium,37.76,5.75,35.156666666666666,5
2024,Mexico,2,Manufacturing,Medium,157,1.72,80.4,62.7,54.54,Medium,43.51,11.030000000000001,39.44,6
2025,Mexico,2,Manufacturing,Medium,255,1.86,78.3,70.3,60.52,High,54.54,5.980000000000004,45.27,7
2018,Mexico,2,Manufacturing,Small,21,2.03,75.7,70.4,2.0,Low,2.0,0.0,2.0,0
2019,Mexico,2,Manufacturing,Small,72,1.82,84.2,96.0,2.38,Low,2.0,0.3799999999999999,2.0,1
2020,Mexico,2,Manufacturing,Small,76,2.07,86.4,80.4,24.86,Low,2.38,22.48,2.19,2
2021,Mexico,2,Manufacturing,Small,30,2.16,75.4,59.2,22.89,Low,24.86,-1.9699999999999989,9.746666666666666,3
2022,Mexico,2,Manufacturing,Small,12,2.1,78.4,79.9,36.83,Medium,22.89,13.939999999999998,16.709999999999997,4
2023,Mexico,2,Manufacturing,Small,38,1.73,86.2,65.0,37.06,Medium,36.83,0.23000000000000398,28.193333333333328,5
2024,Mexico,2,Manufacturing,Small,16,1.99,87.9,73.5,48.01,Medium,37.06,10.949999999999996,32.26,6
2025,Mexico,2,Manufacturing,Small,71,1.87,81.6,76.2,63.36,High,48.01,15.350000000000001,40.63333333333333,7
2018,Mexico,2,Media & Entertainment,Large,12183,2.06,72.6,77.3,32.49,Medium,32.49,0.0,32.49,0
2019,Mexico,2,Media & Entertainment,Large,8614,1.85,88.0,71.5,32.17,Medium,32.49,-0.3200000000000003,32.49,1
2020,Mexico,2,Media & Entertainment,Large,11373,1.68,80.3,71.4,46.38,Medium,32.17,14.21,32.33,2
2021,Mexico,2,Media & Entertainment,Large,17961,2.58,83.7,82.2,47.88,Medium,46.38,1.5,37.013333333333335,3
2022,Mexico,2,Media & Entertainment,Large,15429,1.91,87.2,76.9,58.49,High,47.88,10.61,42.14333333333334,4
2023,Mexico,2,Media & Entertainment,Large,13919,1.93,73.6,82.1,63.24,High,58.49,4.75,50.916666666666664,5
2024,Mexico,2,Media & Entertainment,Large,18368,1.92,71.2,70.0,74.02,High,63.24,10.779999999999994,56.53666666666667,6
2025,Mexico,2,Media & Entertainment,Large,21326,1.91,83.8,70.3,83.16,High,74.02,9.14,65.25,7
2018,Mexico,2,Media & Entertainment,Medium,426,1.94,85.5,83.5,22.03,Low,22.03,0.0,22.03,0
2019,Mexico,2,Media & Entertainment,Medium,924,1.56,90.0,76.4,12.53,Low,22.03,-9.500000000000002,22.03,1
2020,Mexico,2,Media & Entertainment,Medium,974,2.29,90.5,70.4,25.3,Low,12.53,12.770000000000001,17.28,2
2021,Mexico,2,Media & Entertainment,Medium,495,1.75,82.8,66.2,35.22,Medium,25.3,9.919999999999998,19.953333333333333,3
2022,Mexico,2,Media & Entertainment,Medium,271,1.86,70.8,68.8,39.56,Medium,35.22,4.340000000000003,24.349999999999998,4
2023,Mexico,2,Media & Entertainment,Medium,914,1.93,66.1,55.1,48.44,Medium,39.56,8.879999999999995,33.36,5
2024,Mexico,2,Media & Entertainment,Medium,942,1.75,71.8,64.4,62.29,High,48.44,13.850000000000001,41.07333333333333,6
2025,Mexico,2,Media & Entertainment,Medium,401,1.82,72.5,77.5,71.1,High,62.29,8.809999999999995,50.096666666666664,7
2018,Mexico,2,Media & Entertainment,Small,20,1.79,76.6,56.6,2.0,Low,2.0,0.0,2.0,0
2019,Mexico,2,Media & Entertainment,Small,60,1.86,74.7,68.8,10.19,Low,2.0,8.19,2.0,1
2020,Mexico,2,Media & Entertainment,Small,12,2.18,76.3,65.2,24.85,Low,10.19,14.660000000000002,6.095,2
2021,Mexico,2,Media & Entertainment,Small,86,2.38,78.4,66.2,23.61,Low,24.85,-1.240000000000002,12.346666666666666,3
2022,Mexico,2,Media & Entertainment,Small,54,1.64,88.7,83.4,32.47,Medium,23.61,8.86,19.55,4
2023,Mexico,2,Media & Entertainment,Small,43,2.03,76.9,69.0,25.55,Low,32.47,-6.919999999999998,26.97666666666667,5
2024,Mexico,2,Media & Entertainment,Small,33,1.94,87.2,66.8,43.26,Medium,25.55,17.709999999999997,27.209999999999997,6
2025,Mexico,2,Media & Entertainment,Small,33,1.68,84.8,58.5,64.58,High,43.26,21.32,33.76,7
2018,Mexico,2,Retail,Large,19170,2.48,82.6,70.2,30.47,Medium,30.47,0.0,30.47,0
2019,Mexico,2,Retail,Large,8033,1.95,84.6,67.4,30.03,Medium,30.47,-0.4399999999999977,30.47,1
2020,Mexico,2,Retail,Large,32849,1.23,89.4,64.2,44.07,Medium,30.03,14.04,30.25,2
2021,Mexico,2,Retail,Large,34186,2.07,74.4,75.4,37.44,Medium,44.07,-6.630000000000003,34.85666666666666,3
2022,Mexico,2,Retail,Large,21202,1.97,83.7,68.4,42.2,Medium,37.44,4.760000000000005,37.18,4
2023,Mexico,2,Retail,Large,29783,1.4,69.5,67.8,57.97,High,42.2,15.769999999999996,41.23666666666667,5
2024,Mexico,2,Retail,Large,3876,2.21,84.4,58.7,72.9,High,57.97,14.930000000000007,45.870000000000005,6
2025,Mexico,2,Retail,Large,41673,2.29,71.0,66.7,68.3,High,72.9,-4.6000000000000085,57.690000000000005,7
2018,Mexico,2,Retail,Medium,146,1.56,87.7,75.1,13.74,Low,13.74,0.0,13.74,0
2019,Mexico,2,Retail,Medium,397,1.71,79.2,66.5,12.85,Low,13.74,-0.8900000000000006,13.74,1
2020,Mexico,2,Retail,Medium,257,2.01,82.3,81.7,34.43,Medium,12.85,21.58,13.295,2
2021,Mexico,2,Retail,Medium,143,2.17,89.7,64.1,36.83,Medium,34.43,2.3999999999999986,20.34,3
2022,Mexico,2,Retail,Medium,623,1.49,74.1,69.3,44.0,Medium,36.83,7.170000000000002,28.036666666666665,4
2023,Mexico,2,Retail,Medium,834,1.37,86.2,76.8,42.43,Medium,44.0,-1.5700000000000003,38.42,5
2024,Mexico,2,Retail,Medium,951,2.09,90.3,73.0,56.11,High,42.43,13.68,41.086666666666666,6
2025,Mexico,2,Retail,Medium,845,1.83,74.2,58.4,66.89,High,56.11,10.780000000000001,47.51333333333333,7
2018,Mexico,2,Retail,Small,12,1.97,90.9,52.0,3.26,Low,3.26,0.0,3.26,0
2019,Mexico,2,Retail,Small,17,2.09,76.0,72.9,4.81,Low,3.26,1.5499999999999998,3.26,1
2020,Mexico,2,Retail,Small,59,2.17,85.1,79.7,26.8,Low,4.81,21.990000000000002,4.035,2
2021,Mexico,2,Retail,Small,92,2.35,93.0,77.0,17.82,Low,26.8,-8.98,11.623333333333335,3
2022,Mexico,2,Retail,Small,8,2.27,80.0,70.7,31.91,Medium,17.82,14.09,16.47666666666667,4
2023,Mexico,2,Retail,Small,35,2.31,99.0,67.8,30.45,Medium,31.91,-1.4600000000000009,25.51,5
2024,Mexico,2,Retail,Small,46,1.94,73.2,50.5,46.5,Medium,30.45,16.05,26.72666666666667,6
2025,Mexico,2,Retail,Small,73,1.9,65.6,75.1,43.61,Medium,46.5,-2.8900000000000006,36.28666666666667,7
2018,Mexico,2,Technology,Large,16459,1.93,66.5,77.1,36.59,Medium,36.59,0.0,36.59,0
2019,Mexico,2,Technology,Large,37999,1.95,83.5,72.7,46.16,Medium,36.59,9.569999999999993,36.59,1
2020,Mexico,2,Technology,Large,41629,1.48,70.7,67.1,47.86,Medium,46.16,1.7000000000000028,41.375,2
2021,Mexico,2,Technology,Large,10018,1.83,77.1,93.4,55.98,High,47.86,8.119999999999997,43.53666666666667,3
2022,Mexico,2,Technology,Large,26420,1.96,71.9,60.3,57.04,High,55.98,1.0600000000000023,50.0,4
2023,Mexico,2,Technology,Large,12849,1.58,73.6,79.6,77.71,High,57.04,20.669999999999995,53.626666666666665,5
2024,Mexico,2,Technology,Large,36896,1.62,76.9,64.6,88.03,High,77.71,10.320000000000007,63.57666666666666,6
2025,Mexico,2,Technology,Large,18330,2.22,93.4,76.6,96.49,High,88.03,8.459999999999994,74.26,7
2018,Mexico,2,Technology,Medium,261,1.86,78.2,74.2,23.49,Low,23.49,0.0,23.49,0
2019,Mexico,2,Technology,Medium,278,1.54,80.1,86.1,25.04,Low,23.49,1.5500000000000007,23.49,1
2020,Mexico,2,Technology,Medium,242,1.32,80.4,72.7,34.59,Medium,25.04,9.550000000000004,24.265,2
2021,Mexico,2,Technology,Medium,825,1.82,89.8,65.1,34.59,Medium,34.59,0.0,27.706666666666667,3
2022,Mexico,2,Technology,Medium,611,2.04,70.1,77.5,44.16,Medium,34.59,9.569999999999993,31.40666666666667,4
2023,Mexico,2,Technology,Medium,324,1.4,89.7,71.5,51.86,Medium,44.16,7.700000000000003,37.78,5
2024,Mexico,2,Technology,Medium,239,2.02,74.4,64.7,66.57,High,51.86,14.709999999999994,43.53666666666667,6
2025,Mexico,2,Technology,Medium,741,1.75,88.7,100.0,72.53,High,66.57,5.960000000000008,54.19666666666666,7
2018,Mexico,2,Technology,Small,65,2.21,93.2,81.3,9.9,Low,9.9,0.0,9.9,0
2019,Mexico,2,Technology,Small,98,1.84,73.9,96.4,22.34,Low,9.9,12.44,9.9,1
2020,Mexico,2,Technology,Small,54,1.6,75.6,83.7,27.03,Low,22.34,4.690000000000001,16.12,2
2021,Mexico,2,Technology,Small,14,2.19,93.5,61.4,23.96,Low,27.03,-3.0700000000000003,19.756666666666664,3
2022,Mexico,2,Technology,Small,21,1.85,83.7,83.1,26.36,Low,23.96,2.3999999999999986,24.44333333333333,4
2023,Mexico,2,Technology,Small,25,2.43,80.2,88.4,48.12,Medium,26.36,21.759999999999998,25.78333333333333,5
2024,Mexico,2,Technology,Small,31,1.79,73.8,70.6,60.9,High,48.12,12.780000000000001,32.81333333333333,6
2025,Mexico,2,Technology,Small,23,2.01,78.7,69.1,57.05,High,60.9,-3.8500000000000014,45.126666666666665,7
2018,Morocco,1,Agriculture,Large,13708,0.78,42.5,44.1,2.0,Low,2.0,0.0,2.0,0
2019,Morocco,1,Agriculture,Large,28392,1.52,59.3,60.9,4.6,Low,2.0,2.5999999999999996,2.0,1
2020,Morocco,1,Agriculture,Large,7077,1.11,50.0,48.8,8.47,Low,4.6,3.870000000000001,3.3,2
2021,Morocco,1,Agriculture,Large,20021,1.42,62.8,40.9,13.62,Low,8.47,5.149999999999999,5.023333333333333,3
2022,Morocco,1,Agriculture,Large,45055,0.63,59.9,68.4,18.56,Low,13.62,4.9399999999999995,8.896666666666667,4
2023,Morocco,1,Agriculture,Large,19083,1.01,66.0,50.4,30.75,Medium,18.56,12.190000000000001,13.549999999999999,5
2024,Morocco,1,Agriculture,Large,31366,1.08,57.6,24.1,45.41,Medium,30.75,14.659999999999997,20.976666666666667,6
2025,Morocco,1,Agriculture,Large,17159,1.59,46.8,47.0,43.11,Medium,45.41,-2.299999999999997,31.573333333333334,7
2018,Morocco,1,Agriculture,Medium,720,1.62,58.1,50.1,2.0,Low,2.0,0.0,2.0,0
2019,Morocco,1,Agriculture,Medium,454,1.05,63.9,46.0,2.0,Low,2.0,0.0,2.0,1
2020,Morocco,1,Agriculture,Medium,923,1.09,60.8,51.2,2.0,Low,2.0,0.0,2.0,2
2021,Morocco,1,Agriculture,Medium,418,1.56,42.7,61.6,15.04,Low,2.0,13.04,2.0,3
2022,Morocco,1,Agriculture,Medium,716,1.47,52.5,47.8,20.49,Low,15.04,5.449999999999999,6.346666666666667,4
2023,Morocco,1,Agriculture,Medium,930,1.14,55.1,52.2,23.96,Low,20.49,3.4700000000000024,12.51,5
2024,Morocco,1,Agriculture,Medium,492,0.68,70.8,52.8,42.76,Medium,23.96,18.799999999999997,19.83,6
2025,Morocco,1,Agriculture,Medium,172,1.03,71.2,33.3,38.59,Medium,42.76,-4.169999999999995,29.070000000000004,7
2018,Morocco,1,Agriculture,Small,72,1.55,62.9,55.5,2.0,Low,2.0,0.0,2.0,0
2019,Morocco,1,Agriculture,Small,58,0.83,58.7,41.5,2.0,Low,2.0,0.0,2.0,1
2020,Morocco,1,Agriculture,Small,92,0.9,60.3,33.7,4.58,Low,2.0,2.58,2.0,2
2021,Morocco,1,Agriculture,Small,27,1.16,70.0,34.4,12.97,Low,4.58,8.39,2.86,3
2022,Morocco,1,Agriculture,Small,8,0.88,64.6,29.0,17.12,Low,12.97,4.15,6.516666666666667,4
2023,Morocco,1,Agriculture,Small,75,0.94,46.4,42.5,24.7,Low,17.12,7.579999999999998,11.556666666666667,5
2024,Morocco,1,Agriculture,Small,24,1.5,59.7,35.7,34.37,Medium,24.7,9.669999999999998,18.263333333333335,6
2025,Morocco,1,Agriculture,Small,28,1.27,75.3,58.4,37.37,Medium,34.37,3.0,25.396666666666665,7
2018,Morocco,1,Automotive,Large,7353,1.36,62.3,51.3,10.17,Low,10.17,0.0,10.17,0
2019,Morocco,1,Automotive,Large,36365,0.48,58.1,46.0,10.91,Low,10.17,0.7400000000000002,10.17,1
2020,Morocco,1,Automotive,Large,28935,1.25,73.2,46.0,32.97,Medium,10.91,22.06,10.54,2
2021,Morocco,1,Automotive,Large,28113,1.14,66.8,40.7,40.81,Medium,32.97,7.840000000000003,18.016666666666666,3
2022,Morocco,1,Automotive,Large,38920,1.44,62.5,42.1,39.56,Medium,40.81,-1.25,28.23,4
2023,Morocco,1,Automotive,Large,17903,1.16,62.8,48.3,44.26,Medium,39.56,4.699999999999996,37.78,5
2024,Morocco,1,Automotive,Large,5415,1.18,58.4,51.5,62.12,High,44.26,17.86,41.54333333333333,6
2025,Morocco,1,Automotive,Large,38473,1.36,66.3,56.8,68.35,High,62.12,6.229999999999997,48.64666666666667,7
2018,Morocco,1,Automotive,Medium,815,1.58,56.3,54.5,10.47,Low,10.47,0.0,10.47,0
2019,Morocco,1,Automotive,Medium,642,1.13,68.0,60.4,9.67,Low,10.47,-0.8000000000000007,10.47,1
2020,Morocco,1,Automotive,Medium,401,1.27,73.2,34.2,19.02,Low,9.67,9.35,10.07,2
2021,Morocco,1,Automotive,Medium,571,1.16,46.5,41.5,24.08,Low,19.02,5.059999999999999,13.053333333333333,3
2022,Morocco,1,Automotive,Medium,695,1.07,65.5,58.0,30.5,Medium,24.08,6.420000000000002,17.59,4
2023,Morocco,1,Automotive,Medium,425,1.5,80.5,50.0,47.03,Medium,30.5,16.53,24.53333333333333,5
2024,Morocco,1,Automotive,Medium,694,1.2,52.1,57.6,49.14,Medium,47.03,2.1099999999999994,33.87,6
2025,Morocco,1,Automotive,Medium,733,1.07,45.9,33.9,58.32,High,49.14,9.18,42.223333333333336,7
2018,Morocco,1,Automotive,Small,98,1.04,62.3,51.2,2.0,Low,2.0,0.0,2.0,0
2019,Morocco,1,Automotive,Small,90,1.0,50.3,46.1,3.13,Low,2.0,1.13,2.0,1
2020,Morocco,1,Automotive,Small,27,1.07,57.4,60.4,8.69,Low,3.13,5.56,2.565,2
2021,Morocco,1,Automotive,Small,99,1.36,55.6,48.7,9.09,Low,8.69,0.40000000000000036,4.6066666666666665,3
2022,Morocco,1,Automotive,Small,63,0.61,61.2,50.7,23.57,Low,9.09,14.48,6.969999999999999,4
2023,Morocco,1,Automotive,Small,5,1.13,60.2,46.8,31.28,Medium,23.57,7.710000000000001,13.783333333333331,5
2024,Morocco,1,Automotive,Small,71,1.04,51.5,44.4,45.64,Medium,31.28,14.36,21.313333333333333,6
2025,Morocco,1,Automotive,Small,78,1.45,55.6,55.4,44.22,Medium,45.64,-1.4200000000000017,33.49666666666666,7
2018,Morocco,1,Education,Large,10252,1.33,66.2,52.0,6.2,Low,6.2,0.0,6.2,0
2019,Morocco,1,Education,Large,37242,1.25,58.6,61.2,12.55,Low,6.2,6.3500000000000005,6.2,1
2020,Morocco,1,Education,Large,48773,0.95,69.5,45.1,17.63,Low,12.55,5.079999999999998,9.375,2
2021,Morocco,1,Education,Large,16218,1.42,61.3,41.1,23.11,Low,17.63,5.48,12.126666666666665,3
2022,Morocco,1,Education,Large,20316,1.58,58.0,46.4,31.09,Medium,23.11,7.98,17.763333333333332,4
2023,Morocco,1,Education,Large,11811,1.28,62.0,57.8,38.88,Medium,31.09,7.790000000000003,23.94333333333333,5
2024,Morocco,1,Education,Large,41229,1.37,51.9,48.5,51.87,Medium,38.88,12.989999999999995,31.026666666666667,6
2025,Morocco,1,Education,Large,6257,0.93,56.5,44.0,53.5,Medium,51.87,1.6300000000000026,40.61333333333334,7
2018,Morocco,1,Education,Medium,994,1.43,67.4,47.2,2.0,Low,2.0,0.0,2.0,0
2019,Morocco,1,Education,Medium,716,1.67,54.2,43.8,2.13,Low,2.0,0.1299999999999999,2.0,1
2020,Morocco,1,Education,Medium,247,1.43,50.5,37.7,6.81,Low,2.13,4.68,2.065,2
2021,Morocco,1,Education,Medium,791,1.29,74.5,50.9,15.74,Low,6.81,8.93,3.6466666666666665,3
2022,Morocco,1,Education,Medium,612,0.96,68.1,43.5,20.33,Low,15.74,4.589999999999998,8.226666666666667,4
2023,Morocco,1,Education,Medium,861,0.91,73.4,54.9,29.07,Low,20.33,8.740000000000002,14.293333333333331,5
2024,Morocco,1,Education,Medium,594,0.99,56.8,45.8,43.7,Medium,29.07,14.630000000000003,21.713333333333335,6
2025,Morocco,1,Education,Medium,337,0.99,44.3,50.0,52.75,Medium,43.7,9.049999999999997,31.033333333333335,7
2018,Morocco,1,Education,Small,94,1.53,58.5,52.7,2.0,Low,2.0,0.0,2.0,0
2019,Morocco,1,Education,Small,70,0.9,59.0,43.2,2.0,Low,2.0,0.0,2.0,1
2020,Morocco,1,Education,Small,77,1.06,57.4,39.3,7.69,Low,2.0,5.69,2.0,2
2021,Morocco,1,Education,Small,86,1.27,39.3,45.8,18.9,Low,7.69,11.209999999999997,3.896666666666667,3
2022,Morocco,1,Education,Small,80,1.07,53.6,46.5,14.13,Low,18.9,-4.769999999999998,9.53,4
2023,Morocco,1,Education,Small,17,1.07,64.0,57.5,30.59,Medium,14.13,16.46,13.573333333333332,5
2024,Morocco,1,Education,Small,11,1.0,53.4,33.7,39.33,Medium,30.59,8.739999999999998,21.206666666666667,6
2025,Morocco,1,Education,Small,26,1.0,54.2,52.0,44.45,Medium,39.33,5.1200000000000045,28.016666666666666,7
2018,Morocco,1,Financial Services,Large,1661,1.27,66.0,37.7,17.52,Low,17.52,0.0,17.52,0
2019,Morocco,1,Financial Services,Large,28088,1.33,56.9,67.2,20.41,Low,17.52,2.8900000000000006,17.52,1
2020,Morocco,1,Financial Services,Large,29979,1.57,60.1,50.6,32.42,Medium,20.41,12.010000000000002,18.965,2
2021,Morocco,1,Financial Services,Large,36509,0.94,44.9,69.8,41.5,Medium,32.42,9.079999999999998,23.45,3
2022,Morocco,1,Financial Services,Large,42472,1.1,66.1,43.9,39.82,Medium,41.5,-1.6799999999999997,31.44333333333334,4
2023,Morocco,1,Financial Services,Large,24613,0.76,52.1,37.4,60.62,High,39.82,20.799999999999997,37.913333333333334,5
2024,Morocco,1,Financial Services,Large,19719,0.71,60.9,44.1,58.54,High,60.62,-2.0799999999999983,47.31333333333333,6
2025,Morocco,1,Financial Services,Large,20500,1.18,78.6,44.6,63.75,High,58.54,5.210000000000001,52.99333333333333,7
2018,Morocco,1,Financial Services,Medium,199,1.02,56.3,45.1,3.1,Low,3.1,0.0,3.1,0
2019,Morocco,1,Financial Services,Medium,645,0.71,64.8,57.5,2.0,Low,3.1,-1.1,3.1,1
2020,Morocco,1,Financial Services,Medium,356,0.72,63.0,48.7,24.36,Low,2.0,22.36,2.55,2
2021,Morocco,1,Financial Services,Medium,174,1.36,62.5,57.6,18.75,Low,24.36,-5.609999999999999,9.82,3
2022,Morocco,1,Financial Services,Medium,852,0.91,47.5,53.0,37.0,Medium,18.75,18.25,15.036666666666667,4
2023,Morocco,1,Financial Services,Medium,145,0.65,49.4,60.5,52.34,Medium,37.0,15.340000000000003,26.703333333333333,5
2024,Morocco,1,Financial Services,Medium,266,1.24,74.0,41.1,48.61,Medium,52.34,-3.730000000000004,36.03,6
2025,Morocco,1,Financial Services,Medium,276,1.37,60.6,53.9,53.35,Medium,48.61,4.740000000000002,45.98333333333333,7
2018,Morocco,1,Financial Services,Small,13,0.81,60.7,63.0,2.0,Low,2.0,0.0,2.0,0
2019,Morocco,1,Financial Services,Small,7,1.08,63.9,34.1,3.71,Low,2.0,1.71,2.0,1
2020,Morocco,1,Financial Services,Small,81,0.71,59.5,53.3,8.41,Low,3.71,4.7,2.855,2
2021,Morocco,1,Financial Services,Small,63,0.82,43.7,57.6,23.47,Low,8.41,15.059999999999999,4.706666666666667,3
2022,Morocco,1,Financial Services,Small,98,0.95,73.8,32.9,24.3,Low,23.47,0.8300000000000018,11.863333333333335,4
2023,Morocco,1,Financial Services,Small,79,0.81,54.7,48.6,37.14,Medium,24.3,12.84,18.726666666666667,5
2024,Morocco,1,Financial Services,Small,34,1.13,39.0,37.7,40.12,Medium,37.14,2.979999999999997,28.30333333333333,6
2025,Morocco,1,Financial Services,Small,85,1.04,60.8,57.4,55.31,High,40.12,15.190000000000005,33.85333333333333,7
2018,Morocco,1,Gaming,Large,1131,1.57,63.8,48.0,16.38,Low,16.38,0.0,16.38,0
2019,Morocco,1,Gaming,Large,27903,1.47,59.4,49.2,20.14,Low,16.38,3.7600000000000016,16.38,1
2020,Morocco,1,Gaming,Large,19030,1.72,60.7,55.2,38.45,Medium,20.14,18.310000000000002,18.259999999999998,2
2021,Morocco,1,Gaming,Large,13190,1.29,61.1,46.8,44.3,Medium,38.45,5.849999999999994,24.99,3
2022,Morocco,1,Gaming,Large,18863,0.92,55.0,50.4,41.7,Medium,44.3,-2.5999999999999943,34.29666666666667,4
2023,Morocco,1,Gaming,Large,29671,1.44,66.2,53.5,53.35,Medium,41.7,11.649999999999999,41.483333333333334,5
2024,Morocco,1,Gaming,Large,36176,1.14,60.5,49.9,67.45,High,53.35,14.100000000000001,46.449999999999996,6
2025,Morocco,1,Gaming,Large,35693,1.33,75.1,46.9,72.1,High,67.45,4.6499999999999915,54.166666666666664,7
2018,Morocco,1,Gaming,Medium,827,0.95,70.1,41.3,16.95,Low,16.95,0.0,16.95,0
2019,Morocco,1,Gaming,Medium,851,0.83,46.0,42.6,17.53,Low,16.95,0.5800000000000018,16.95,1
2020,Morocco,1,Gaming,Medium,796,1.04,73.4,36.9,27.86,Low,17.53,10.329999999999998,17.240000000000002,2
2021,Morocco,1,Gaming,Medium,300,1.48,59.7,58.0,30.76,Medium,27.86,2.900000000000002,20.78,3
2022,Morocco,1,Gaming,Medium,195,1.71,62.2,58.6,35.29,Medium,30.76,4.529999999999998,25.383333333333336,4
2023,Morocco,1,Gaming,Medium,376,1.35,51.5,54.8,39.44,Medium,35.29,4.149999999999999,31.30333333333333,5
2024,Morocco,1,Gaming,Medium,327,0.57,63.4,64.2,53.19,Medium,39.44,13.75,35.163333333333334,6
2025,Morocco,1,Gaming,Medium,235,1.1,69.1,54.1,67.44,High,53.19,14.25,42.63999999999999,7
2018,Morocco,1,Gaming,Small,77,0.95,71.7,53.9,2.0,Low,2.0,0.0,2.0,0
2019,Morocco,1,Gaming,Small,36,1.57,72.6,57.1,18.03,Low,2.0,16.03,2.0,1
2020,Morocco,1,Gaming,Small,91,1.64,67.8,43.3,5.81,Low,18.03,-12.220000000000002,10.015,2
2021,Morocco,1,Gaming,Small,71,1.72,67.3,38.8,17.13,Low,5.81,11.32,8.613333333333333,3
2022,Morocco,1,Gaming,Small,88,1.64,70.8,61.7,16.85,Low,17.13,-0.2799999999999976,13.656666666666666,4
2023,Morocco,1,Gaming,Small,42,0.8,71.1,58.2,43.78,Medium,16.85,26.93,13.263333333333334,5
2024,Morocco,1,Gaming,Small,35,0.96,72.7,53.8,48.63,Medium,43.78,4.850000000000001,25.919999999999998,6
2025,Morocco,1,Gaming,Small,61,1.68,58.3,64.6,58.6,High,48.63,9.969999999999999,36.42,7
2018,Morocco,1,Government,Large,13616,1.49,59.4,46.7,2.0,Low,2.0,0.0,2.0,0
2019,Morocco,1,Government,Large,35722,1.39,64.5,42.0,11.69,Low,2.0,9.69,2.0,1
2020,Morocco,1,Government,Large,19878,1.43,52.6,39.3,9.62,Low,11.69,-2.0700000000000003,6.845,2
2021,Morocco,1,Government,Large,15362,1.39,63.3,48.0,21.6,Low,9.62,11.980000000000002,7.77,3
2022,Morocco,1,Government,Large,4078,1.49,50.9,43.7,38.27,Medium,21.6,16.67,14.303333333333333,4
2023,Morocco,1,Government,Large,48092,1.33,64.8,42.7,40.62,Medium,38.27,2.3499999999999943,23.163333333333338,5
2024,Morocco,1,Government,Large,42500,1.37,56.5,43.0,51.92,Medium,40.62,11.300000000000004,33.49666666666667,6
2025,Morocco,1,Government,Large,20993,1.52,60.6,57.9,58.93,High,51.92,7.009999999999998,43.60333333333333,7
2018,Morocco,1,Government,Medium,609,1.43,46.0,43.6,2.43,Low,2.43,0.0,2.43,0
2019,Morocco,1,Government,Medium,975,1.34,58.2,47.6,2.0,Low,2.43,-0.43000000000000016,2.43,1
2020,Morocco,1,Government,Medium,140,1.23,50.8,65.3,14.69,Low,2.0,12.69,2.215,2
2021,Morocco,1,Government,Medium,743,1.09,60.6,42.9,8.9,Low,14.69,-5.789999999999999,6.373333333333332,3
2022,Morocco,1,Government,Medium,865,1.75,62.9,53.0,16.73,Low,8.9,7.83,8.53,4
2023,Morocco,1,Government,Medium,276,1.42,57.5,41.3,35.8,Medium,16.73,19.069999999999997,13.44,5
2024,Morocco,1,Government,Medium,174,0.75,48.2,40.7,41.37,Medium,35.8,5.57,20.476666666666667,6
2025,Morocco,1,Government,Medium,407,1.41,73.9,36.1,48.67,Medium,41.37,7.300000000000004,31.3,7
2018,Morocco,1,Government,Small,7,1.5,48.5,49.8,2.0,Low,2.0,0.0,2.0,0
2019,Morocco,1,Government,Small,82,1.0,66.9,53.1,2.0,Low,2.0,0.0,2.0,1
2020,Morocco,1,Government,Small,96,1.12,54.0,45.5,5.56,Low,2.0,3.5599999999999996,2.0,2
2021,Morocco,1,Government,Small,95,1.21,58.9,30.6,13.55,Low,5.56,7.990000000000001,3.186666666666666,3
2022,Morocco,1,Government,Small,74,1.46,73.3,46.2,16.97,Low,13.55,3.419999999999998,7.036666666666666,4
2023,Morocco,1,Government,Small,5,0.5,73.7,32.1,16.88,Low,16.97,-0.08999999999999986,12.026666666666666,5
2024,Morocco,1,Government,Small,42,1.17,62.3,28.9,38.33,Medium,16.88,21.45,15.799999999999999,6
2025,Morocco,1,Government,Small,77,1.61,65.3,44.2,48.71,Medium,38.33,10.380000000000003,24.06,7
2018,Morocco,1,Healthcare,Large,18139,1.3,46.7,50.0,16.49,Low,16.49,0.0,16.49,0
2019,Morocco,1,Healthcare,Large,17146,0.94,60.2,45.4,29.83,Low,16.49,13.34,16.49,1
2020,Morocco,1,Healthcare,Large,29906,1.2,69.0,51.5,32.73,Medium,29.83,2.8999999999999986,23.159999999999997,2
2021,Morocco,1,Healthcare,Large,44485,0.82,55.0,34.3,34.44,Medium,32.73,1.7100000000000009,26.349999999999998,3
2022,Morocco,1,Healthcare,Large,6729,0.8,61.8,49.8,46.73,Medium,34.44,12.29,32.333333333333336,4
2023,Morocco,1,Healthcare,Large,40735,1.36,65.7,64.9,59.81,High,46.73,13.080000000000005,37.96666666666667,5
2024,Morocco,1,Healthcare,Large,21932,1.4,62.9,44.7,61.38,High,59.81,1.5700000000000003,46.99333333333333,6
2025,Morocco,1,Healthcare,Large,48834,0.74,52.1,47.8,70.63,High,61.38,9.249999999999993,55.973333333333336,7
2018,Morocco,1,Healthcare,Medium,706,1.09,64.9,85.9,13.08,Low,13.08,0.0,13.08,0
2019,Morocco,1,Healthcare,Medium,978,1.34,65.2,38.4,11.18,Low,13.08,-1.9000000000000004,13.08,1
2020,Morocco,1,Healthcare,Medium,505,1.67,62.1,54.6,20.13,Low,11.18,8.95,12.129999999999999,2
2021,Morocco,1,Healthcare,Medium,680,1.68,57.2,54.8,25.63,Low,20.13,5.5,14.796666666666667,3
2022,Morocco,1,Healthcare,Medium,871,1.58,65.4,29.3,37.42,Medium,25.63,11.790000000000003,18.98,4
2023,Morocco,1,Healthcare,Medium,939,1.38,63.0,38.9,43.74,Medium,37.42,6.32,27.72666666666667,5
2024,Morocco,1,Healthcare,Medium,626,1.29,59.1,60.7,41.81,Medium,43.74,-1.9299999999999997,35.596666666666664,6
2025,Morocco,1,Healthcare,Medium,638,1.04,64.6,29.2,56.05,High,41.81,14.239999999999995,40.99,7
2018,Morocco,1,Healthcare,Small,41,1.4,65.4,59.2,2.0,Low,2.0,0.0,2.0,0
2019,Morocco,1,Healthcare,Small,98,1.0,66.2,58.0,2.0,Low,2.0,0.0,2.0,1
2020,Morocco,1,Healthcare,Small,37,0.57,64.4,36.7,13.92,Low,2.0,11.92,2.0,2
2021,Morocco,1,Healthcare,Small,24,1.03,62.4,73.3,21.58,Low,13.92,7.659999999999998,5.973333333333334,3
2022,Morocco,1,Healthcare,Small,59,0.97,56.5,37.2,22.38,Low,21.58,0.8000000000000007,12.5,4
2023,Morocco,1,Healthcare,Small,73,0.6,56.3,38.0,41.92,Medium,22.38,19.540000000000003,19.293333333333333,5
2024,Morocco,1,Healthcare,Small,54,1.24,62.2,52.3,42.45,Medium,41.92,0.5300000000000011,28.626666666666665,6
2025,Morocco,1,Healthcare,Small,59,0.9,59.9,72.5,49.65,Medium,42.45,7.199999999999996,35.583333333333336,7
2018,Morocco,1,Legal,Large,31613,1.66,69.7,63.6,5.69,Low,5.69,0.0,5.69,0
2019,Morocco,1,Legal,Large,15073,1.8,55.4,43.1,2.0,Low,5.69,-3.6900000000000004,5.69,1
2020,Morocco,1,Legal,Large,40308,1.11,49.2,41.7,16.51,Low,2.0,14.510000000000002,3.845,2
2021,Morocco,1,Legal,Large,4462,1.8,71.9,40.6,26.67,Low,16.51,10.16,8.066666666666668,3
2022,Morocco,1,Legal,Large,3855,0.91,56.5,50.6,29.3,Low,26.67,2.629999999999999,15.060000000000002,4
2023,Morocco,1,Legal,Large,14592,1.37,69.7,39.2,30.15,Medium,29.3,0.8499999999999979,24.16,5
2024,Morocco,1,Legal,Large,39191,1.16,76.2,29.6,57.24,High,30.15,27.090000000000003,28.706666666666667,6
2025,Morocco,1,Legal,Large,22672,1.27,54.6,35.7,63.39,High,57.24,6.149999999999999,38.89666666666667,7
2018,Morocco,1,Legal,Medium,368,1.41,55.9,47.3,2.0,Low,2.0,0.0,2.0,0
2019,Morocco,1,Legal,Medium,358,1.25,60.7,39.1,2.0,Low,2.0,0.0,2.0,1
2020,Morocco,1,Legal,Medium,123,1.3,64.7,30.5,16.88,Low,2.0,14.879999999999999,2.0,2
2021,Morocco,1,Legal,Medium,656,0.79,78.8,50.0,16.89,Low,16.88,0.010000000000001563,6.96,3
2022,Morocco,1,Legal,Medium,747,1.13,66.1,67.5,19.72,Low,16.89,2.8299999999999983,11.923333333333332,4
2023,Morocco,1,Legal,Medium,282,1.47,68.4,45.7,33.7,Medium,19.72,13.980000000000004,17.83,5
2024,Morocco,1,Legal,Medium,540,1.39,61.7,37.9,43.76,Medium,33.7,10.059999999999995,23.436666666666667,6
2025,Morocco,1,Legal,Medium,615,1.0,56.8,44.3,54.56,Medium,43.76,10.800000000000004,32.39333333333334,7
2018,Morocco,1,Legal,Small,45,1.18,49.5,39.5,2.0,Low,2.0,0.0,2.0,0
2019,Morocco,1,Legal,Small,9,1.39,52.6,39.2,2.0,Low,2.0,0.0,2.0,1
2020,Morocco,1,Legal,Small,84,1.33,52.7,54.1,2.0,Low,2.0,0.0,2.0,2
2021,Morocco,1,Legal,Small,55,0.81,60.5,46.5,17.01,Low,2.0,15.010000000000002,2.0,3
2022,Morocco,1,Legal,Small,24,0.99,56.7,46.9,15.72,Low,17.01,-1.290000000000001,7.003333333333334,4
2023,Morocco,1,Legal,Small,41,1.19,72.8,20.3,26.89,Low,15.72,11.17,11.576666666666668,5
2024,Morocco,1,Legal,Small,68,0.85,59.7,47.1,40.11,Medium,26.89,13.219999999999999,19.873333333333335,6
2025,Morocco,1,Legal,Small,97,0.99,64.9,44.5,45.31,Medium,40.11,5.200000000000003,27.573333333333334,7
2018,Morocco,1,Manufacturing,Large,1129,1.14,66.4,53.8,17.13,Low,17.13,0.0,17.13,0
2019,Morocco,1,Manufacturing,Large,45088,1.29,63.1,41.6,12.0,Low,17.13,-5.129999999999999,17.13,1
2020,Morocco,1,Manufacturing,Large,40175,1.16,58.2,59.2,25.02,Low,12.0,13.02,14.565,2
2021,Morocco,1,Manufacturing,Large,2899,0.81,65.8,57.3,21.95,Low,25.02,-3.0700000000000003,18.05,3
2022,Morocco,1,Manufacturing,Large,37271,0.89,57.3,56.1,31.41,Medium,21.95,9.46,19.656666666666666,4
2023,Morocco,1,Manufacturing,Large,29099,1.43,59.1,43.5,44.66,Medium,31.41,13.249999999999996,26.126666666666665,5
2024,Morocco,1,Manufacturing,Large,10677,1.45,68.1,38.9,56.95,High,44.66,12.290000000000006,32.67333333333333,6
2025,Morocco,1,Manufacturing,Large,1595,1.43,53.7,54.8,63.62,High,56.95,6.669999999999995,44.339999999999996,7
2018,Morocco,1,Manufacturing,Medium,545,1.6,49.1,59.8,2.0,Low,2.0,0.0,2.0,0
2019,Morocco,1,Manufacturing,Medium,124,1.23,59.4,54.7,5.0,Low,2.0,3.0,2.0,1
2020,Morocco,1,Manufacturing,Medium,458,0.93,55.8,40.4,22.13,Low,5.0,17.13,3.5,2
2021,Morocco,1,Manufacturing,Medium,286,0.63,74.2,35.5,28.22,Low,22.13,6.09,9.709999999999999,3
2022,Morocco,1,Manufacturing,Medium,934,0.99,60.3,39.2,37.03,Medium,28.22,8.810000000000002,18.45,4
2023,Morocco,1,Manufacturing,Medium,750,0.94,55.9,45.1,38.82,Medium,37.03,1.7899999999999991,29.126666666666665,5
2024,Morocco,1,Manufacturing,Medium,890,0.92,62.0,45.4,42.93,Medium,38.82,4.109999999999999,34.69,6
2025,Morocco,1,Manufacturing,Medium,911,1.59,51.5,63.3,50.21,Medium,42.93,7.280000000000001,39.593333333333334,7
2018,Morocco,1,Manufacturing,Small,8,1.16,74.5,54.1,2.0,Low,2.0,0.0,2.0,0
2019,Morocco,1,Manufacturing,Small,10,1.04,55.7,53.4,4.67,Low,2.0,2.67,2.0,1
2020,Morocco,1,Manufacturing,Small,77,1.55,63.4,68.4,5.44,Low,4.67,0.7700000000000005,3.335,2
2021,Morocco,1,Manufacturing,Small,28,1.03,68.2,45.6,21.18,Low,5.44,15.739999999999998,4.036666666666666,3
2022,Morocco,1,Manufacturing,Small,14,1.46,72.6,38.3,34.34,Medium,21.18,13.160000000000004,10.43,4
2023,Morocco,1,Manufacturing,Small,12,1.3,83.4,47.6,22.54,Low,34.34,-11.800000000000004,20.32,5
2024,Morocco,1,Manufacturing,Small,12,1.21,70.4,43.5,35.57,Medium,22.54,13.030000000000001,26.02,6
2025,Morocco,1,Manufacturing,Small,78,1.74,56.4,72.0,61.38,High,35.57,25.810000000000002,30.816666666666666,7
2018,Morocco,1,Media & Entertainment,Large,21781,1.48,63.9,46.7,5.93,Low,5.93,0.0,5.93,0
2019,Morocco,1,Media & Entertainment,Large,22673,1.54,59.1,40.3,16.95,Low,5.93,11.02,5.93,1
2020,Morocco,1,Media & Entertainment,Large,3396,1.24,60.4,66.1,27.79,Low,16.95,10.84,11.44,2
2021,Morocco,1,Media & Entertainment,Large,47534,1.45,47.5,55.1,33.91,Medium,27.79,6.119999999999997,16.89,3
2022,Morocco,1,Media & Entertainment,Large,23571,1.07,59.3,58.2,38.18,Medium,33.91,4.270000000000003,26.21666666666667,4
2023,Morocco,1,Media & Entertainment,Large,4704,1.1,63.4,43.5,48.5,Medium,38.18,10.32,33.29333333333333,5
2024,Morocco,1,Media & Entertainment,Large,10567,0.65,61.1,49.1,63.51,High,48.5,15.009999999999998,40.196666666666665,6
2025,Morocco,1,Media & Entertainment,Large,46772,1.34,56.5,61.2,69.45,High,63.51,5.940000000000005,50.06333333333333,7
2018,Morocco,1,Media & Entertainment,Medium,127,1.4,75.5,50.2,2.0,Low,2.0,0.0,2.0,0
2019,Morocco,1,Media & Entertainment,Medium,471,0.52,61.5,53.3,8.95,Low,2.0,6.949999999999999,2.0,1
2020,Morocco,1,Media & Entertainment,Medium,750,0.95,43.0,55.5,28.58,Low,8.95,19.63,5.475,2
2021,Morocco,1,Media & Entertainment,Medium,685,1.41,62.4,44.6,24.04,Low,28.58,-4.539999999999999,13.176666666666668,3
2022,Morocco,1,Media & Entertainment,Medium,612,1.03,55.1,34.3,33.82,Medium,24.04,9.780000000000001,20.52333333333333,4
2023,Morocco,1,Media & Entertainment,Medium,495,0.94,68.9,69.7,50.74,Medium,33.82,16.92,28.813333333333333,5
2024,Morocco,1,Media & Entertainment,Medium,992,1.37,42.5,52.3,47.33,Medium,50.74,-3.4100000000000037,36.199999999999996,6
2025,Morocco,1,Media & Entertainment,Medium,961,1.08,53.0,62.6,56.09,High,47.33,8.760000000000005,43.96333333333334,7
2018,Morocco,1,Media & Entertainment,Small,98,0.87,62.4,60.0,2.0,Low,2.0,0.0,2.0,0
2019,Morocco,1,Media & Entertainment,Small,58,1.8,49.4,63.1,2.0,Low,2.0,0.0,2.0,1
2020,Morocco,1,Media & Entertainment,Small,80,1.26,47.0,38.0,5.56,Low,2.0,3.5599999999999996,2.0,2
2021,Morocco,1,Media & Entertainment,Small,32,1.51,59.9,66.6,10.05,Low,5.56,4.490000000000001,3.186666666666666,3
2022,Morocco,1,Media & Entertainment,Small,22,1.52,66.4,43.8,20.86,Low,10.05,10.809999999999999,5.87,4
2023,Morocco,1,Media & Entertainment,Small,74,1.45,52.5,53.4,35.86,Medium,20.86,15.0,12.156666666666666,5
2024,Morocco,1,Media & Entertainment,Small,13,0.93,76.6,69.2,48.84,Medium,35.86,12.980000000000004,22.256666666666664,6
2025,Morocco,1,Media & Entertainment,Small,53,1.29,53.3,57.7,52.2,Medium,48.84,3.3599999999999994,35.18666666666667,7
2018,Morocco,1,Retail,Large,23804,1.05,67.2,40.4,8.29,Low,8.29,0.0,8.29,0
2019,Morocco,1,Retail,Large,24365,0.99,62.0,46.5,30.95,Medium,8.29,22.66,8.29,1
2020,Morocco,1,Retail,Large,13711,0.96,57.0,65.3,21.8,Low,30.95,-9.149999999999999,19.619999999999997,2
2021,Morocco,1,Retail,Large,8361,0.31,58.4,43.0,34.54,Medium,21.8,12.739999999999998,20.346666666666668,3
2022,Morocco,1,Retail,Large,23612,1.5,49.7,58.0,45.23,Medium,34.54,10.689999999999998,29.096666666666664,4
2023,Morocco,1,Retail,Large,13612,1.47,56.0,46.4,43.77,Medium,45.23,-1.4599999999999937,33.85666666666666,5
2024,Morocco,1,Retail,Large,15450,1.88,69.0,61.2,54.24,Medium,43.77,10.469999999999999,41.18,6
2025,Morocco,1,Retail,Large,13861,1.46,68.0,45.9,53.29,Medium,54.24,-0.9500000000000028,47.74666666666667,7
2018,Morocco,1,Retail,Medium,731,1.24,63.4,32.1,6.07,Low,6.07,0.0,6.07,0
2019,Morocco,1,Retail,Medium,285,0.88,48.5,47.0,4.29,Low,6.07,-1.7800000000000002,6.07,1
2020,Morocco,1,Retail,Medium,413,0.93,52.3,48.0,7.82,Low,4.29,3.5300000000000002,5.18,2
2021,Morocco,1,Retail,Medium,160,1.27,61.8,41.2,23.56,Low,7.82,15.739999999999998,6.06,3
2022,Morocco,1,Retail,Medium,797,0.72,53.5,50.9,21.29,Low,23.56,-2.2699999999999996,11.89,4
2023,Morocco,1,Retail,Medium,389,1.29,50.7,38.6,36.79,Medium,21.29,15.5,17.55666666666667,5
2024,Morocco,1,Retail,Medium,118,0.86,55.6,61.0,51.96,Medium,36.79,15.170000000000002,27.213333333333328,6
2025,Morocco,1,Retail,Medium,180,1.14,59.1,44.3,52.38,Medium,51.96,0.4200000000000017,36.68,7
2018,Morocco,1,Retail,Small,95,1.06,58.2,53.5,2.0,Low,2.0,0.0,2.0,0
2019,Morocco,1,Retail,Small,86,1.28,64.1,65.9,3.53,Low,2.0,1.5299999999999998,2.0,1
2020,Morocco,1,Retail,Small,9,0.85,75.1,51.0,15.48,Low,3.53,11.950000000000001,2.7649999999999997,2
2021,Morocco,1,Retail,Small,93,1.27,59.3,45.8,15.73,Low,15.48,0.25,7.003333333333333,3
2022,Morocco,1,Retail,Small,86,1.6,62.2,58.9,23.51,Low,15.73,7.780000000000001,11.58,4
2023,Morocco,1,Retail,Small,97,1.36,55.4,36.6,32.22,Medium,23.51,8.709999999999997,18.24,5
2024,Morocco,1,Retail,Small,67,1.07,57.5,43.8,38.19,Medium,32.22,5.969999999999999,23.820000000000004,6
2025,Morocco,1,Retail,Small,48,0.83,64.8,51.2,53.37,Medium,38.19,15.18,31.30666666666666,7
2018,Morocco,1,Technology,Large,42138,1.17,61.7,42.9,22.92,Low,22.92,0.0,22.92,0
2019,Morocco,1,Technology,Large,27831,1.07,72.4,47.5,23.59,Low,22.92,0.6699999999999982,22.92,1
2020,Morocco,1,Technology,Large,12184,1.0,51.0,53.2,35.7,Medium,23.59,12.110000000000003,23.255000000000003,2
2021,Morocco,1,Technology,Large,33052,1.12,63.6,59.1,35.76,Medium,35.7,0.05999999999999517,27.403333333333336,3
2022,Morocco,1,Technology,Large,43369,1.31,68.0,53.0,51.8,Medium,35.76,16.04,31.683333333333337,4
2023,Morocco,1,Technology,Large,31163,1.23,50.0,52.2,55.62,High,51.8,3.8200000000000003,41.086666666666666,5
2024,Morocco,1,Technology,Large,33503,1.43,63.5,75.9,69.01,High,55.62,13.390000000000008,47.72666666666667,6
2025,Morocco,1,Technology,Large,33593,1.69,61.6,40.5,78.03,High,69.01,9.019999999999996,58.81,7
2018,Morocco,1,Technology,Medium,881,1.61,57.4,54.6,3.44,Low,3.44,0.0,3.44,0
2019,Morocco,1,Technology,Medium,522,0.74,57.5,55.8,12.76,Low,3.44,9.32,3.44,1
2020,Morocco,1,Technology,Medium,472,0.94,71.2,62.4,20.9,Low,12.76,8.139999999999999,8.1,2
2021,Morocco,1,Technology,Medium,706,1.09,52.4,72.6,28.35,Low,20.9,7.450000000000003,12.366666666666665,3
2022,Morocco,1,Technology,Medium,503,1.12,57.5,42.1,37.05,Medium,28.35,8.699999999999996,20.67,4
2023,Morocco,1,Technology,Medium,848,0.93,67.1,42.6,47.49,Medium,37.05,10.440000000000005,28.766666666666666,5
2024,Morocco,1,Technology,Medium,310,0.98,66.6,51.6,63.61,High,47.49,16.119999999999997,37.63,6
2025,Morocco,1,Technology,Medium,723,1.32,66.9,65.7,64.37,High,63.61,0.7600000000000051,49.38333333333333,7
2018,Morocco,1,Technology,Small,99,1.09,59.6,61.9,2.0,Low,2.0,0.0,2.0,0
2019,Morocco,1,Technology,Small,38,1.14,70.6,61.4,4.23,Low,2.0,2.2300000000000004,2.0,1
2020,Morocco,1,Technology,Small,93,1.19,69.5,42.4,19.03,Low,4.23,14.8,3.115,2
2021,Morocco,1,Technology,Small,92,0.84,57.9,57.8,27.66,Low,19.03,8.629999999999999,8.42,3
2022,Morocco,1,Technology,Small,11,1.05,56.9,52.4,20.8,Low,27.66,-6.859999999999999,16.973333333333333,4
2023,Morocco,1,Technology,Small,9,1.31,69.2,41.8,38.65,Medium,20.8,17.849999999999998,22.496666666666666,5
2024,Morocco,1,Technology,Small,27,1.0,53.6,60.4,51.64,Medium,38.65,12.990000000000002,29.036666666666665,6
2025,Morocco,1,Technology,Small,34,1.02,60.1,50.9,48.48,Medium,51.64,-3.1600000000000037,37.03,7
2018,Netherlands,3,Agriculture,Large,23927,2.33,99.0,79.6,20.08,Low,20.08,0.0,20.08,0
2019,Netherlands,3,Agriculture,Large,4982,2.22,99.0,88.4,32.7,Medium,20.08,12.620000000000005,20.08,1
2020,Netherlands,3,Agriculture,Large,24862,1.89,99.0,71.4,38.0,Medium,32.7,5.299999999999997,26.39,2
2021,Netherlands,3,Agriculture,Large,42743,2.55,93.5,69.8,39.78,Medium,38.0,1.7800000000000011,30.26,3
2022,Netherlands,3,Agriculture,Large,42789,2.48,85.8,92.5,48.57,Medium,39.78,8.79,36.82666666666667,4
2023,Netherlands,3,Agriculture,Large,42107,2.27,99.0,86.7,50.32,Medium,48.57,1.75,42.11666666666667,5
2024,Netherlands,3,Agriculture,Large,34045,2.76,91.2,79.9,71.53,High,50.32,21.21,46.223333333333336,6
2025,Netherlands,3,Agriculture,Large,47418,2.87,99.0,100.0,68.65,High,71.53,-2.8799999999999955,56.80666666666667,7
2018,Netherlands,3,Agriculture,Medium,129,2.41,99.0,56.2,4.53,Low,4.53,0.0,4.53,0
2019,Netherlands,3,Agriculture,Medium,705,2.28,99.0,80.5,16.28,Low,4.53,11.75,4.53,1
2020,Netherlands,3,Agriculture,Medium,504,2.31,99.0,82.6,21.05,Low,16.28,4.77,10.405000000000001,2
2021,Netherlands,3,Agriculture,Medium,430,2.49,98.9,90.6,31.81,Medium,21.05,10.759999999999998,13.953333333333333,3
2022,Netherlands,3,Agriculture,Medium,463,3.0,99.0,79.1,25.8,Low,31.81,-6.009999999999998,23.046666666666667,4
2023,Netherlands,3,Agriculture,Medium,573,2.59,86.2,98.2,44.9,Medium,25.8,19.099999999999998,26.22,5
2024,Netherlands,3,Agriculture,Medium,674,2.99,95.5,87.1,67.5,High,44.9,22.6,34.17,6
2025,Netherlands,3,Agriculture,Medium,475,2.35,96.3,77.6,62.43,High,67.5,-5.07,46.06666666666666,7
2018,Netherlands,3,Agriculture,Small,83,2.06,99.0,96.1,2.0,Low,2.0,0.0,2.0,0
2019,Netherlands,3,Agriculture,Small,70,2.5,90.4,80.3,5.0,Low,2.0,3.0,2.0,1
2020,Netherlands,3,Agriculture,Small,61,2.13,99.0,80.7,14.96,Low,5.0,9.96,3.5,2
2021,Netherlands,3,Agriculture,Small,47,2.57,96.1,96.7,19.79,Low,14.96,4.829999999999998,7.32,3
2022,Netherlands,3,Agriculture,Small,8,2.98,98.1,94.9,27.64,Low,19.79,7.850000000000001,13.25,4
2023,Netherlands,3,Agriculture,Small,77,2.61,99.0,67.1,22.67,Low,27.64,-4.969999999999999,20.796666666666667,5
2024,Netherlands,3,Agriculture,Small,45,2.83,99.0,87.4,37.8,Medium,22.67,15.129999999999995,23.366666666666664,6
2025,Netherlands,3,Agriculture,Small,91,2.46,99.0,79.9,61.62,High,37.8,23.82,29.37,7
2018,Netherlands,3,Automotive,Large,5627,3.27,98.6,78.8,56.67,High,56.67,0.0,56.67,0
2019,Netherlands,3,Automotive,Large,26380,2.77,79.8,88.5,69.49,High,56.67,12.819999999999993,56.67,1
2020,Netherlands,3,Automotive,Large,12413,2.91,99.0,88.5,79.5,High,69.49,10.010000000000005,63.08,2
2021,Netherlands,3,Automotive,Large,40350,2.65,99.0,90.4,81.37,High,79.5,1.8700000000000045,68.55333333333333,3
2022,Netherlands,3,Automotive,Large,41150,2.84,99.0,88.1,90.93,High,81.37,9.560000000000002,76.78666666666668,4
2023,Netherlands,3,Automotive,Large,34998,2.41,99.0,99.7,97.0,High,90.93,6.069999999999993,83.93333333333334,5
2024,Netherlands,3,Automotive,Large,36179,2.54,98.4,84.0,97.0,High,97.0,0.0,89.76666666666667,6
2025,Netherlands,3,Automotive,Large,27616,2.22,99.0,83.8,97.0,High,97.0,0.0,94.97666666666667,7
2018,Netherlands,3,Automotive,Medium,600,2.42,85.5,97.9,46.77,Medium,46.77,0.0,46.77,0
2019,Netherlands,3,Automotive,Medium,454,2.75,93.8,87.5,47.9,Medium,46.77,1.1299999999999955,46.77,1
2020,Netherlands,3,Automotive,Medium,482,2.14,94.7,89.8,45.94,Medium,47.9,-1.9600000000000009,47.335,2
2021,Netherlands,3,Automotive,Medium,954,2.45,89.2,86.0,69.54,High,45.94,23.60000000000001,46.870000000000005,3
2022,Netherlands,3,Automotive,Medium,662,2.18,99.0,100.0,59.27,High,69.54,-10.270000000000003,54.46,4
2023,Netherlands,3,Automotive,Medium,288,2.87,95.3,92.7,79.83,High,59.27,20.559999999999995,58.25,5
2024,Netherlands,3,Automotive,Medium,281,3.04,99.0,91.5,81.41,High,79.83,1.5799999999999983,69.54666666666667,6
2025,Netherlands,3,Automotive,Medium,505,2.71,97.2,100.0,97.0,High,81.41,15.590000000000003,73.50333333333334,7
2018,Netherlands,3,Automotive,Small,54,2.86,99.0,100.0,28.48,Low,28.48,0.0,28.48,0
2019,Netherlands,3,Automotive,Small,71,2.58,99.0,69.8,32.6,Medium,28.48,4.120000000000001,28.48,1
2020,Netherlands,3,Automotive,Small,17,2.93,93.5,85.4,30.66,Medium,32.6,-1.9400000000000013,30.54,2
2021,Netherlands,3,Automotive,Small,27,2.23,99.0,97.8,48.01,Medium,30.66,17.349999999999998,30.580000000000002,3
2022,Netherlands,3,Automotive,Small,12,2.81,94.9,96.1,53.1,Medium,48.01,5.090000000000003,37.089999999999996,4
2023,Netherlands,3,Automotive,Small,54,2.75,95.7,92.2,58.11,High,53.1,5.009999999999998,43.92333333333334,5
2024,Netherlands,3,Automotive,Small,81,2.17,96.5,100.0,70.11,High,58.11,12.0,53.07333333333333,6
2025,Netherlands,3,Automotive,Small,20,2.78,99.0,79.7,81.49,High,70.11,11.379999999999995,60.44,7
2018,Netherlands,3,Education,Large,47773,2.45,85.0,93.9,49.89,Medium,49.89,0.0,49.89,0
2019,Netherlands,3,Education,Large,3890,3.05,92.9,100.0,53.41,Medium,49.89,3.519999999999996,49.89,1
2020,Netherlands,3,Education,Large,24675,2.89,98.3,100.0,64.34,High,53.41,10.930000000000007,51.65,2
2021,Netherlands,3,Education,Large,36622,2.43,99.0,65.7,64.41,High,64.34,0.06999999999999318,55.879999999999995,3
2022,Netherlands,3,Education,Large,36710,2.83,93.6,100.0,75.52,High,64.41,11.11,60.72,4
2023,Netherlands,3,Education,Large,16935,2.74,99.0,90.9,81.37,High,75.52,5.8500000000000085,68.08999999999999,5
2024,Netherlands,3,Education,Large,37284,2.72,99.0,90.3,92.54,High,81.37,11.170000000000002,73.76666666666667,6
2025,Netherlands,3,Education,Large,34722,2.88,95.0,77.7,92.95,High,92.54,0.4099999999999966,83.14333333333333,7
2018,Netherlands,3,Education,Medium,416,3.27,99.0,78.6,29.19,Low,29.19,0.0,29.19,0
2019,Netherlands,3,Education,Medium,404,2.59,91.9,88.1,34.22,Medium,29.19,5.029999999999998,29.19,1
2020,Netherlands,3,Education,Medium,270,2.17,97.6,87.2,40.64,Medium,34.22,6.420000000000002,31.705,2
2021,Netherlands,3,Education,Medium,921,2.89,91.2,96.1,56.59,High,40.64,15.950000000000003,34.68333333333333,3
2022,Netherlands,3,Education,Medium,598,2.85,99.0,86.8,57.71,High,56.59,1.1199999999999974,43.81666666666666,4
2023,Netherlands,3,Education,Medium,528,2.41,89.4,85.7,67.93,High,57.71,10.220000000000006,51.64666666666667,5
2024,Netherlands,3,Education,Medium,633,2.54,92.8,81.0,72.27,High,67.93,4.339999999999989,60.74333333333334,6
2025,Netherlands,3,Education,Medium,784,2.38,99.0,99.6,83.31,High,72.27,11.040000000000006,65.97,7
2018,Netherlands,3,Education,Small,46,3.5,99.0,84.6,14.24,Low,14.24,0.0,14.24,0
2019,Netherlands,3,Education,Small,77,1.98,98.3,87.4,16.82,Low,14.24,2.58,14.24,1
2020,Netherlands,3,Education,Small,27,2.76,91.7,95.2,22.43,Low,16.82,5.609999999999999,15.530000000000001,2
2021,Netherlands,3,Education,Small,98,2.72,99.0,89.4,36.47,Medium,22.43,14.04,17.830000000000002,3
2022,Netherlands,3,Education,Small,77,2.22,98.3,84.7,35.82,Medium,36.47,-0.6499999999999986,25.24,4
2023,Netherlands,3,Education,Small,19,2.45,93.5,78.8,44.88,Medium,35.82,9.060000000000002,31.573333333333334,5
2024,Netherlands,3,Education,Small,23,2.61,99.0,82.7,60.66,High,44.88,15.779999999999994,39.056666666666665,6
2025,Netherlands,3,Education,Small,17,2.44,95.1,77.1,74.82,High,60.66,14.159999999999997,47.12,7
2018,Netherlands,3,Financial Services,Large,29099,2.49,95.4,84.7,73.77,High,73.77,0.0,73.77,0
2019,Netherlands,3,Financial Services,Large,46968,2.92,99.0,90.2,71.75,High,73.77,-2.019999999999996,73.77,1
2020,Netherlands,3,Financial Services,Large,23161,2.56,77.3,93.2,87.06,High,71.75,15.310000000000002,72.75999999999999,2
2021,Netherlands,3,Financial Services,Large,16887,2.79,99.0,79.7,97.0,High,87.06,9.939999999999998,77.52666666666666,3
2022,Netherlands,3,Financial Services,Large,19156,2.5,99.0,100.0,97.0,High,97.0,0.0,85.27,4
2023,Netherlands,3,Financial Services,Large,20604,2.47,99.0,100.0,97.0,High,97.0,0.0,93.68666666666667,5
2024,Netherlands,3,Financial Services,Large,27672,3.19,93.5,94.5,97.0,High,97.0,0.0,97.0,6
2025,Netherlands,3,Financial Services,Large,21132,2.3,99.0,87.9,97.0,High,97.0,0.0,97.0,7
2018,Netherlands,3,Financial Services,Medium,663,2.72,99.0,91.1,49.79,Medium,49.79,0.0,49.79,0
2019,Netherlands,3,Financial Services,Medium,946,2.83,99.0,98.6,46.87,Medium,49.79,-2.9200000000000017,49.79,1
2020,Netherlands,3,Financial Services,Medium,730,2.65,99.0,97.3,55.36,High,46.87,8.490000000000002,48.33,2
2021,Netherlands,3,Financial Services,Medium,660,2.48,95.8,94.5,62.93,High,55.36,7.57,50.673333333333325,3
2022,Netherlands,3,Financial Services,Medium,917,2.88,99.0,95.1,75.93,High,62.93,13.000000000000007,55.053333333333335,4
2023,Netherlands,3,Financial Services,Medium,236,2.94,97.8,85.2,78.11,High,75.93,2.1799999999999926,64.74,5
2024,Netherlands,3,Financial Services,Medium,297,2.4,98.7,100.0,97.0,High,78.11,18.89,72.32333333333334,6
2025,Netherlands,3,Financial Services,Medium,274,3.19,99.0,79.7,97.0,High,97.0,0.0,83.68,7
2018,Netherlands,3,Financial Services,Small,80,2.92,99.0,100.0,28.33,Low,28.33,0.0,28.33,0
2019,Netherlands,3,Financial Services,Small,11,2.39,95.7,100.0,29.46,Low,28.33,1.1300000000000026,28.33,1
2020,Netherlands,3,Financial Services,Small,39,2.17,99.0,94.5,47.98,Medium,29.46,18.519999999999996,28.895,2
2021,Netherlands,3,Financial Services,Small,34,2.34,98.7,85.6,47.8,Medium,47.98,-0.17999999999999972,35.25666666666667,3
2022,Netherlands,3,Financial Services,Small,44,2.51,84.9,95.1,49.97,Medium,47.8,2.1700000000000017,41.74666666666666,4
2023,Netherlands,3,Financial Services,Small,38,2.88,87.1,85.4,67.23,High,49.97,17.260000000000005,48.583333333333336,5
2024,Netherlands,3,Financial Services,Small,21,2.46,99.0,95.8,69.99,High,67.23,2.759999999999991,55.0,6
2025,Netherlands,3,Financial Services,Small,90,2.68,99.0,79.9,82.23,High,69.99,12.240000000000009,62.39666666666667,7
2018,Netherlands,3,Gaming,Large,36531,2.61,98.1,96.4,84.0,High,84.0,0.0,84.0,0
2019,Netherlands,3,Gaming,Large,27113,2.51,99.0,100.0,83.0,High,84.0,-1.0,84.0,1
2020,Netherlands,3,Gaming,Large,12889,2.84,94.8,100.0,90.78,High,83.0,7.780000000000001,83.5,2
2021,Netherlands,3,Gaming,Large,2424,2.41,92.0,82.7,95.25,High,90.78,4.469999999999999,85.92666666666666,3
2022,Netherlands,3,Gaming,Large,31013,2.81,99.0,100.0,97.0,High,95.25,1.75,89.67666666666666,4
2023,Netherlands,3,Gaming,Large,8846,2.42,95.9,95.9,97.0,High,97.0,0.0,94.34333333333332,5
2024,Netherlands,3,Gaming,Large,25703,2.75,99.0,100.0,97.0,High,97.0,0.0,96.41666666666667,6
2025,Netherlands,3,Gaming,Large,30240,2.68,92.3,84.2,97.0,High,97.0,0.0,97.0,7
2018,Netherlands,3,Gaming,Medium,131,2.89,99.0,85.7,57.94,High,57.94,0.0,57.94,0
2019,Netherlands,3,Gaming,Medium,604,2.08,99.0,79.8,55.92,High,57.94,-2.019999999999996,57.94,1
2020,Netherlands,3,Gaming,Medium,290,2.84,99.0,100.0,55.31,High,55.92,-0.6099999999999994,56.93,2
2021,Netherlands,3,Gaming,Medium,608,2.55,97.8,96.0,63.22,High,55.31,7.909999999999997,56.39000000000001,3
2022,Netherlands,3,Gaming,Medium,674,2.46,92.5,98.3,73.41,High,63.22,10.189999999999998,58.15,4
2023,Netherlands,3,Gaming,Medium,573,3.1,99.0,100.0,87.54,High,73.41,14.13000000000001,63.98,5
2024,Netherlands,3,Gaming,Medium,925,2.64,96.8,96.7,83.07,High,87.54,-4.470000000000013,74.72333333333334,6
2025,Netherlands,3,Gaming,Medium,988,2.74,99.0,83.7,97.0,High,83.07,13.930000000000007,81.33999999999999,7
2018,Netherlands,3,Gaming,Small,64,3.39,93.6,100.0,32.76,Medium,32.76,0.0,32.76,0
2019,Netherlands,3,Gaming,Small,12,2.44,88.7,95.9,43.11,Medium,32.76,10.350000000000001,32.76,1
2020,Netherlands,3,Gaming,Small,28,2.47,79.2,95.7,48.45,Medium,43.11,5.340000000000003,37.935,2
2021,Netherlands,3,Gaming,Small,53,2.96,99.0,100.0,46.75,Medium,48.45,-1.7000000000000028,41.44,3
2022,Netherlands,3,Gaming,Small,61,2.1,99.0,68.2,53.15,Medium,46.75,6.399999999999999,46.10333333333333,4
2023,Netherlands,3,Gaming,Small,40,2.55,99.0,84.7,70.99,High,53.15,17.839999999999996,49.449999999999996,5
2024,Netherlands,3,Gaming,Small,29,2.94,91.5,81.8,74.75,High,70.99,3.760000000000005,56.96333333333333,6
2025,Netherlands,3,Gaming,Small,26,2.49,89.0,89.1,80.93,High,74.75,6.180000000000007,66.29666666666667,7
2018,Netherlands,3,Government,Large,9848,2.73,96.1,89.7,33.63,Medium,33.63,0.0,33.63,0
2019,Netherlands,3,Government,Large,45476,2.91,99.0,93.9,36.06,Medium,33.63,2.4299999999999997,33.63,1
2020,Netherlands,3,Government,Large,29677,2.73,94.3,94.5,53.74,Medium,36.06,17.68,34.845,2
2021,Netherlands,3,Government,Large,18369,2.67,99.0,71.2,49.6,Medium,53.74,-4.140000000000001,41.14333333333334,3
2022,Netherlands,3,Government,Large,5621,2.51,99.0,86.0,52.53,Medium,49.6,2.9299999999999997,46.46666666666667,4
2023,Netherlands,3,Government,Large,16086,2.76,99.0,69.4,66.06,High,52.53,13.530000000000001,51.95666666666667,5
2024,Netherlands,3,Government,Large,46487,2.67,99.0,65.0,75.33,High,66.06,9.269999999999996,56.06333333333333,6
2025,Netherlands,3,Government,Large,36170,2.51,99.0,84.1,85.68,High,75.33,10.350000000000009,64.64,7
2018,Netherlands,3,Government,Medium,724,3.01,85.6,99.2,21.78,Low,21.78,0.0,21.78,0
2019,Netherlands,3,Government,Medium,838,2.35,99.0,87.5,30.22,Medium,21.78,8.439999999999998,21.78,1
2020,Netherlands,3,Government,Medium,811,2.67,99.0,65.0,41.38,Medium,30.22,11.160000000000004,26.0,2
2021,Netherlands,3,Government,Medium,542,2.63,91.0,100.0,37.29,Medium,41.38,-4.090000000000003,31.126666666666665,3
2022,Netherlands,3,Government,Medium,918,2.73,99.0,88.2,36.78,Medium,37.29,-0.509999999999998,36.29666666666667,4
2023,Netherlands,3,Government,Medium,544,2.74,99.0,89.3,52.08,Medium,36.78,15.299999999999997,38.483333333333334,5
2024,Netherlands,3,Government,Medium,956,2.74,96.6,84.0,63.57,High,52.08,11.490000000000002,42.05,6
2025,Netherlands,3,Government,Medium,589,2.64,99.0,87.5,64.38,High,63.57,0.8099999999999952,50.81,7
2018,Netherlands,3,Government,Small,94,2.94,99.0,90.8,2.0,Low,2.0,0.0,2.0,0
2019,Netherlands,3,Government,Small,60,2.91,91.3,72.7,18.08,Low,2.0,16.08,2.0,1
2020,Netherlands,3,Government,Small,42,2.61,99.0,92.5,22.77,Low,18.08,4.690000000000001,10.04,2
2021,Netherlands,3,Government,Small,38,2.88,94.8,65.6,22.04,Low,22.77,-0.7300000000000004,14.283333333333331,3
2022,Netherlands,3,Government,Small,28,2.82,93.6,79.9,34.45,Medium,22.04,12.410000000000004,20.963333333333335,4
2023,Netherlands,3,Government,Small,88,3.12,99.0,83.1,38.38,Medium,34.45,3.9299999999999997,26.42,5
2024,Netherlands,3,Government,Small,70,2.28,98.8,76.0,47.91,Medium,38.38,9.529999999999994,31.623333333333335,6
2025,Netherlands,3,Government,Small,42,2.03,99.0,100.0,56.95,High,47.91,9.040000000000006,40.24666666666667,7
2018,Netherlands,3,Healthcare,Large,4828,2.64,96.1,100.0,72.94,High,72.94,0.0,72.94,0
2019,Netherlands,3,Healthcare,Large,47628,3.42,99.0,90.4,75.55,High,72.94,2.6099999999999994,72.94,1
2020,Netherlands,3,Healthcare,Large,23054,2.43,99.0,93.1,85.4,High,75.55,9.850000000000009,74.245,2
2021,Netherlands,3,Healthcare,Large,46639,2.58,94.3,77.1,96.65,High,85.4,11.25,77.96333333333332,3
2022,Netherlands,3,Healthcare,Large,34755,2.75,87.4,100.0,94.48,High,96.65,-2.1700000000000017,85.86666666666667,4
2023,Netherlands,3,Healthcare,Large,18373,2.64,99.0,100.0,97.0,High,94.48,2.519999999999996,92.17666666666666,5
2024,Netherlands,3,Healthcare,Large,30808,2.93,99.0,84.1,97.0,High,97.0,0.0,96.04333333333334,6
2025,Netherlands,3,Healthcare,Large,11058,2.55,99.0,100.0,97.0,High,97.0,0.0,96.16000000000001,7
2018,Netherlands,3,Healthcare,Medium,731,2.34,99.0,100.0,48.8,Medium,48.8,0.0,48.8,0
2019,Netherlands,3,Healthcare,Medium,403,2.55,99.0,100.0,49.03,Medium,48.8,0.23000000000000398,48.8,1
2020,Netherlands,3,Healthcare,Medium,579,2.67,99.0,97.3,52.91,Medium,49.03,3.8799999999999955,48.915,2
2021,Netherlands,3,Healthcare,Medium,331,2.57,92.1,87.6,57.95,High,52.91,5.040000000000006,50.24666666666667,3
2022,Netherlands,3,Healthcare,Medium,447,3.12,91.9,100.0,75.66,High,57.95,17.709999999999994,53.29666666666666,4
2023,Netherlands,3,Healthcare,Medium,683,2.4,98.3,74.8,83.19,High,75.66,7.530000000000001,62.173333333333325,5
2024,Netherlands,3,Healthcare,Medium,479,2.54,99.0,94.3,94.08,High,83.19,10.89,72.26666666666667,6
2025,Netherlands,3,Healthcare,Medium,788,2.58,88.0,99.9,90.52,High,94.08,-3.5600000000000023,84.31,7
2018,Netherlands,3,Healthcare,Small,37,2.79,96.2,98.9,29.83,Low,29.83,0.0,29.83,0
2019,Netherlands,3,Healthcare,Small,43,2.96,96.3,94.3,25.96,Low,29.83,-3.8699999999999974,29.83,1
2020,Netherlands,3,Healthcare,Small,25,2.49,95.2,80.1,44.19,Medium,25.96,18.229999999999997,27.895,2
2021,Netherlands,3,Healthcare,Small,81,2.2,99.0,98.9,50.99,Medium,44.19,6.800000000000004,33.32666666666666,3
2022,Netherlands,3,Healthcare,Small,18,2.7,87.5,78.0,56.15,High,50.99,5.159999999999997,40.38,4
2023,Netherlands,3,Healthcare,Small,92,2.85,95.7,91.3,50.99,Medium,56.15,-5.159999999999997,50.443333333333335,5
2024,Netherlands,3,Healthcare,Small,23,2.87,99.0,100.0,74.56,High,50.99,23.57,52.71,6
2025,Netherlands,3,Healthcare,Small,79,2.63,84.9,89.3,75.3,High,74.56,0.7399999999999949,60.56666666666666,7
2018,Netherlands,3,Legal,Large,48764,3.02,96.9,90.8,37.38,Medium,37.38,0.0,37.38,0
2019,Netherlands,3,Legal,Large,37203,2.48,99.0,75.7,46.67,Medium,37.38,9.29,37.38,1
2020,Netherlands,3,Legal,Large,35485,2.6,99.0,81.9,50.76,Medium,46.67,4.089999999999996,42.025000000000006,2
2021,Netherlands,3,Legal,Large,19074,2.81,96.6,66.5,56.13,High,50.76,5.3700000000000045,44.93666666666667,3
2022,Netherlands,3,Legal,Large,48966,2.26,96.4,99.6,63.94,High,56.13,7.809999999999995,51.18666666666667,4
2023,Netherlands,3,Legal,Large,38253,2.83,99.0,100.0,72.36,High,63.94,8.420000000000002,56.94333333333333,5
2024,Netherlands,3,Legal,Large,43928,2.28,96.5,100.0,78.84,High,72.36,6.480000000000004,64.14333333333333,6
2025,Netherlands,3,Legal,Large,10221,2.24,99.0,89.0,90.5,High,78.84,11.659999999999997,71.71333333333334,7
2018,Netherlands,3,Legal,Medium,521,2.9,93.0,96.6,22.28,Low,22.28,0.0,22.28,0
2019,Netherlands,3,Legal,Medium,707,2.39,99.0,82.7,25.06,Low,22.28,2.7799999999999976,22.28,1
2020,Netherlands,3,Legal,Medium,486,2.88,94.5,95.0,27.38,Low,25.06,2.3200000000000003,23.67,2
2021,Netherlands,3,Legal,Medium,407,2.35,99.0,91.7,44.18,Medium,27.38,16.8,24.906666666666666,3
2022,Netherlands,3,Legal,Medium,738,3.28,99.0,92.3,62.0,High,44.18,17.82,32.20666666666667,4
2023,Netherlands,3,Legal,Medium,372,2.97,94.9,91.6,62.27,High,62.0,0.2700000000000031,44.52,5
2024,Netherlands,3,Legal,Medium,880,2.59,94.8,79.7,73.75,High,62.27,11.479999999999997,56.15,6
2025,Netherlands,3,Legal,Medium,970,3.06,99.0,100.0,81.92,High,73.75,8.170000000000002,66.00666666666666,7
2018,Netherlands,3,Legal,Small,68,2.74,99.0,80.5,10.98,Low,10.98,0.0,10.98,0
2019,Netherlands,3,Legal,Small,66,2.21,99.0,100.0,10.21,Low,10.98,-0.7699999999999996,10.98,1
2020,Netherlands,3,Legal,Small,64,3.41,99.0,77.0,26.21,Low,10.21,16.0,10.595,2
2021,Netherlands,3,Legal,Small,57,2.35,99.0,81.5,30.89,Medium,26.21,4.68,15.800000000000002,3
2022,Netherlands,3,Legal,Small,44,2.5,99.0,95.1,45.98,Medium,30.89,15.089999999999996,22.436666666666667,4
2023,Netherlands,3,Legal,Small,77,2.71,79.7,100.0,54.87,Medium,45.98,8.89,34.36,5
2024,Netherlands,3,Legal,Small,22,2.58,99.0,83.3,63.52,High,54.87,8.650000000000006,43.91333333333333,6
2025,Netherlands,3,Legal,Small,81,1.81,99.0,100.0,67.46,High,63.52,3.9399999999999906,54.79,7
2018,Netherlands,3,Manufacturing,Large,44171,2.75,96.3,89.7,53.25,Medium,53.25,0.0,53.25,0
2019,Netherlands,3,Manufacturing,Large,27086,3.07,95.2,69.8,73.72,High,53.25,20.47,53.25,1
2020,Netherlands,3,Manufacturing,Large,33272,2.5,99.0,87.1,74.74,High,73.72,1.019999999999996,63.485,2
2021,Netherlands,3,Manufacturing,Large,41697,2.8,99.0,87.3,79.49,High,74.74,4.75,67.23666666666666,3
2022,Netherlands,3,Manufacturing,Large,13991,2.23,85.5,100.0,97.0,High,79.49,17.510000000000005,75.98333333333333,4
2023,Netherlands,3,Manufacturing,Large,20503,2.52,99.0,87.4,97.0,High,97.0,0.0,83.74333333333333,5
2024,Netherlands,3,Manufacturing,Large,26518,2.36,91.2,82.3,97.0,High,97.0,0.0,91.16333333333334,6
2025,Netherlands,3,Manufacturing,Large,22162,2.66,99.0,86.9,97.0,High,97.0,0.0,97.0,7
2018,Netherlands,3,Manufacturing,Medium,724,2.42,99.0,93.6,31.68,Medium,31.68,0.0,31.68,0
2019,Netherlands,3,Manufacturing,Medium,926,2.73,85.9,76.2,43.99,Medium,31.68,12.310000000000002,31.68,1
2020,Netherlands,3,Manufacturing,Medium,176,2.5,99.0,94.4,55.33,High,43.99,11.339999999999996,37.835,2
2021,Netherlands,3,Manufacturing,Medium,168,2.73,87.4,79.5,57.31,High,55.33,1.980000000000004,43.666666666666664,3
2022,Netherlands,3,Manufacturing,Medium,998,2.06,95.9,84.0,77.01,High,57.31,19.700000000000003,52.21,4
2023,Netherlands,3,Manufacturing,Medium,399,2.85,99.0,77.5,76.56,High,77.01,-0.45000000000000284,63.21666666666667,5
2024,Netherlands,3,Manufacturing,Medium,210,2.82,91.4,93.1,73.95,High,76.56,-2.6099999999999994,70.29333333333334,6
2025,Netherlands,3,Manufacturing,Medium,860,2.4,92.8,100.0,95.01,High,73.95,21.060000000000002,75.83999999999999,7
2018,Netherlands,3,Manufacturing,Small,74,3.36,97.6,87.6,21.97,Low,21.97,0.0,21.97,0
2019,Netherlands,3,Manufacturing,Small,69,2.64,99.0,100.0,34.1,Medium,21.97,12.130000000000003,21.97,1
2020,Netherlands,3,Manufacturing,Small,29,2.54,95.4,96.9,39.68,Medium,34.1,5.579999999999998,28.035,2
2021,Netherlands,3,Manufacturing,Small,49,2.41,97.6,100.0,40.85,Medium,39.68,1.1700000000000017,31.916666666666668,3
2022,Netherlands,3,Manufacturing,Small,71,2.4,99.0,88.2,52.69,Medium,40.85,11.839999999999996,38.21,4
2023,Netherlands,3,Manufacturing,Small,28,2.74,99.0,87.3,65.17,High,52.69,12.480000000000004,44.406666666666666,5
2024,Netherlands,3,Manufacturing,Small,33,2.24,92.3,86.4,66.42,High,65.17,1.25,52.903333333333336,6
2025,Netherlands,3,Manufacturing,Small,68,2.45,93.1,92.8,82.06,High,66.42,15.64,61.42666666666668,7
2018,Netherlands,3,Media & Entertainment,Large,19425,2.48,99.0,89.1,67.54,High,67.54,0.0,67.54,0
2019,Netherlands,3,Media & Entertainment,Large,17446,2.58,99.0,86.7,85.57,High,67.54,18.029999999999987,67.54,1
2020,Netherlands,3,Media & Entertainment,Large,9003,2.07,94.5,91.5,74.88,High,85.57,-10.689999999999998,76.555,2
2021,Netherlands,3,Media & Entertainment,Large,35800,2.33,99.0,89.9,79.87,High,74.88,4.990000000000009,75.99666666666667,3
2022,Netherlands,3,Media & Entertainment,Large,18186,2.29,99.0,93.1,91.99,High,79.87,12.11999999999999,80.10666666666667,4
2023,Netherlands,3,Media & Entertainment,Large,27489,2.83,87.0,95.0,97.0,High,91.99,5.010000000000005,82.24666666666666,5
2024,Netherlands,3,Media & Entertainment,Large,39889,2.76,99.0,89.0,97.0,High,97.0,0.0,89.62,6
2025,Netherlands,3,Media & Entertainment,Large,18413,2.37,94.1,80.6,97.0,High,97.0,0.0,95.33,7
2018,Netherlands,3,Media & Entertainment,Medium,265,2.5,99.0,81.3,46.32,Medium,46.32,0.0,46.32,0
2019,Netherlands,3,Media & Entertainment,Medium,226,2.6,99.0,88.3,55.2,High,46.32,8.880000000000003,46.32,1
2020,Netherlands,3,Media & Entertainment,Medium,269,2.12,99.0,100.0,52.52,Medium,55.2,-2.6799999999999997,50.760000000000005,2
2021,Netherlands,3,Media & Entertainment,Medium,146,2.68,99.0,89.2,58.19,High,52.52,5.669999999999995,51.34666666666667,3
2022,Netherlands,3,Media & Entertainment,Medium,302,2.39,92.7,83.2,62.78,High,58.19,4.590000000000003,55.30333333333334,4
2023,Netherlands,3,Media & Entertainment,Medium,403,2.49,99.0,100.0,69.66,High,62.78,6.8799999999999955,57.830000000000005,5
2024,Netherlands,3,Media & Entertainment,Medium,486,2.87,85.4,91.0,85.35,High,69.66,15.689999999999998,63.54333333333333,6
2025,Netherlands,3,Media & Entertainment,Medium,718,2.63,96.9,100.0,86.32,High,85.35,0.9699999999999989,72.59666666666666,7
2018,Netherlands,3,Media & Entertainment,Small,45,2.52,99.0,91.9,23.63,Low,23.63,0.0,23.63,0
2019,Netherlands,3,Media & Entertainment,Small,7,2.71,93.6,91.9,23.04,Low,23.63,-0.5899999999999999,23.63,1
2020,Netherlands,3,Media & Entertainment,Small,26,2.56,99.0,78.6,29.03,Low,23.04,5.990000000000002,23.335,2
2021,Netherlands,3,Media & Entertainment,Small,88,2.66,99.0,83.4,43.35,Medium,29.03,14.32,25.233333333333334,3
2022,Netherlands,3,Media & Entertainment,Small,31,2.83,92.8,100.0,60.0,High,43.35,16.65,31.80666666666667,4
2023,Netherlands,3,Media & Entertainment,Small,6,3.06,91.0,82.3,63.86,High,60.0,3.8599999999999994,44.126666666666665,5
2024,Netherlands,3,Media & Entertainment,Small,34,2.7,99.0,78.2,72.53,High,63.86,8.670000000000002,55.73666666666666,6
2025,Netherlands,3,Media & Entertainment,Small,87,3.06,99.0,98.7,70.86,High,72.53,-1.6700000000000017,65.46333333333332,7
2018,Netherlands,3,Retail,Large,6366,3.0,93.3,100.0,51.41,Medium,51.41,0.0,51.41,0
2019,Netherlands,3,Retail,Large,22542,2.5,94.2,100.0,66.77,High,51.41,15.36,51.41,1
2020,Netherlands,3,Retail,Large,9155,2.73,99.0,93.5,72.33,High,66.77,5.560000000000002,59.089999999999996,2
2021,Netherlands,3,Retail,Large,28413,2.78,99.0,85.5,69.27,High,72.33,-3.0600000000000023,63.50333333333333,3
2022,Netherlands,3,Retail,Large,24816,2.58,99.0,87.5,79.34,High,69.27,10.070000000000007,69.45666666666666,4
2023,Netherlands,3,Retail,Large,34396,2.78,76.8,100.0,91.48,High,79.34,12.14,73.64666666666666,5
2024,Netherlands,3,Retail,Large,16417,2.47,99.0,70.8,93.0,High,91.48,1.519999999999996,80.03,6
2025,Netherlands,3,Retail,Large,3871,2.82,91.3,97.1,97.0,High,93.0,4.0,87.94,7
2018,Netherlands,3,Retail,Medium,606,2.42,99.0,80.1,31.69,Medium,31.69,0.0,31.69,0
2019,Netherlands,3,Retail,Medium,148,2.62,99.0,79.7,45.52,Medium,31.69,13.830000000000002,31.69,1
2020,Netherlands,3,Retail,Medium,341,2.74,99.0,89.2,47.83,Medium,45.52,2.309999999999995,38.605000000000004,2
2021,Netherlands,3,Retail,Medium,221,3.23,87.1,91.8,50.82,Medium,47.83,2.990000000000002,41.68,3
2022,Netherlands,3,Retail,Medium,833,2.72,89.5,91.9,61.54,High,50.82,10.719999999999999,48.05666666666667,4
2023,Netherlands,3,Retail,Medium,591,2.23,99.0,93.7,70.0,High,61.54,8.46,53.39666666666667,5
2024,Netherlands,3,Retail,Medium,189,2.35,79.3,89.5,82.43,High,70.0,12.430000000000007,60.78666666666667,6
2025,Netherlands,3,Retail,Medium,969,2.74,99.0,76.4,81.01,High,82.43,-1.4200000000000017,71.32333333333334,7
2018,Netherlands,3,Retail,Small,28,2.62,99.0,87.2,20.49,Low,20.49,0.0,20.49,0
2019,Netherlands,3,Retail,Small,32,2.76,90.6,100.0,25.72,Low,20.49,5.23,20.49,1
2020,Netherlands,3,Retail,Small,46,2.5,99.0,100.0,31.4,Medium,25.72,5.68,23.104999999999997,2
2021,Netherlands,3,Retail,Small,29,2.46,84.9,82.7,33.98,Medium,31.4,2.5799999999999983,25.87,3
2022,Netherlands,3,Retail,Small,81,2.23,99.0,100.0,48.75,Medium,33.98,14.770000000000003,30.366666666666664,4
2023,Netherlands,3,Retail,Small,49,2.65,87.6,97.9,61.92,High,48.75,13.170000000000002,38.04333333333333,5
2024,Netherlands,3,Retail,Small,94,2.11,98.6,100.0,65.09,High,61.92,3.1700000000000017,48.21666666666666,6
2025,Netherlands,3,Retail,Small,26,2.73,99.0,100.0,84.24,High,65.09,19.14999999999999,58.586666666666666,7
2018,Netherlands,3,Technology,Large,6906,2.45,99.0,100.0,79.92,High,79.92,0.0,79.92,0
2019,Netherlands,3,Technology,Large,43870,2.67,99.0,95.3,89.61,High,79.92,9.689999999999998,79.92,1
2020,Netherlands,3,Technology,Large,27819,2.42,99.0,87.5,97.0,High,89.61,7.390000000000001,84.765,2
2021,Netherlands,3,Technology,Large,33220,2.7,99.0,91.7,97.0,High,97.0,0.0,88.84333333333332,3
2022,Netherlands,3,Technology,Large,47443,2.53,99.0,91.0,97.0,High,97.0,0.0,94.53666666666668,4
2023,Netherlands,3,Technology,Large,42945,2.42,99.0,95.0,97.0,High,97.0,0.0,97.0,5
2024,Netherlands,3,Technology,Large,44553,2.51,99.0,90.7,97.0,High,97.0,0.0,97.0,6
2025,Netherlands,3,Technology,Large,17021,1.99,99.0,100.0,97.0,High,97.0,0.0,97.0,7
2018,Netherlands,3,Technology,Medium,490,2.59,99.0,100.0,55.31,High,55.31,0.0,55.31,0
2019,Netherlands,3,Technology,Medium,178,2.31,99.0,100.0,58.54,High,55.31,3.229999999999997,55.31,1
2020,Netherlands,3,Technology,Medium,125,2.39,99.0,100.0,66.46,High,58.54,7.919999999999995,56.925,2
2021,Netherlands,3,Technology,Medium,326,2.63,89.7,86.0,70.51,High,66.46,4.050000000000011,60.10333333333333,3
2022,Netherlands,3,Technology,Medium,406,1.96,93.5,93.2,76.93,High,70.51,6.420000000000002,65.17,4
2023,Netherlands,3,Technology,Medium,584,2.17,99.0,88.6,91.52,High,76.93,14.58999999999999,71.30000000000001,5
2024,Netherlands,3,Technology,Medium,927,2.98,99.0,100.0,97.0,High,91.52,5.480000000000004,79.65333333333334,6
2025,Netherlands,3,Technology,Medium,725,2.66,87.5,100.0,97.0,High,97.0,0.0,88.48333333333333,7
2018,Netherlands,3,Technology,Small,81,2.32,97.6,100.0,29.97,Low,29.97,0.0,29.97,0
2019,Netherlands,3,Technology,Small,37,2.6,99.0,83.9,37.54,Medium,29.97,7.57,29.97,1
2020,Netherlands,3,Technology,Small,52,2.33,91.5,96.6,52.11,Medium,37.54,14.57,33.754999999999995,2
2021,Netherlands,3,Technology,Small,94,2.44,99.0,82.7,46.36,Medium,52.11,-5.75,39.873333333333335,3
2022,Netherlands,3,Technology,Small,90,2.56,93.4,93.6,61.71,High,46.36,15.350000000000001,45.336666666666666,4
2023,Netherlands,3,Technology,Small,74,2.65,99.0,100.0,68.7,High,61.71,6.990000000000002,53.39333333333334,5
2024,Netherlands,3,Technology,Small,61,2.95,99.0,86.4,78.99,High,68.7,10.289999999999992,58.923333333333325,6
2025,Netherlands,3,Technology,Small,44,2.94,93.3,100.0,87.56,High,78.99,8.570000000000007,69.8,7
2018,Nigeria,1,Agriculture,Large,33667,1.28,44.3,40.3,2.0,Low,2.0,0.0,2.0,0
2019,Nigeria,1,Agriculture,Large,27496,1.32,68.1,22.1,6.84,Low,2.0,4.84,2.0,1
2020,Nigeria,1,Agriculture,Large,37029,0.28,46.0,37.8,8.05,Low,6.84,1.2100000000000009,4.42,2
2021,Nigeria,1,Agriculture,Large,5768,1.26,60.9,52.2,17.2,Low,8.05,9.149999999999999,5.63,3
2022,Nigeria,1,Agriculture,Large,45827,0.96,69.6,38.6,19.24,Low,17.2,2.039999999999999,10.696666666666667,4
2023,Nigeria,1,Agriculture,Large,4128,1.19,65.5,46.4,34.68,Medium,19.24,15.440000000000001,14.829999999999998,5
2024,Nigeria,1,Agriculture,Large,22052,1.01,61.0,59.3,39.64,Medium,34.68,4.960000000000001,23.706666666666667,6
2025,Nigeria,1,Agriculture,Large,24128,0.97,54.5,48.5,49.43,Medium,39.64,9.79,31.186666666666667,7
2018,Nigeria,1,Agriculture,Medium,353,1.57,75.2,46.6,2.0,Low,2.0,0.0,2.0,0
2019,Nigeria,1,Agriculture,Medium,641,1.21,61.0,55.4,2.0,Low,2.0,0.0,2.0,1
2020,Nigeria,1,Agriculture,Medium,122,1.49,56.9,35.7,3.71,Low,2.0,1.71,2.0,2
2021,Nigeria,1,Agriculture,Medium,733,1.55,67.5,46.1,16.43,Low,3.71,12.719999999999999,2.57,3
2022,Nigeria,1,Agriculture,Medium,413,1.24,45.6,29.3,15.39,Low,16.43,-1.0399999999999991,7.38,4
2023,Nigeria,1,Agriculture,Medium,679,1.22,76.1,24.5,25.59,Low,15.39,10.2,11.843333333333334,5
2024,Nigeria,1,Agriculture,Medium,922,0.99,55.3,39.4,41.86,Medium,25.59,16.27,19.136666666666667,6
2025,Nigeria,1,Agriculture,Medium,722,1.48,65.3,40.3,52.4,Medium,41.86,10.54,27.613333333333333,7
2018,Nigeria,1,Agriculture,Small,87,1.67,47.4,44.2,2.0,Low,2.0,0.0,2.0,0
2019,Nigeria,1,Agriculture,Small,27,0.94,51.5,41.9,2.0,Low,2.0,0.0,2.0,1
2020,Nigeria,1,Agriculture,Small,29,0.96,69.4,29.4,2.0,Low,2.0,0.0,2.0,2
2021,Nigeria,1,Agriculture,Small,57,1.75,60.1,49.5,10.04,Low,2.0,8.04,2.0,3
2022,Nigeria,1,Agriculture,Small,82,1.1,64.2,40.2,12.99,Low,10.04,2.950000000000001,4.68,4
2023,Nigeria,1,Agriculture,Small,81,1.42,45.8,36.3,21.21,Low,12.99,8.22,8.343333333333334,5
2024,Nigeria,1,Agriculture,Small,94,1.22,62.2,41.5,33.28,Medium,21.21,12.07,14.746666666666668,6
2025,Nigeria,1,Agriculture,Small,50,1.43,64.2,40.9,41.42,Medium,33.28,8.14,22.493333333333336,7
2018,Nigeria,1,Automotive,Large,32657,1.34,65.3,59.6,9.57,Low,9.57,0.0,9.57,0
2019,Nigeria,1,Automotive,Large,43786,0.81,62.8,38.1,16.36,Low,9.57,6.789999999999999,9.57,1
2020,Nigeria,1,Automotive,Large,39227,1.03,64.9,64.4,24.44,Low,16.36,8.080000000000002,12.965,2
2021,Nigeria,1,Automotive,Large,30396,0.88,57.9,46.8,32.2,Medium,24.44,7.760000000000002,16.790000000000003,3
2022,Nigeria,1,Automotive,Large,45664,0.72,57.3,32.3,36.74,Medium,32.2,4.539999999999999,24.333333333333332,4
2023,Nigeria,1,Automotive,Large,17890,1.57,70.4,46.2,49.39,Medium,36.74,12.649999999999999,31.12666666666667,5
2024,Nigeria,1,Automotive,Large,31386,1.2,57.8,56.7,56.3,High,49.39,6.909999999999997,39.443333333333335,6
2025,Nigeria,1,Automotive,Large,28141,1.09,70.0,62.9,69.02,High,56.3,12.719999999999999,47.47666666666667,7
2018,Nigeria,1,Automotive,Medium,562,1.64,67.6,74.7,6.18,Low,6.18,0.0,6.18,0
2019,Nigeria,1,Automotive,Medium,330,1.4,57.2,55.5,4.33,Low,6.18,-1.8499999999999996,6.18,1
2020,Nigeria,1,Automotive,Medium,643,1.06,68.5,34.3,6.2,Low,4.33,1.87,5.255,2
2021,Nigeria,1,Automotive,Medium,532,1.54,65.1,49.2,26.3,Low,6.2,20.1,5.57,3
2022,Nigeria,1,Automotive,Medium,843,0.82,61.0,57.4,36.73,Medium,26.3,10.429999999999996,12.276666666666666,4
2023,Nigeria,1,Automotive,Medium,283,1.44,62.7,42.8,41.65,Medium,36.73,4.920000000000002,23.076666666666668,5
2024,Nigeria,1,Automotive,Medium,803,0.89,55.1,52.4,47.74,Medium,41.65,6.090000000000003,34.89333333333334,6
2025,Nigeria,1,Automotive,Medium,988,1.99,58.7,42.1,66.67,High,47.74,18.93,42.04,7
2018,Nigeria,1,Automotive,Small,31,1.24,49.0,50.9,5.36,Low,5.36,0.0,5.36,0
2019,Nigeria,1,Automotive,Small,63,0.86,70.4,39.6,10.7,Low,5.36,5.339999999999999,5.36,1
2020,Nigeria,1,Automotive,Small,9,1.43,47.8,51.5,16.24,Low,10.7,5.539999999999999,8.03,2
2021,Nigeria,1,Automotive,Small,29,0.92,48.3,51.5,10.82,Low,16.24,-5.419999999999998,10.766666666666666,3
2022,Nigeria,1,Automotive,Small,92,1.11,53.1,45.8,18.59,Low,10.82,7.77,12.586666666666666,4
2023,Nigeria,1,Automotive,Small,37,1.58,68.6,44.2,29.96,Low,18.59,11.370000000000001,15.216666666666667,5
2024,Nigeria,1,Automotive,Small,51,1.19,54.9,59.5,46.47,Medium,29.96,16.509999999999998,19.790000000000003,6
2025,Nigeria,1,Automotive,Small,17,1.17,63.0,37.0,63.02,High,46.47,16.550000000000004,31.673333333333336,7
2018,Nigeria,1,Education,Large,34461,1.09,65.7,59.3,16.4,Low,16.4,0.0,16.4,0
2019,Nigeria,1,Education,Large,42899,0.79,59.7,48.4,7.51,Low,16.4,-8.889999999999999,16.4,1
2020,Nigeria,1,Education,Large,20126,1.21,48.5,44.4,26.26,Low,7.51,18.75,11.954999999999998,2
2021,Nigeria,1,Education,Large,32185,0.57,56.5,67.2,21.52,Low,26.26,-4.740000000000002,16.723333333333333,3
2022,Nigeria,1,Education,Large,43471,1.15,60.8,53.2,33.63,Medium,21.52,12.110000000000003,18.430000000000003,4
2023,Nigeria,1,Education,Large,49252,0.79,64.8,38.7,40.23,Medium,33.63,6.599999999999994,27.136666666666667,5
2024,Nigeria,1,Education,Large,6443,0.82,64.0,48.4,41.63,Medium,40.23,1.4000000000000057,31.793333333333333,6
2025,Nigeria,1,Education,Large,7712,1.34,59.1,47.0,56.41,High,41.63,14.779999999999994,38.49666666666667,7
2018,Nigeria,1,Education,Medium,981,0.74,51.4,55.2,2.0,Low,2.0,0.0,2.0,0
2019,Nigeria,1,Education,Medium,632,1.12,59.3,52.8,11.33,Low,2.0,9.33,2.0,1
2020,Nigeria,1,Education,Medium,820,1.45,59.6,27.8,14.17,Low,11.33,2.84,6.665,2
2021,Nigeria,1,Education,Medium,573,1.31,56.1,51.4,13.56,Low,14.17,-0.6099999999999994,9.166666666666666,3
2022,Nigeria,1,Education,Medium,376,1.15,49.8,41.5,23.1,Low,13.56,9.540000000000001,13.020000000000001,4
2023,Nigeria,1,Education,Medium,722,0.97,52.4,57.6,41.19,Medium,23.1,18.089999999999996,16.943333333333335,5
2024,Nigeria,1,Education,Medium,218,1.5,50.4,44.2,37.7,Medium,41.19,-3.489999999999995,25.95,6
2025,Nigeria,1,Education,Medium,747,1.1,59.9,30.7,60.91,High,37.7,23.209999999999994,33.99666666666667,7
2018,Nigeria,1,Education,Small,23,1.02,57.2,60.5,2.0,Low,2.0,0.0,2.0,0
2019,Nigeria,1,Education,Small,36,0.75,78.2,60.4,2.0,Low,2.0,0.0,2.0,1
2020,Nigeria,1,Education,Small,48,1.28,63.4,38.8,4.51,Low,2.0,2.51,2.0,2
2021,Nigeria,1,Education,Small,83,0.85,64.5,50.3,9.77,Low,4.51,5.26,2.8366666666666664,3
2022,Nigeria,1,Education,Small,15,1.34,57.8,49.9,18.8,Low,9.77,9.030000000000001,5.426666666666667,4
2023,Nigeria,1,Education,Small,54,1.56,46.0,38.7,28.37,Low,18.8,9.57,11.026666666666666,5
2024,Nigeria,1,Education,Small,80,1.44,53.7,26.7,36.24,Medium,28.37,7.870000000000001,18.98,6
2025,Nigeria,1,Education,Small,73,1.17,60.0,68.8,43.03,Medium,36.24,6.789999999999999,27.80333333333333,7
2018,Nigeria,1,Financial Services,Large,29464,0.99,71.3,50.8,24.95,Low,24.95,0.0,24.95,0
2019,Nigeria,1,Financial Services,Large,38034,0.71,53.3,62.0,21.92,Low,24.95,-3.0299999999999976,24.95,1
2020,Nigeria,1,Financial Services,Large,6921,1.23,59.6,69.8,32.14,Medium,21.92,10.219999999999999,23.435000000000002,2
2021,Nigeria,1,Financial Services,Large,31671,1.31,64.7,51.1,44.6,Medium,32.14,12.46,26.33666666666667,3
2022,Nigeria,1,Financial Services,Large,6139,1.29,56.3,50.5,32.57,Medium,44.6,-12.030000000000001,32.88666666666666,4
2023,Nigeria,1,Financial Services,Large,24054,1.56,62.1,62.9,45.84,Medium,32.57,13.270000000000003,36.43666666666667,5
2024,Nigeria,1,Financial Services,Large,21805,1.2,69.6,33.2,52.2,Medium,45.84,6.359999999999999,41.00333333333334,6
2025,Nigeria,1,Financial Services,Large,8921,1.18,60.5,42.6,68.76,High,52.2,16.560000000000002,43.53666666666667,7
2018,Nigeria,1,Financial Services,Medium,436,1.23,62.8,57.1,2.0,Low,2.0,0.0,2.0,0
2019,Nigeria,1,Financial Services,Medium,715,1.21,58.5,58.5,7.57,Low,2.0,5.57,2.0,1
2020,Nigeria,1,Financial Services,Medium,773,1.2,57.1,60.3,20.17,Low,7.57,12.600000000000001,4.785,2
2021,Nigeria,1,Financial Services,Medium,392,1.57,63.6,46.7,21.36,Low,20.17,1.1899999999999977,9.913333333333334,3
2022,Nigeria,1,Financial Services,Medium,731,1.61,76.4,51.7,33.6,Medium,21.36,12.240000000000002,16.366666666666667,4
2023,Nigeria,1,Financial Services,Medium,337,1.49,69.0,68.8,43.11,Medium,33.6,9.509999999999998,25.043333333333333,5
2024,Nigeria,1,Financial Services,Medium,307,0.82,57.0,62.7,56.17,High,43.11,13.060000000000002,32.69,6
2025,Nigeria,1,Financial Services,Medium,185,1.14,51.9,48.1,47.83,Medium,56.17,-8.340000000000003,44.29333333333333,7
2018,Nigeria,1,Financial Services,Small,61,1.11,60.0,47.3,2.0,Low,2.0,0.0,2.0,0
2019,Nigeria,1,Financial Services,Small,77,1.39,65.4,49.1,4.28,Low,2.0,2.2800000000000002,2.0,1
2020,Nigeria,1,Financial Services,Small,86,1.47,69.5,48.5,19.07,Low,4.28,14.79,3.14,2
2021,Nigeria,1,Financial Services,Small,39,1.0,64.4,63.5,17.73,Low,19.07,-1.3399999999999999,8.450000000000001,3
2022,Nigeria,1,Financial Services,Small,59,0.58,68.6,56.9,22.54,Low,17.73,4.809999999999999,13.693333333333333,4
2023,Nigeria,1,Financial Services,Small,79,1.6,71.8,32.9,28.8,Low,22.54,6.260000000000002,19.78,5
2024,Nigeria,1,Financial Services,Small,91,0.92,60.8,47.3,42.24,Medium,28.8,13.440000000000001,23.02333333333333,6
2025,Nigeria,1,Financial Services,Small,78,0.95,62.6,51.5,46.11,Medium,42.24,3.8699999999999974,31.19333333333333,7
2018,Nigeria,1,Gaming,Large,43300,0.78,71.6,37.7,22.97,Low,22.97,0.0,22.97,0
2019,Nigeria,1,Gaming,Large,44228,1.09,56.4,29.0,24.04,Low,22.97,1.0700000000000003,22.97,1
2020,Nigeria,1,Gaming,Large,29206,1.47,51.5,63.9,24.5,Low,24.04,0.46000000000000085,23.505,2
2021,Nigeria,1,Gaming,Large,44560,1.06,51.8,59.9,32.9,Medium,24.5,8.399999999999999,23.836666666666662,3
2022,Nigeria,1,Gaming,Large,23058,1.71,61.9,60.4,43.87,Medium,32.9,10.969999999999999,27.146666666666665,4
2023,Nigeria,1,Gaming,Large,16454,0.83,50.1,50.1,45.73,Medium,43.87,1.8599999999999994,33.75666666666667,5
2024,Nigeria,1,Gaming,Large,12102,1.58,65.4,51.5,69.32,High,45.73,23.589999999999996,40.833333333333336,6
2025,Nigeria,1,Gaming,Large,45623,1.55,57.4,55.6,80.22,High,69.32,10.900000000000006,52.97333333333333,7
2018,Nigeria,1,Gaming,Medium,422,1.29,52.3,45.9,2.0,Low,2.0,0.0,2.0,0
2019,Nigeria,1,Gaming,Medium,546,1.42,57.5,49.0,8.19,Low,2.0,6.1899999999999995,2.0,1
2020,Nigeria,1,Gaming,Medium,384,0.73,53.7,49.8,21.97,Low,8.19,13.78,5.095,2
2021,Nigeria,1,Gaming,Medium,914,1.83,54.1,59.7,26.03,Low,21.97,4.060000000000002,10.719999999999999,3
2022,Nigeria,1,Gaming,Medium,142,1.08,63.3,69.6,20.78,Low,26.03,-5.25,18.73,4
2023,Nigeria,1,Gaming,Medium,243,1.43,61.5,46.6,45.12,Medium,20.78,24.339999999999996,22.926666666666666,5
2024,Nigeria,1,Gaming,Medium,522,1.05,60.0,66.8,42.92,Medium,45.12,-2.1999999999999957,30.643333333333334,6
2025,Nigeria,1,Gaming,Medium,387,1.41,53.5,53.4,64.66,High,42.92,21.739999999999995,36.27333333333333,7
2018,Nigeria,1,Gaming,Small,36,1.1,63.5,53.7,4.86,Low,4.86,0.0,4.86,0
2019,Nigeria,1,Gaming,Small,18,0.96,54.9,49.7,2.0,Low,4.86,-2.8600000000000003,4.86,1
2020,Nigeria,1,Gaming,Small,66,1.74,80.9,49.1,13.17,Low,2.0,11.17,3.43,2
2021,Nigeria,1,Gaming,Small,48,1.54,63.2,51.8,20.66,Low,13.17,7.49,6.676666666666667,3
2022,Nigeria,1,Gaming,Small,47,1.57,49.6,65.9,23.93,Low,20.66,3.2699999999999996,11.943333333333333,4
2023,Nigeria,1,Gaming,Small,44,1.17,65.4,51.8,27.03,Low,23.93,3.1000000000000014,19.253333333333334,5
2024,Nigeria,1,Gaming,Small,97,1.69,54.0,58.5,48.07,Medium,27.03,21.04,23.873333333333335,6
2025,Nigeria,1,Gaming,Small,99,1.4,52.9,42.5,46.83,Medium,48.07,-1.240000000000002,33.01,7
2018,Nigeria,1,Government,Large,46015,1.28,63.1,57.6,2.0,Low,2.0,0.0,2.0,0
2019,Nigeria,1,Government,Large,36586,1.32,60.9,43.9,5.82,Low,2.0,3.8200000000000003,2.0,1
2020,Nigeria,1,Government,Large,49674,1.32,65.6,34.5,14.4,Low,5.82,8.58,3.91,2
2021,Nigeria,1,Government,Large,9604,0.9,69.2,56.2,21.39,Low,14.4,6.99,7.406666666666666,3
2022,Nigeria,1,Government,Large,48466,1.12,49.9,53.0,17.05,Low,21.39,-4.34,13.87,4
2023,Nigeria,1,Government,Large,18272,0.92,66.5,50.1,35.72,Medium,17.05,18.669999999999998,17.613333333333333,5
2024,Nigeria,1,Government,Large,7549,1.72,60.5,54.6,41.66,Medium,35.72,5.939999999999998,24.72,6
2025,Nigeria,1,Government,Large,13028,1.14,60.5,60.0,55.81,High,41.66,14.150000000000006,31.47666666666667,7
2018,Nigeria,1,Government,Medium,196,1.33,59.4,47.6,2.0,Low,2.0,0.0,2.0,0
2019,Nigeria,1,Government,Medium,166,1.29,46.6,32.4,3.78,Low,2.0,1.7799999999999998,2.0,1
2020,Nigeria,1,Government,Medium,718,1.39,45.7,48.0,3.41,Low,3.78,-0.36999999999999966,2.8899999999999997,2
2021,Nigeria,1,Government,Medium,577,1.11,66.8,58.2,26.69,Low,3.41,23.28,3.063333333333333,3
2022,Nigeria,1,Government,Medium,492,1.55,62.9,43.2,11.24,Low,26.69,-15.450000000000001,11.293333333333335,4
2023,Nigeria,1,Government,Medium,554,1.09,52.2,50.6,28.83,Low,11.24,17.589999999999996,13.78,5
2024,Nigeria,1,Government,Medium,748,1.26,73.4,38.4,38.36,Medium,28.83,9.530000000000001,22.25333333333333,6
2025,Nigeria,1,Government,Medium,776,0.91,55.5,47.3,53.39,Medium,38.36,15.030000000000001,26.14333333333333,7
2018,Nigeria,1,Government,Small,78,0.95,62.4,36.4,2.0,Low,2.0,0.0,2.0,0
2019,Nigeria,1,Government,Small,14,0.95,56.8,56.7,2.0,Low,2.0,0.0,2.0,1
2020,Nigeria,1,Government,Small,83,1.42,52.3,42.9,2.11,Low,2.0,0.10999999999999988,2.0,2
2021,Nigeria,1,Government,Small,13,0.27,67.3,57.7,10.49,Low,2.11,8.38,2.0366666666666666,3
2022,Nigeria,1,Government,Small,51,1.34,47.5,46.5,28.2,Low,10.49,17.71,4.866666666666666,4
2023,Nigeria,1,Government,Small,43,1.65,49.2,32.0,26.86,Low,28.2,-1.3399999999999999,13.6,5
2024,Nigeria,1,Government,Small,6,1.38,62.0,53.4,39.48,Medium,26.86,12.619999999999997,21.849999999999998,6
2025,Nigeria,1,Government,Small,56,1.01,56.0,58.5,45.64,Medium,39.48,6.160000000000004,31.513333333333332,7
2018,Nigeria,1,Healthcare,Large,32928,1.2,59.2,39.7,15.75,Low,15.75,0.0,15.75,0
2019,Nigeria,1,Healthcare,Large,36714,0.9,56.8,65.6,17.96,Low,15.75,2.210000000000001,15.75,1
2020,Nigeria,1,Healthcare,Large,17712,1.36,73.2,41.7,19.65,Low,17.96,1.6899999999999977,16.855,2
2021,Nigeria,1,Healthcare,Large,37649,0.62,60.8,45.3,32.74,Medium,19.65,13.090000000000003,17.786666666666665,3
2022,Nigeria,1,Healthcare,Large,45079,1.29,73.7,50.7,31.61,Medium,32.74,-1.1300000000000026,23.45,4
2023,Nigeria,1,Healthcare,Large,44269,0.86,70.1,52.2,48.99,Medium,31.61,17.380000000000003,28.0,5
2024,Nigeria,1,Healthcare,Large,16698,1.2,63.3,56.6,59.61,High,48.99,10.619999999999997,37.78,6
2025,Nigeria,1,Healthcare,Large,7224,1.41,60.1,53.1,68.46,High,59.61,8.849999999999994,46.73666666666667,7
2018,Nigeria,1,Healthcare,Medium,601,0.93,59.5,52.1,6.38,Low,6.38,0.0,6.38,0
2019,Nigeria,1,Healthcare,Medium,316,1.04,55.7,50.0,15.56,Low,6.38,9.18,6.38,1
2020,Nigeria,1,Healthcare,Medium,293,0.64,59.1,60.0,14.44,Low,15.56,-1.120000000000001,10.97,2
2021,Nigeria,1,Healthcare,Medium,971,0.98,67.4,42.4,34.33,Medium,14.44,19.89,12.126666666666665,3
2022,Nigeria,1,Healthcare,Medium,394,1.01,60.8,53.9,32.89,Medium,34.33,-1.4399999999999977,21.44333333333333,4
2023,Nigeria,1,Healthcare,Medium,168,1.13,71.6,41.3,34.02,Medium,32.89,1.1300000000000026,27.22,5
2024,Nigeria,1,Healthcare,Medium,254,1.74,74.9,64.5,51.02,Medium,34.02,17.0,33.74666666666667,6
2025,Nigeria,1,Healthcare,Medium,206,1.33,34.3,50.4,59.38,High,51.02,8.36,39.31,7
2018,Nigeria,1,Healthcare,Small,9,1.28,62.7,53.7,2.0,Low,2.0,0.0,2.0,0
2019,Nigeria,1,Healthcare,Small,23,1.01,59.1,61.3,9.06,Low,2.0,7.0600000000000005,2.0,1
2020,Nigeria,1,Healthcare,Small,90,0.9,81.6,58.6,8.24,Low,9.06,-0.8200000000000003,5.53,2
2021,Nigeria,1,Healthcare,Small,35,0.66,59.2,44.7,10.46,Low,8.24,2.2200000000000006,6.433333333333334,3
2022,Nigeria,1,Healthcare,Small,15,0.89,54.1,67.0,27.93,Low,10.46,17.47,9.253333333333334,4
2023,Nigeria,1,Healthcare,Small,9,0.8,62.7,75.0,32.82,Medium,27.93,4.890000000000001,15.543333333333335,5
2024,Nigeria,1,Healthcare,Small,63,1.34,57.9,47.5,43.83,Medium,32.82,11.009999999999998,23.736666666666668,6
2025,Nigeria,1,Healthcare,Small,84,1.0,62.9,56.3,58.96,High,43.83,15.130000000000003,34.86,7
2018,Nigeria,1,Legal,Large,39394,0.94,61.0,35.5,3.16,Low,3.16,0.0,3.16,0
2019,Nigeria,1,Legal,Large,7914,1.29,49.9,56.6,16.56,Low,3.16,13.399999999999999,3.16,1
2020,Nigeria,1,Legal,Large,11169,1.25,58.3,42.3,12.39,Low,16.56,-4.169999999999998,9.86,2
2021,Nigeria,1,Legal,Large,38094,1.74,41.7,51.7,16.75,Low,12.39,4.359999999999999,10.703333333333333,3
2022,Nigeria,1,Legal,Large,18459,1.43,56.2,30.5,33.04,Medium,16.75,16.29,15.233333333333334,4
2023,Nigeria,1,Legal,Large,3964,1.14,54.8,39.6,38.17,Medium,33.04,5.130000000000003,20.726666666666663,5
2024,Nigeria,1,Legal,Large,42125,1.23,60.9,55.8,39.24,Medium,38.17,1.0700000000000003,29.319999999999997,6
2025,Nigeria,1,Legal,Large,36923,0.84,44.5,38.1,55.75,High,39.24,16.509999999999998,36.81666666666666,7
2018,Nigeria,1,Legal,Medium,939,1.43,73.1,51.8,2.0,Low,2.0,0.0,2.0,0
2019,Nigeria,1,Legal,Medium,678,1.12,56.8,49.9,2.0,Low,2.0,0.0,2.0,1
2020,Nigeria,1,Legal,Medium,580,0.75,52.6,31.4,4.82,Low,2.0,2.8200000000000003,2.0,2
2021,Nigeria,1,Legal,Medium,973,1.57,64.4,59.5,8.19,Low,4.82,3.369999999999999,2.94,3
2022,Nigeria,1,Legal,Medium,140,0.97,57.5,31.0,23.97,Low,8.19,15.78,5.003333333333333,4
2023,Nigeria,1,Legal,Medium,494,1.18,68.7,46.0,40.15,Medium,23.97,16.18,12.326666666666666,5
2024,Nigeria,1,Legal,Medium,982,1.08,76.3,53.0,38.18,Medium,40.15,-1.9699999999999989,24.103333333333335,6
2025,Nigeria,1,Legal,Medium,828,0.87,48.5,48.0,47.75,Medium,38.18,9.57,34.1,7
2018,Nigeria,1,Legal,Small,61,1.05,55.4,49.0,3.79,Low,3.79,0.0,3.79,0
2019,Nigeria,1,Legal,Small,79,1.54,72.7,46.9,5.4,Low,3.79,1.6100000000000003,3.79,1
2020,Nigeria,1,Legal,Small,47,1.06,53.0,29.7,7.99,Low,5.4,2.59,4.595000000000001,2
2021,Nigeria,1,Legal,Small,54,1.58,69.7,40.5,9.71,Low,7.99,1.7200000000000006,5.726666666666667,3
2022,Nigeria,1,Legal,Small,96,1.08,49.7,43.9,19.23,Low,9.71,9.52,7.7,4
2023,Nigeria,1,Legal,Small,17,1.1,52.2,38.4,33.16,Medium,19.23,13.929999999999996,12.31,5
2024,Nigeria,1,Legal,Small,7,0.96,57.6,39.1,39.63,Medium,33.16,6.470000000000006,20.7,6
2025,Nigeria,1,Legal,Small,77,1.16,58.0,45.6,43.36,Medium,39.63,3.729999999999997,30.673333333333332,7
2018,Nigeria,1,Manufacturing,Large,21669,1.05,63.9,59.4,13.06,Low,13.06,0.0,13.06,0
2019,Nigeria,1,Manufacturing,Large,15583,1.14,68.9,54.1,20.18,Low,13.06,7.119999999999999,13.06,1
2020,Nigeria,1,Manufacturing,Large,37417,1.18,61.5,54.3,22.67,Low,20.18,2.490000000000002,16.62,2
2021,Nigeria,1,Manufacturing,Large,9336,1.4,53.3,33.0,26.13,Low,22.67,3.4599999999999973,18.636666666666667,3
2022,Nigeria,1,Manufacturing,Large,38681,1.11,65.4,32.5,22.87,Low,26.13,-3.259999999999998,22.993333333333336,4
2023,Nigeria,1,Manufacturing,Large,8630,0.1,47.7,60.2,44.94,Medium,22.87,22.069999999999997,23.89,5
2024,Nigeria,1,Manufacturing,Large,15071,1.24,67.6,43.9,55.07,High,44.94,10.130000000000003,31.313333333333333,6
2025,Nigeria,1,Manufacturing,Large,49948,1.53,66.6,52.7,66.4,High,55.07,11.330000000000005,40.96,7
2018,Nigeria,1,Manufacturing,Medium,515,0.61,61.7,46.4,4.79,Low,4.79,0.0,4.79,0
2019,Nigeria,1,Manufacturing,Medium,477,1.59,50.6,47.6,12.25,Low,4.79,7.46,4.79,1
2020,Nigeria,1,Manufacturing,Medium,153,0.55,60.5,64.9,10.78,Low,12.25,-1.4700000000000006,8.52,2
2021,Nigeria,1,Manufacturing,Medium,224,1.45,53.2,54.0,29.2,Low,10.78,18.42,9.273333333333333,3
2022,Nigeria,1,Manufacturing,Medium,472,1.08,50.5,52.4,28.76,Low,29.2,-0.4399999999999977,17.41,4
2023,Nigeria,1,Manufacturing,Medium,106,1.05,41.3,53.9,35.37,Medium,28.76,6.609999999999996,22.91333333333333,5
2024,Nigeria,1,Manufacturing,Medium,992,1.18,70.8,44.6,46.62,Medium,35.37,11.25,31.11,6
2025,Nigeria,1,Manufacturing,Medium,436,1.33,77.3,37.2,56.31,High,46.62,9.690000000000005,36.916666666666664,7
2018,Nigeria,1,Manufacturing,Small,74,1.38,69.1,58.4,11.42,Low,11.42,0.0,11.42,0
2019,Nigeria,1,Manufacturing,Small,53,1.07,66.2,64.2,2.0,Low,11.42,-9.42,11.42,1
2020,Nigeria,1,Manufacturing,Small,83,1.75,69.8,24.6,9.28,Low,2.0,7.279999999999999,6.71,2
2021,Nigeria,1,Manufacturing,Small,23,1.35,51.8,49.6,17.94,Low,9.28,8.660000000000002,7.566666666666666,3
2022,Nigeria,1,Manufacturing,Small,86,1.32,50.7,48.3,20.55,Low,17.94,2.6099999999999994,9.74,4
2023,Nigeria,1,Manufacturing,Small,8,0.98,65.9,51.2,35.43,Medium,20.55,14.879999999999999,15.923333333333334,5
2024,Nigeria,1,Manufacturing,Small,62,0.91,75.4,51.3,45.88,Medium,35.43,10.450000000000003,24.64,6
2025,Nigeria,1,Manufacturing,Small,55,0.57,61.4,49.6,56.84,High,45.88,10.96,33.95333333333334,7
2018,Nigeria,1,Media & Entertainment,Large,21705,1.44,63.7,64.2,21.64,Low,21.64,0.0,21.64,0
2019,Nigeria,1,Media & Entertainment,Large,32667,1.38,61.2,60.4,23.38,Low,21.64,1.7399999999999984,21.64,1
2020,Nigeria,1,Media & Entertainment,Large,21764,1.27,60.3,59.3,23.6,Low,23.38,0.22000000000000242,22.509999999999998,2
2021,Nigeria,1,Media & Entertainment,Large,43202,1.5,72.7,39.0,26.59,Low,23.6,2.9899999999999984,22.873333333333335,3
2022,Nigeria,1,Media & Entertainment,Large,42013,1.76,54.8,57.4,32.33,Medium,26.59,5.739999999999998,24.52333333333333,4
2023,Nigeria,1,Media & Entertainment,Large,34084,1.26,55.7,51.0,43.11,Medium,32.33,10.780000000000001,27.50666666666667,5
2024,Nigeria,1,Media & Entertainment,Large,8574,1.0,61.7,38.8,49.49,Medium,43.11,6.380000000000003,34.01,6
2025,Nigeria,1,Media & Entertainment,Large,43527,1.44,64.5,52.8,68.83,High,49.49,19.339999999999996,41.64333333333333,7
2018,Nigeria,1,Media & Entertainment,Medium,224,1.27,71.3,51.3,5.67,Low,5.67,0.0,5.67,0
2019,Nigeria,1,Media & Entertainment,Medium,308,1.53,67.1,80.0,7.71,Low,5.67,2.04,5.67,1
2020,Nigeria,1,Media & Entertainment,Medium,282,0.92,66.0,67.5,20.81,Low,7.71,13.099999999999998,6.6899999999999995,2
2021,Nigeria,1,Media & Entertainment,Medium,862,1.15,56.8,51.3,26.08,Low,20.81,5.27,11.396666666666667,3
2022,Nigeria,1,Media & Entertainment,Medium,492,0.72,47.7,59.8,35.68,Medium,26.08,9.600000000000001,18.2,4
2023,Nigeria,1,Media & Entertainment,Medium,845,1.1,60.2,33.7,34.93,Medium,35.68,-0.75,27.52333333333333,5
2024,Nigeria,1,Media & Entertainment,Medium,314,1.31,60.6,47.8,46.52,Medium,34.93,11.590000000000003,32.23,6
2025,Nigeria,1,Media & Entertainment,Medium,521,1.02,65.7,41.9,53.19,Medium,46.52,6.669999999999995,39.04333333333333,7
2018,Nigeria,1,Media & Entertainment,Small,24,1.53,76.6,57.3,2.0,Low,2.0,0.0,2.0,0
2019,Nigeria,1,Media & Entertainment,Small,23,1.64,55.8,40.2,8.21,Low,2.0,6.210000000000001,2.0,1
2020,Nigeria,1,Media & Entertainment,Small,94,0.84,61.7,56.0,4.29,Low,8.21,-3.920000000000001,5.105,2
2021,Nigeria,1,Media & Entertainment,Small,72,1.57,60.7,59.8,13.06,Low,4.29,8.77,4.833333333333333,3
2022,Nigeria,1,Media & Entertainment,Small,71,0.51,48.6,39.2,20.71,Low,13.06,7.65,8.520000000000001,4
2023,Nigeria,1,Media & Entertainment,Small,19,1.12,54.2,42.1,29.79,Low,20.71,9.079999999999998,12.686666666666667,5
2024,Nigeria,1,Media & Entertainment,Small,29,1.24,59.3,52.8,43.12,Medium,29.79,13.329999999999998,21.186666666666667,6
2025,Nigeria,1,Media & Entertainment,Small,50,1.37,57.0,60.9,58.03,High,43.12,14.910000000000004,31.206666666666667,7
2018,Nigeria,1,Retail,Large,25377,1.26,66.6,54.4,11.73,Low,11.73,0.0,11.73,0
2019,Nigeria,1,Retail,Large,31808,0.83,61.0,60.6,12.77,Low,11.73,1.0399999999999991,11.73,1
2020,Nigeria,1,Retail,Large,10366,1.52,61.9,41.0,23.04,Low,12.77,10.27,12.25,2
2021,Nigeria,1,Retail,Large,44622,1.56,57.4,46.0,20.07,Low,23.04,-2.969999999999999,15.846666666666666,3
2022,Nigeria,1,Retail,Large,39168,1.4,45.1,38.8,29.15,Low,20.07,9.079999999999998,18.62666666666667,4
2023,Nigeria,1,Retail,Large,36992,1.41,61.6,41.8,41.71,Medium,29.15,12.560000000000002,24.086666666666662,5
2024,Nigeria,1,Retail,Large,26292,1.92,66.5,49.9,55.3,High,41.71,13.589999999999996,30.310000000000002,6
2025,Nigeria,1,Retail,Large,26550,1.41,60.1,46.4,57.43,High,55.3,2.1300000000000026,42.053333333333335,7
2018,Nigeria,1,Retail,Medium,307,0.99,43.8,48.2,2.0,Low,2.0,0.0,2.0,0
2019,Nigeria,1,Retail,Medium,482,1.09,60.6,43.0,2.07,Low,2.0,0.06999999999999984,2.0,1
2020,Nigeria,1,Retail,Medium,146,1.27,53.9,68.7,17.37,Low,2.07,15.3,2.035,2
2021,Nigeria,1,Retail,Medium,410,1.87,62.9,52.0,16.51,Low,17.37,-0.8599999999999994,7.146666666666667,3
2022,Nigeria,1,Retail,Medium,569,0.97,52.0,50.5,35.32,Medium,16.51,18.81,11.983333333333334,4
2023,Nigeria,1,Retail,Medium,266,1.35,59.3,43.0,39.25,Medium,35.32,3.9299999999999997,23.066666666666666,5
2024,Nigeria,1,Retail,Medium,305,1.45,45.3,45.9,57.86,High,39.25,18.61,30.36,6
2025,Nigeria,1,Retail,Medium,962,1.0,57.1,56.2,52.53,Medium,57.86,-5.329999999999998,44.14333333333334,7
2018,Nigeria,1,Retail,Small,84,1.36,71.2,44.1,2.0,Low,2.0,0.0,2.0,0
2019,Nigeria,1,Retail,Small,43,1.52,52.6,45.9,4.62,Low,2.0,2.62,2.0,1
2020,Nigeria,1,Retail,Small,55,1.14,51.8,42.7,11.01,Low,4.62,6.39,3.31,2
2021,Nigeria,1,Retail,Small,54,1.72,62.6,51.2,8.21,Low,11.01,-2.799999999999999,5.876666666666666,3
2022,Nigeria,1,Retail,Small,50,1.28,53.2,47.6,19.17,Low,8.21,10.96,7.946666666666668,4
2023,Nigeria,1,Retail,Small,54,1.11,54.6,49.8,30.95,Medium,19.17,11.779999999999998,12.796666666666667,5
2024,Nigeria,1,Retail,Small,46,0.92,65.3,51.7,40.17,Medium,30.95,9.220000000000002,19.443333333333335,6
2025,Nigeria,1,Retail,Small,10,1.05,58.6,45.9,47.06,Medium,40.17,6.890000000000001,30.096666666666668,7
2018,Nigeria,1,Technology,Large,33746,0.67,58.6,48.4,18.03,Low,18.03,0.0,18.03,0
2019,Nigeria,1,Technology,Large,31868,1.0,53.2,55.3,28.92,Low,18.03,10.89,18.03,1
2020,Nigeria,1,Technology,Large,10617,1.25,61.1,57.9,38.64,Medium,28.92,9.719999999999999,23.475,2
2021,Nigeria,1,Technology,Large,2957,0.89,62.6,53.8,31.41,Medium,38.64,-7.23,28.53,3
2022,Nigeria,1,Technology,Large,36657,1.08,73.7,66.4,41.54,Medium,31.41,10.129999999999999,32.99,4
2023,Nigeria,1,Technology,Large,29812,0.81,63.6,37.8,53.09,Medium,41.54,11.550000000000004,37.196666666666665,5
2024,Nigeria,1,Technology,Large,17916,1.22,62.2,41.3,66.16,High,53.09,13.069999999999993,42.013333333333335,6
2025,Nigeria,1,Technology,Large,44307,1.59,45.5,62.6,72.79,High,66.16,6.63000000000001,53.59666666666667,7
2018,Nigeria,1,Technology,Medium,887,1.97,67.3,35.7,10.71,Low,10.71,0.0,10.71,0
2019,Nigeria,1,Technology,Medium,700,0.71,55.4,43.8,12.08,Low,10.71,1.3699999999999992,10.71,1
2020,Nigeria,1,Technology,Medium,819,1.04,56.2,38.6,30.86,Medium,12.08,18.78,11.395,2
2021,Nigeria,1,Technology,Medium,615,1.32,58.6,42.2,26.63,Low,30.86,-4.23,17.883333333333333,3
2022,Nigeria,1,Technology,Medium,378,1.03,54.8,56.8,35.66,Medium,26.63,9.029999999999998,23.189999999999998,4
2023,Nigeria,1,Technology,Medium,153,0.98,57.3,66.5,43.87,Medium,35.66,8.21,31.049999999999997,5
2024,Nigeria,1,Technology,Medium,266,0.87,63.5,39.9,52.68,Medium,43.87,8.810000000000002,35.38666666666666,6
2025,Nigeria,1,Technology,Medium,910,1.28,69.3,52.1,66.33,High,52.68,13.649999999999999,44.06999999999999,7
2018,Nigeria,1,Technology,Small,27,0.93,52.3,45.1,2.0,Low,2.0,0.0,2.0,0
2019,Nigeria,1,Technology,Small,46,0.81,31.7,52.6,5.79,Low,2.0,3.79,2.0,1
2020,Nigeria,1,Technology,Small,95,1.27,59.2,66.0,16.38,Low,5.79,10.59,3.895,2
2021,Nigeria,1,Technology,Small,44,0.46,60.1,51.3,25.94,Low,16.38,9.560000000000002,8.056666666666667,3
2022,Nigeria,1,Technology,Small,76,1.3,67.5,50.8,22.96,Low,25.94,-2.9800000000000004,16.036666666666665,4
2023,Nigeria,1,Technology,Small,26,1.28,74.0,40.9,33.72,Medium,22.96,10.759999999999998,21.76,5
2024,Nigeria,1,Technology,Small,54,1.35,53.8,55.1,44.97,Medium,33.72,11.25,27.540000000000003,6
2025,Nigeria,1,Technology,Small,47,0.9,60.4,57.3,50.58,Medium,44.97,5.609999999999999,33.88333333333333,7
2018,Singapore,3,Agriculture,Large,19429,2.32,92.7,91.7,29.4,Low,29.4,0.0,29.4,0
2019,Singapore,3,Agriculture,Large,29205,2.62,89.2,64.8,28.07,Low,29.4,-1.3299999999999983,29.4,1
2020,Singapore,3,Agriculture,Large,27571,3.11,99.0,89.5,35.58,Medium,28.07,7.509999999999998,28.735,2
2021,Singapore,3,Agriculture,Large,37498,2.39,99.0,65.6,44.15,Medium,35.58,8.57,31.016666666666666,3
2022,Singapore,3,Agriculture,Large,49629,2.72,85.8,86.7,39.0,Medium,44.15,-5.149999999999999,35.93333333333333,4
2023,Singapore,3,Agriculture,Large,6614,2.37,97.9,80.8,54.84,Medium,39.0,15.840000000000003,39.57666666666666,5
2024,Singapore,3,Agriculture,Large,23480,2.1,99.0,68.2,63.73,High,54.84,8.889999999999993,45.99666666666667,6
2025,Singapore,3,Agriculture,Large,38469,2.35,96.2,86.4,68.24,High,63.73,4.509999999999998,52.52333333333333,7
2018,Singapore,3,Agriculture,Medium,724,3.3,99.0,67.7,13.31,Low,13.31,0.0,13.31,0
2019,Singapore,3,Agriculture,Medium,457,2.5,97.6,87.8,20.61,Low,13.31,7.299999999999999,13.31,1
2020,Singapore,3,Agriculture,Medium,128,2.11,91.1,84.0,18.76,Low,20.61,-1.8499999999999979,16.96,2
2021,Singapore,3,Agriculture,Medium,119,2.66,95.6,72.7,24.97,Low,18.76,6.209999999999997,17.560000000000002,3
2022,Singapore,3,Agriculture,Medium,232,3.07,99.0,100.0,28.36,Low,24.97,3.3900000000000006,21.44666666666667,4
2023,Singapore,3,Agriculture,Medium,159,2.59,99.0,82.8,50.87,Medium,28.36,22.509999999999998,24.03,5
2024,Singapore,3,Agriculture,Medium,548,2.7,99.0,84.9,56.71,High,50.87,5.840000000000003,34.73333333333333,6
2025,Singapore,3,Agriculture,Medium,310,2.28,99.0,100.0,59.73,High,56.71,3.019999999999996,45.31333333333333,7
2018,Singapore,3,Agriculture,Small,67,2.93,97.7,90.4,6.67,Low,6.67,0.0,6.67,0
2019,Singapore,3,Agriculture,Small,82,3.09,96.3,84.3,2.0,Low,6.67,-4.67,6.67,1
2020,Singapore,3,Agriculture,Small,87,2.3,99.0,87.6,9.69,Low,2.0,7.6899999999999995,4.335,2
2021,Singapore,3,Agriculture,Small,42,2.34,96.4,84.0,21.96,Low,9.69,12.270000000000001,6.12,3
2022,Singapore,3,Agriculture,Small,93,2.42,99.0,78.8,25.05,Low,21.96,3.09,11.216666666666667,4
2023,Singapore,3,Agriculture,Small,27,2.63,99.0,76.4,35.2,Medium,25.05,10.150000000000002,18.900000000000002,5
2024,Singapore,3,Agriculture,Small,13,2.67,91.5,95.9,46.68,Medium,35.2,11.479999999999997,27.403333333333336,6
2025,Singapore,3,Agriculture,Small,73,2.63,99.0,77.7,56.98,High,46.68,10.299999999999997,35.64333333333334,7
2018,Singapore,3,Automotive,Large,19268,2.92,99.0,91.3,56.81,High,56.81,0.0,56.81,0
2019,Singapore,3,Automotive,Large,27913,2.49,93.9,100.0,64.75,High,56.81,7.939999999999998,56.81,1
2020,Singapore,3,Automotive,Large,34061,2.4,86.9,100.0,75.85,High,64.75,11.099999999999994,60.78,2
2021,Singapore,3,Automotive,Large,33125,2.65,99.0,94.8,75.46,High,75.85,-0.39000000000000057,65.80333333333333,3
2022,Singapore,3,Automotive,Large,9444,2.16,99.0,92.9,84.22,High,75.46,8.760000000000005,72.02,4
2023,Singapore,3,Automotive,Large,44130,2.69,97.5,91.0,93.89,High,84.22,9.670000000000002,78.50999999999999,5
2024,Singapore,3,Automotive,Large,14079,2.93,99.0,95.2,97.0,High,93.89,3.1099999999999994,84.52333333333333,6
2025,Singapore,3,Automotive,Large,3922,1.99,99.0,100.0,97.0,High,97.0,0.0,91.70333333333333,7
2018,Singapore,3,Automotive,Medium,908,3.38,87.1,100.0,37.79,Medium,37.79,0.0,37.79,0
2019,Singapore,3,Automotive,Medium,675,2.73,94.4,95.2,45.33,Medium,37.79,7.539999999999999,37.79,1
2020,Singapore,3,Automotive,Medium,313,2.53,99.0,88.9,47.3,Medium,45.33,1.9699999999999989,41.56,2
2021,Singapore,3,Automotive,Medium,147,2.03,98.1,94.8,57.0,High,47.3,9.700000000000003,43.47333333333333,3
2022,Singapore,3,Automotive,Medium,972,2.51,99.0,100.0,60.54,High,57.0,3.539999999999999,49.876666666666665,4
2023,Singapore,3,Automotive,Medium,567,2.28,97.0,92.5,75.94,High,60.54,15.399999999999999,54.94666666666666,5
2024,Singapore,3,Automotive,Medium,565,2.1,83.1,100.0,90.39,High,75.94,14.450000000000003,64.49333333333334,6
2025,Singapore,3,Automotive,Medium,442,2.38,87.9,99.4,97.0,High,90.39,6.609999999999999,75.62333333333333,7
2018,Singapore,3,Automotive,Small,15,2.56,99.0,87.9,34.14,Medium,34.14,0.0,34.14,0
2019,Singapore,3,Automotive,Small,16,2.39,99.0,100.0,34.66,Medium,34.14,0.519999999999996,34.14,1
2020,Singapore,3,Automotive,Small,29,2.14,99.0,80.3,34.51,Medium,34.66,-0.14999999999999858,34.4,2
2021,Singapore,3,Automotive,Small,10,2.59,99.0,85.5,39.86,Medium,34.51,5.350000000000001,34.43666666666667,3
2022,Singapore,3,Automotive,Small,67,2.92,98.2,88.4,49.31,Medium,39.86,9.450000000000003,36.343333333333334,4
2023,Singapore,3,Automotive,Small,67,2.14,98.2,93.8,56.35,High,49.31,7.039999999999999,41.22666666666667,5
2024,Singapore,3,Automotive,Small,71,2.54,98.1,83.9,71.43,High,56.35,15.080000000000005,48.50666666666667,6
2025,Singapore,3,Automotive,Small,31,2.74,99.0,99.0,71.2,High,71.43,-0.23000000000000398,59.03,7
2018,Singapore,3,Education,Large,12301,2.15,96.7,100.0,45.33,Medium,45.33,0.0,45.33,0
2019,Singapore,3,Education,Large,17128,2.49,97.8,84.0,49.57,Medium,45.33,4.240000000000002,45.33,1
2020,Singapore,3,Education,Large,27315,3.13,98.3,100.0,56.01,High,49.57,6.439999999999998,47.45,2
2021,Singapore,3,Education,Large,13523,2.89,93.6,100.0,56.95,High,56.01,0.9400000000000048,50.303333333333335,3
2022,Singapore,3,Education,Large,19055,2.86,94.2,84.6,63.88,High,56.95,6.93,54.17666666666667,4
2023,Singapore,3,Education,Large,22181,2.74,99.0,90.6,65.51,High,63.88,1.6300000000000026,58.946666666666665,5
2024,Singapore,3,Education,Large,5743,2.28,99.0,89.7,77.54,High,65.51,12.030000000000001,62.113333333333344,6
2025,Singapore,3,Education,Large,44039,2.87,99.0,90.5,94.3,High,77.54,16.75999999999999,68.97666666666667,7
2018,Singapore,3,Education,Medium,195,2.36,99.0,81.2,26.69,Low,26.69,0.0,26.69,0
2019,Singapore,3,Education,Medium,739,2.18,89.6,73.1,27.3,Low,26.69,0.6099999999999994,26.69,1
2020,Singapore,3,Education,Medium,994,2.84,99.0,100.0,45.12,Medium,27.3,17.819999999999997,26.995,2
2021,Singapore,3,Education,Medium,297,3.26,99.0,89.3,40.85,Medium,45.12,-4.269999999999996,33.03666666666667,3
2022,Singapore,3,Education,Medium,969,2.74,99.0,91.7,49.88,Medium,40.85,9.030000000000001,37.75666666666667,4
2023,Singapore,3,Education,Medium,931,2.44,90.3,91.9,51.51,Medium,49.88,1.6299999999999955,45.28333333333333,5
2024,Singapore,3,Education,Medium,592,3.01,99.0,66.3,66.84,High,51.51,15.330000000000005,47.413333333333334,6
2025,Singapore,3,Education,Medium,111,2.21,95.1,87.5,79.72,High,66.84,12.879999999999995,56.076666666666675,7
2018,Singapore,3,Education,Small,98,2.73,99.0,77.4,10.61,Low,10.61,0.0,10.61,0
2019,Singapore,3,Education,Small,94,2.85,97.8,83.8,23.82,Low,10.61,13.21,10.61,1
2020,Singapore,3,Education,Small,46,2.18,99.0,97.4,25.65,Low,23.82,1.8299999999999983,17.215,2
2021,Singapore,3,Education,Small,71,3.24,96.7,89.2,24.33,Low,25.65,-1.3200000000000003,20.026666666666667,3
2022,Singapore,3,Education,Small,23,2.74,99.0,83.3,43.23,Medium,24.33,18.9,24.599999999999998,4
2023,Singapore,3,Education,Small,44,2.75,94.9,73.8,46.98,Medium,43.23,3.75,31.069999999999997,5
2024,Singapore,3,Education,Small,53,3.15,99.0,64.4,61.49,High,46.98,14.510000000000005,38.18,6
2025,Singapore,3,Education,Small,56,2.6,99.0,83.8,70.82,High,61.49,9.329999999999991,50.56666666666666,7
2018,Singapore,3,Financial Services,Large,20947,2.62,99.0,100.0,63.52,High,63.52,0.0,63.52,0
2019,Singapore,3,Financial Services,Large,45746,2.77,99.0,100.0,75.14,High,63.52,11.619999999999997,63.52,1
2020,Singapore,3,Financial Services,Large,12201,1.98,99.0,93.3,87.44,High,75.14,12.299999999999997,69.33,2
2021,Singapore,3,Financial Services,Large,2223,2.46,94.7,100.0,88.07,High,87.44,0.6299999999999955,75.36666666666667,3
2022,Singapore,3,Financial Services,Large,44908,2.41,99.0,97.3,92.36,High,88.07,4.290000000000006,83.55,4
2023,Singapore,3,Financial Services,Large,6027,2.92,99.0,100.0,97.0,High,92.36,4.640000000000001,89.29,5
2024,Singapore,3,Financial Services,Large,26099,3.16,99.0,99.0,97.0,High,97.0,0.0,92.47666666666667,6
2025,Singapore,3,Financial Services,Large,10218,2.27,99.0,89.3,97.0,High,97.0,0.0,95.45333333333333,7
2018,Singapore,3,Financial Services,Medium,130,1.87,99.0,94.1,50.62,Medium,50.62,0.0,50.62,0
2019,Singapore,3,Financial Services,Medium,809,2.9,99.0,100.0,39.67,Medium,50.62,-10.949999999999996,50.62,1
2020,Singapore,3,Financial Services,Medium,498,2.85,99.0,83.8,61.91,High,39.67,22.239999999999995,45.144999999999996,2
2021,Singapore,3,Financial Services,Medium,766,2.75,99.0,89.2,62.45,High,61.91,0.5400000000000063,50.73333333333333,3
2022,Singapore,3,Financial Services,Medium,498,2.32,99.0,98.5,73.48,High,62.45,11.030000000000001,54.67666666666667,4
2023,Singapore,3,Financial Services,Medium,174,2.29,99.0,83.8,78.45,High,73.48,4.969999999999999,65.94666666666667,5
2024,Singapore,3,Financial Services,Medium,913,2.84,94.8,92.7,93.35,High,78.45,14.899999999999991,71.46,6
2025,Singapore,3,Financial Services,Medium,862,2.51,99.0,100.0,96.48,High,93.35,3.1300000000000097,81.75999999999999,7
2018,Singapore,3,Financial Services,Small,33,2.76,99.0,90.5,24.59,Low,24.59,0.0,24.59,0
2019,Singapore,3,Financial Services,Small,13,2.66,99.0,100.0,37.27,Medium,24.59,12.680000000000003,24.59,1
2020,Singapore,3,Financial Services,Small,5,2.3,94.5,80.3,37.02,Medium,37.27,-0.25,30.93,2
2021,Singapore,3,Financial Services,Small,88,2.47,99.0,74.4,45.1,Medium,37.02,8.079999999999998,32.96,3
2022,Singapore,3,Financial Services,Small,25,2.81,99.0,99.0,47.62,Medium,45.1,2.519999999999996,39.796666666666674,4
2023,Singapore,3,Financial Services,Small,68,2.27,98.6,90.2,66.08,High,47.62,18.46,43.24666666666667,5
2024,Singapore,3,Financial Services,Small,39,2.35,85.6,89.1,69.34,High,66.08,3.260000000000005,52.93333333333334,6
2025,Singapore,3,Financial Services,Small,71,2.84,95.4,78.4,80.23,High,69.34,10.89,61.01333333333334,7
2018,Singapore,3,Gaming,Large,4024,2.38,98.3,86.2,75.21,High,75.21,0.0,75.21,0
2019,Singapore,3,Gaming,Large,14003,2.62,99.0,82.8,82.63,High,75.21,7.420000000000002,75.21,1
2020,Singapore,3,Gaming,Large,23065,2.5,97.2,100.0,87.33,High,82.63,4.700000000000003,78.91999999999999,2
2021,Singapore,3,Gaming,Large,18580,2.48,91.6,89.2,85.2,High,87.33,-2.1299999999999955,81.72333333333333,3
2022,Singapore,3,Gaming,Large,18333,2.44,98.8,89.2,97.0,High,85.2,11.799999999999997,85.05333333333333,4
2023,Singapore,3,Gaming,Large,19630,3.0,99.0,96.1,97.0,High,97.0,0.0,89.84333333333332,5
2024,Singapore,3,Gaming,Large,21195,2.49,99.0,85.0,97.0,High,97.0,0.0,93.06666666666666,6
2025,Singapore,3,Gaming,Large,41264,2.0,97.1,95.0,97.0,High,97.0,0.0,97.0,7
2018,Singapore,3,Gaming,Medium,335,2.21,99.0,100.0,48.07,Medium,48.07,0.0,48.07,0
2019,Singapore,3,Gaming,Medium,429,2.37,99.0,78.1,58.31,High,48.07,10.240000000000002,48.07,1
2020,Singapore,3,Gaming,Medium,181,2.69,99.0,93.8,61.36,High,58.31,3.049999999999997,53.19,2
2021,Singapore,3,Gaming,Medium,330,2.37,92.0,79.8,63.82,High,61.36,2.460000000000001,55.913333333333334,3
2022,Singapore,3,Gaming,Medium,132,2.34,94.4,100.0,66.96,High,63.82,3.1399999999999935,61.163333333333334,4
2023,Singapore,3,Gaming,Medium,188,2.31,99.0,84.1,92.29,High,66.96,25.330000000000013,64.04666666666667,5
2024,Singapore,3,Gaming,Medium,125,2.32,85.0,100.0,94.87,High,92.29,2.5799999999999983,74.35666666666667,6
2025,Singapore,3,Gaming,Medium,560,2.78,99.0,87.2,92.79,High,94.87,-2.0799999999999983,84.70666666666666,7
2018,Singapore,3,Gaming,Small,96,2.63,95.7,85.6,24.87,Low,24.87,0.0,24.87,0
2019,Singapore,3,Gaming,Small,55,2.91,98.0,91.8,37.33,Medium,24.87,12.459999999999997,24.87,1
2020,Singapore,3,Gaming,Small,25,2.52,99.0,85.4,43.89,Medium,37.33,6.560000000000002,31.1,2
2021,Singapore,3,Gaming,Small,27,2.55,99.0,87.7,43.09,Medium,43.89,-0.7999999999999972,35.36333333333334,3
2022,Singapore,3,Gaming,Small,53,2.15,99.0,100.0,52.08,Medium,43.09,8.989999999999995,41.43666666666667,4
2023,Singapore,3,Gaming,Small,24,2.65,93.5,99.6,62.6,High,52.08,10.520000000000003,46.35333333333333,5
2024,Singapore,3,Gaming,Small,39,2.52,97.2,86.6,77.98,High,62.6,15.380000000000003,52.59,6
2025,Singapore,3,Gaming,Small,71,2.68,99.0,100.0,82.14,High,77.98,4.159999999999997,64.22,7
2018,Singapore,3,Government,Large,7544,2.28,99.0,95.5,31.55,Medium,31.55,0.0,31.55,0
2019,Singapore,3,Government,Large,39769,2.65,89.9,83.4,37.8,Medium,31.55,6.2499999999999964,31.55,1
2020,Singapore,3,Government,Large,26381,3.15,99.0,84.7,38.29,Medium,37.8,0.490000000000002,34.675,2
2021,Singapore,3,Government,Large,24116,2.49,99.0,70.2,54.11,Medium,38.29,15.82,35.879999999999995,3
2022,Singapore,3,Government,Large,1589,2.38,99.0,84.7,54.03,Medium,54.11,-0.0799999999999983,43.4,4
2023,Singapore,3,Government,Large,42504,2.44,99.0,93.4,60.96,High,54.03,6.93,48.81,5
2024,Singapore,3,Government,Large,33022,2.67,99.0,74.1,74.07,High,60.96,13.109999999999992,56.366666666666674,6
2025,Singapore,3,Government,Large,43691,2.42,99.0,89.2,90.45,High,74.07,16.38000000000001,63.02,7
2018,Singapore,3,Government,Medium,320,2.65,95.9,92.5,17.99,Low,17.99,0.0,17.99,0
2019,Singapore,3,Government,Medium,304,2.18,99.0,83.4,25.93,Low,17.99,7.940000000000001,17.99,1
2020,Singapore,3,Government,Medium,925,3.24,94.5,79.3,32.39,Medium,25.93,6.460000000000001,21.96,2
2021,Singapore,3,Government,Medium,514,2.64,76.2,72.8,38.25,Medium,32.39,5.859999999999999,25.436666666666667,3
2022,Singapore,3,Government,Medium,320,2.55,99.0,75.2,43.95,Medium,38.25,5.700000000000003,32.190000000000005,4
2023,Singapore,3,Government,Medium,314,2.88,99.0,89.4,58.22,High,43.95,14.269999999999996,38.196666666666665,5
2024,Singapore,3,Government,Medium,832,2.44,99.0,97.3,60.73,High,58.22,2.509999999999998,46.80666666666667,6
2025,Singapore,3,Government,Medium,164,1.78,99.0,87.2,76.67,High,60.73,15.940000000000005,54.300000000000004,7
2018,Singapore,3,Government,Small,87,2.66,99.0,94.4,2.0,Low,2.0,0.0,2.0,0
2019,Singapore,3,Government,Small,22,2.76,99.0,68.4,4.53,Low,2.0,2.5300000000000002,2.0,1
2020,Singapore,3,Government,Small,68,2.39,99.0,88.9,17.39,Low,4.53,12.86,3.265,2
2021,Singapore,3,Government,Small,35,2.59,99.0,80.2,22.1,Low,17.39,4.710000000000001,7.973333333333334,3
2022,Singapore,3,Government,Small,31,2.8,92.2,83.8,41.62,Medium,22.1,19.519999999999996,14.673333333333334,4
2023,Singapore,3,Government,Small,44,2.58,99.0,90.8,40.72,Medium,41.62,-0.8999999999999986,27.036666666666665,5
2024,Singapore,3,Government,Small,78,2.63,99.0,74.8,46.28,Medium,40.72,5.560000000000002,34.81333333333333,6
2025,Singapore,3,Government,Small,95,2.45,99.0,67.3,57.92,High,46.28,11.64,42.873333333333335,7
2018,Singapore,3,Healthcare,Large,31657,3.14,97.6,98.6,65.17,High,65.17,0.0,65.17,0
2019,Singapore,3,Healthcare,Large,23343,2.54,97.6,100.0,62.9,High,65.17,-2.270000000000003,65.17,1
2020,Singapore,3,Healthcare,Large,39079,2.61,99.0,86.7,80.8,High,62.9,17.9,64.035,2
2021,Singapore,3,Healthcare,Large,36132,2.1,99.0,80.2,90.03,High,80.8,9.230000000000004,69.62333333333333,3
2022,Singapore,3,Healthcare,Large,46609,2.76,99.0,73.5,97.0,High,90.03,6.969999999999999,77.91,4
2023,Singapore,3,Healthcare,Large,49988,2.71,99.0,96.0,97.0,High,97.0,0.0,89.27666666666669,5
2024,Singapore,3,Healthcare,Large,32739,2.54,99.0,88.5,97.0,High,97.0,0.0,94.67666666666666,6
2025,Singapore,3,Healthcare,Large,45775,2.79,87.3,96.2,97.0,High,97.0,0.0,97.0,7
2018,Singapore,3,Healthcare,Medium,739,1.91,98.8,89.5,36.72,Medium,36.72,0.0,36.72,0
2019,Singapore,3,Healthcare,Medium,859,2.61,94.0,89.3,47.77,Medium,36.72,11.050000000000004,36.72,1
2020,Singapore,3,Healthcare,Medium,310,2.79,99.0,93.9,50.36,Medium,47.77,2.5899999999999963,42.245000000000005,2
2021,Singapore,3,Healthcare,Medium,456,3.22,96.8,95.9,59.15,High,50.36,8.79,44.949999999999996,3
2022,Singapore,3,Healthcare,Medium,791,2.66,99.0,92.9,66.54,High,59.15,7.390000000000008,52.42666666666667,4
2023,Singapore,3,Healthcare,Medium,430,2.8,99.0,80.7,80.11,High,66.54,13.569999999999993,58.68333333333334,5
2024,Singapore,3,Healthcare,Medium,964,2.25,99.0,84.0,83.19,High,80.11,3.0799999999999983,68.60000000000001,6
2025,Singapore,3,Healthcare,Medium,947,2.47,99.0,98.2,97.0,High,83.19,13.810000000000002,76.61333333333333,7
2018,Singapore,3,Healthcare,Small,13,2.95,90.3,94.8,27.13,Low,27.13,0.0,27.13,0
2019,Singapore,3,Healthcare,Small,79,2.12,99.0,100.0,25.04,Low,27.13,-2.09,27.13,1
2020,Singapore,3,Healthcare,Small,96,2.78,99.0,100.0,32.23,Medium,25.04,7.189999999999998,26.085,2
2021,Singapore,3,Healthcare,Small,78,2.74,90.9,77.0,50.99,Medium,32.23,18.760000000000005,28.13333333333333,3
2022,Singapore,3,Healthcare,Small,21,2.69,99.0,89.2,50.08,Medium,50.99,-0.9100000000000037,36.086666666666666,4
2023,Singapore,3,Healthcare,Small,34,2.57,94.8,82.2,63.04,High,50.08,12.96,44.43333333333333,5
2024,Singapore,3,Healthcare,Small,45,2.67,99.0,74.4,73.91,High,63.04,10.869999999999997,54.70333333333334,6
2025,Singapore,3,Healthcare,Small,20,2.63,97.2,100.0,78.79,High,73.91,4.88000000000001,62.34333333333333,7
2018,Singapore,3,Legal,Large,2577,2.06,99.0,94.5,41.82,Medium,41.82,0.0,41.82,0
2019,Singapore,3,Legal,Large,6244,2.84,96.4,91.6,34.76,Medium,41.82,-7.060000000000002,41.82,1
2020,Singapore,3,Legal,Large,23340,2.3,99.0,82.7,50.12,Medium,34.76,15.36,38.29,2
2021,Singapore,3,Legal,Large,23298,3.06,99.0,87.8,53.75,Medium,50.12,3.6300000000000026,42.23333333333333,3
2022,Singapore,3,Legal,Large,28106,2.23,99.0,80.6,59.63,High,53.75,5.880000000000003,46.21,4
2023,Singapore,3,Legal,Large,10174,2.36,99.0,79.4,70.34,High,59.63,10.71,54.5,5
2024,Singapore,3,Legal,Large,14679,2.74,99.0,78.4,77.61,High,70.34,7.269999999999996,61.24,6
2025,Singapore,3,Legal,Large,10770,2.76,97.3,89.7,91.69,High,77.61,14.079999999999998,69.19333333333333,7
2018,Singapore,3,Legal,Medium,392,2.67,99.0,89.1,18.43,Low,18.43,0.0,18.43,0
2019,Singapore,3,Legal,Medium,762,2.62,98.4,97.7,27.43,Low,18.43,9.0,18.43,1
2020,Singapore,3,Legal,Medium,371,2.51,99.0,91.1,38.63,Medium,27.43,11.200000000000003,22.93,2
2021,Singapore,3,Legal,Medium,747,2.8,91.6,79.7,40.42,Medium,38.63,1.7899999999999991,28.163333333333338,3
2022,Singapore,3,Legal,Medium,264,2.91,99.0,74.2,46.56,Medium,40.42,6.140000000000001,35.49333333333333,4
2023,Singapore,3,Legal,Medium,801,2.42,89.8,75.8,55.25,High,46.56,8.689999999999998,41.870000000000005,5
2024,Singapore,3,Legal,Medium,368,2.78,97.0,84.9,63.85,High,55.25,8.600000000000001,47.410000000000004,6
2025,Singapore,3,Legal,Medium,315,2.77,93.8,66.1,76.87,High,63.85,13.020000000000003,55.22,7
2018,Singapore,3,Legal,Small,52,2.88,75.9,100.0,17.9,Low,17.9,0.0,17.9,0
2019,Singapore,3,Legal,Small,23,2.47,89.1,74.9,10.23,Low,17.9,-7.669999999999998,17.9,1
2020,Singapore,3,Legal,Small,33,2.8,99.0,100.0,22.19,Low,10.23,11.96,14.065,2
2021,Singapore,3,Legal,Small,46,2.84,99.0,96.2,26.41,Low,22.19,4.219999999999999,16.773333333333333,3
2022,Singapore,3,Legal,Small,57,2.68,99.0,84.9,27.86,Low,26.41,1.4499999999999993,19.61,4
2023,Singapore,3,Legal,Small,30,2.88,99.0,96.8,35.86,Medium,27.86,8.0,25.486666666666665,5
2024,Singapore,3,Legal,Small,27,2.66,99.0,87.6,57.11,High,35.86,21.25,30.043333333333333,6
2025,Singapore,3,Legal,Small,51,2.59,83.4,79.2,69.77,High,57.11,12.659999999999997,40.276666666666664,7
2018,Singapore,3,Manufacturing,Large,30778,2.17,99.0,94.7,61.38,High,61.38,0.0,61.38,0
2019,Singapore,3,Manufacturing,Large,25371,2.84,99.0,93.6,58.95,High,61.38,-2.4299999999999997,61.38,1
2020,Singapore,3,Manufacturing,Large,10106,2.76,99.0,100.0,69.07,High,58.95,10.11999999999999,60.165000000000006,2
2021,Singapore,3,Manufacturing,Large,10780,2.6,93.7,88.2,70.29,High,69.07,1.220000000000013,63.13333333333333,3
2022,Singapore,3,Manufacturing,Large,35060,2.49,99.0,100.0,87.91,High,70.29,17.61999999999999,66.10333333333334,4
2023,Singapore,3,Manufacturing,Large,38944,2.71,89.8,100.0,95.68,High,87.91,7.77000000000001,75.75666666666666,5
2024,Singapore,3,Manufacturing,Large,22106,2.07,99.0,96.8,97.0,High,95.68,1.3199999999999932,84.62666666666667,6
2025,Singapore,3,Manufacturing,Large,13176,1.99,99.0,86.7,97.0,High,97.0,0.0,93.52999999999999,7
2018,Singapore,3,Manufacturing,Medium,586,2.27,99.0,93.2,32.67,Medium,32.67,0.0,32.67,0
2019,Singapore,3,Manufacturing,Medium,525,2.9,86.8,88.7,47.92,Medium,32.67,15.25,32.67,1
2020,Singapore,3,Manufacturing,Medium,177,2.37,92.4,76.9,42.7,Medium,47.92,-5.219999999999999,40.295,2
2021,Singapore,3,Manufacturing,Medium,711,2.68,96.3,70.0,59.9,High,42.7,17.199999999999996,41.09666666666667,3
2022,Singapore,3,Manufacturing,Medium,307,2.26,99.0,94.1,58.07,High,59.9,-1.8299999999999983,50.17333333333334,4
2023,Singapore,3,Manufacturing,Medium,311,2.26,99.0,99.9,73.03,High,58.07,14.96,53.55666666666667,5
2024,Singapore,3,Manufacturing,Medium,449,2.83,99.0,100.0,83.35,High,73.03,10.319999999999993,63.666666666666664,6
2025,Singapore,3,Manufacturing,Medium,812,2.88,99.0,94.4,97.0,High,83.35,13.650000000000006,71.48333333333333,7
2018,Singapore,3,Manufacturing,Small,27,2.39,99.0,100.0,17.34,Low,17.34,0.0,17.34,0
2019,Singapore,3,Manufacturing,Small,60,2.71,99.0,93.6,20.82,Low,17.34,3.4800000000000004,17.34,1
2020,Singapore,3,Manufacturing,Small,19,2.72,93.5,86.2,35.63,Medium,20.82,14.810000000000002,19.08,2
2021,Singapore,3,Manufacturing,Small,5,2.78,99.0,76.7,46.19,Medium,35.63,10.559999999999995,24.596666666666668,3
2022,Singapore,3,Manufacturing,Small,33,2.92,99.0,100.0,56.99,High,46.19,10.800000000000004,34.21333333333333,4
2023,Singapore,3,Manufacturing,Small,58,3.18,89.1,71.2,58.67,High,56.99,1.6799999999999997,46.27,5
2024,Singapore,3,Manufacturing,Small,24,2.98,99.0,90.5,63.76,High,58.67,5.089999999999996,53.949999999999996,6
2025,Singapore,3,Manufacturing,Small,6,3.44,99.0,100.0,75.5,High,63.76,11.740000000000002,59.80666666666667,7
2018,Singapore,3,Media & Entertainment,Large,20178,2.42,84.0,92.3,58.47,High,58.47,0.0,58.47,0
2019,Singapore,3,Media & Entertainment,Large,45296,2.4,96.4,88.9,61.52,High,58.47,3.0500000000000043,58.47,1
2020,Singapore,3,Media & Entertainment,Large,15082,2.95,99.0,100.0,70.18,High,61.52,8.660000000000004,59.995000000000005,2
2021,Singapore,3,Media & Entertainment,Large,49671,2.77,99.0,91.8,75.42,High,70.18,5.239999999999995,63.39000000000001,3
2022,Singapore,3,Media & Entertainment,Large,12171,2.25,92.0,100.0,88.09,High,75.42,12.670000000000002,69.04,4
2023,Singapore,3,Media & Entertainment,Large,22868,2.28,92.9,70.4,93.89,High,88.09,5.799999999999997,77.89666666666666,5
2024,Singapore,3,Media & Entertainment,Large,9566,2.38,99.0,75.8,97.0,High,93.89,3.1099999999999994,85.8,6
2025,Singapore,3,Media & Entertainment,Large,30269,2.99,99.0,82.5,97.0,High,97.0,0.0,92.99333333333334,7
2018,Singapore,3,Media & Entertainment,Medium,253,3.23,99.0,72.6,42.91,Medium,42.91,0.0,42.91,0
2019,Singapore,3,Media & Entertainment,Medium,530,2.54,85.2,77.7,41.9,Medium,42.91,-1.009999999999998,42.91,1
2020,Singapore,3,Media & Entertainment,Medium,164,2.91,99.0,84.0,50.39,Medium,41.9,8.490000000000002,42.405,2
2021,Singapore,3,Media & Entertainment,Medium,802,2.4,99.0,73.2,60.84,High,50.39,10.450000000000003,45.06666666666666,3
2022,Singapore,3,Media & Entertainment,Medium,113,2.6,88.1,93.7,56.61,High,60.84,-4.230000000000004,51.04333333333333,4
2023,Singapore,3,Media & Entertainment,Medium,908,2.91,99.0,83.2,76.47,High,56.61,19.86,55.946666666666665,5
2024,Singapore,3,Media & Entertainment,Medium,495,2.84,99.0,74.8,79.28,High,76.47,2.8100000000000023,64.64,6
2025,Singapore,3,Media & Entertainment,Medium,736,2.52,99.0,100.0,97.0,High,79.28,17.72,70.78666666666668,7
2018,Singapore,3,Media & Entertainment,Small,28,2.61,99.0,89.9,10.83,Low,10.83,0.0,10.83,0
2019,Singapore,3,Media & Entertainment,Small,6,2.28,99.0,79.7,31.2,Medium,10.83,20.369999999999997,10.83,1
2020,Singapore,3,Media & Entertainment,Small,76,2.95,99.0,86.2,41.15,Medium,31.2,9.95,21.015,2
2021,Singapore,3,Media & Entertainment,Small,91,2.56,99.0,100.0,43.99,Medium,41.15,2.8400000000000034,27.726666666666663,3
2022,Singapore,3,Media & Entertainment,Small,10,2.07,99.0,69.5,45.24,Medium,43.99,1.25,38.78,4
2023,Singapore,3,Media & Entertainment,Small,62,2.26,99.0,100.0,58.76,High,45.24,13.519999999999996,43.46,5
2024,Singapore,3,Media & Entertainment,Small,17,2.43,99.0,78.3,67.52,High,58.76,8.759999999999998,49.32999999999999,6
2025,Singapore,3,Media & Entertainment,Small,33,2.74,99.0,98.3,81.11,High,67.52,13.590000000000003,57.173333333333325,7
2018,Singapore,3,Retail,Large,48553,2.6,98.8,87.1,58.37,High,58.37,0.0,58.37,0
2019,Singapore,3,Retail,Large,22883,3.24,93.3,87.3,59.97,High,58.37,1.6000000000000014,58.37,1
2020,Singapore,3,Retail,Large,47728,2.29,91.4,84.2,58.63,High,59.97,-1.3399999999999963,59.17,2
2021,Singapore,3,Retail,Large,34971,2.91,99.0,93.1,74.16,High,58.63,15.529999999999994,58.99,3
2022,Singapore,3,Retail,Large,20050,2.62,99.0,100.0,81.25,High,74.16,7.090000000000003,64.25333333333333,4
2023,Singapore,3,Retail,Large,39973,2.39,97.5,94.0,88.85,High,81.25,7.599999999999994,71.34666666666666,5
2024,Singapore,3,Retail,Large,14335,2.31,99.0,62.6,89.23,High,88.85,0.38000000000000966,81.42,6
2025,Singapore,3,Retail,Large,41503,2.65,99.0,100.0,97.0,High,89.23,7.769999999999996,86.44333333333333,7
2018,Singapore,3,Retail,Medium,867,2.36,96.5,78.9,31.48,Medium,31.48,0.0,31.48,0
2019,Singapore,3,Retail,Medium,173,2.69,99.0,90.6,31.81,Medium,31.48,0.3299999999999983,31.48,1
2020,Singapore,3,Retail,Medium,920,3.28,98.7,78.4,39.91,Medium,31.81,8.099999999999998,31.645,2
2021,Singapore,3,Retail,Medium,212,2.34,96.3,75.9,53.17,Medium,39.91,13.260000000000005,34.4,3
2022,Singapore,3,Retail,Medium,958,2.23,86.1,95.5,52.49,Medium,53.17,-0.6799999999999997,41.629999999999995,4
2023,Singapore,3,Retail,Medium,651,2.26,99.0,95.7,65.71,High,52.49,13.219999999999992,48.52333333333333,5
2024,Singapore,3,Retail,Medium,126,2.95,99.0,77.6,75.7,High,65.71,9.990000000000009,57.123333333333335,6
2025,Singapore,3,Retail,Medium,597,2.99,99.0,97.7,97.0,High,75.7,21.299999999999997,64.63333333333334,7
2018,Singapore,3,Retail,Small,73,2.26,80.3,80.2,15.96,Low,15.96,0.0,15.96,0
2019,Singapore,3,Retail,Small,27,2.49,99.0,81.1,21.94,Low,15.96,5.98,15.96,1
2020,Singapore,3,Retail,Small,10,2.66,83.2,83.3,39.18,Medium,21.94,17.24,18.950000000000003,2
2021,Singapore,3,Retail,Small,5,2.26,88.8,89.6,39.84,Medium,39.18,0.6600000000000037,25.69333333333333,3
2022,Singapore,3,Retail,Small,21,2.17,96.7,74.6,36.65,Medium,39.84,-3.190000000000005,33.653333333333336,4
2023,Singapore,3,Retail,Small,49,2.8,98.3,69.8,51.49,Medium,36.65,14.840000000000003,38.556666666666665,5
2024,Singapore,3,Retail,Small,14,2.6,90.3,85.0,65.06,High,51.49,13.57,42.66,6
2025,Singapore,3,Retail,Small,56,2.32,93.1,85.5,68.7,High,65.06,3.6400000000000006,51.06666666666666,7
2018,Singapore,3,Technology,Large,46704,2.41,99.0,90.2,84.12,High,84.12,0.0,84.12,0
2019,Singapore,3,Technology,Large,19226,2.9,99.0,81.8,75.85,High,84.12,-8.27000000000001,84.12,1
2020,Singapore,3,Technology,Large,3749,1.73,94.7,98.3,90.73,High,75.85,14.88000000000001,79.985,2
2021,Singapore,3,Technology,Large,31011,2.22,97.7,88.2,97.0,High,90.73,6.269999999999996,83.56666666666666,3
2022,Singapore,3,Technology,Large,7243,2.35,99.0,80.6,97.0,High,97.0,0.0,87.86,4
2023,Singapore,3,Technology,Large,7076,2.54,99.0,91.2,97.0,High,97.0,0.0,94.91000000000001,5
2024,Singapore,3,Technology,Large,7109,2.8,99.0,100.0,97.0,High,97.0,0.0,97.0,6
2025,Singapore,3,Technology,Large,12723,2.63,89.5,100.0,97.0,High,97.0,0.0,97.0,7
2018,Singapore,3,Technology,Medium,276,2.79,90.4,93.6,48.81,Medium,48.81,0.0,48.81,0
2019,Singapore,3,Technology,Medium,210,2.43,96.1,67.8,56.37,High,48.81,7.559999999999995,48.81,1
2020,Singapore,3,Technology,Medium,441,2.79,99.0,75.0,63.31,High,56.37,6.940000000000005,52.59,2
2021,Singapore,3,Technology,Medium,263,2.18,87.7,97.9,79.58,High,63.31,16.269999999999996,56.163333333333334,3
2022,Singapore,3,Technology,Medium,158,2.48,99.0,79.6,69.67,High,79.58,-9.909999999999997,66.42,4
2023,Singapore,3,Technology,Medium,184,2.2,99.0,95.8,78.78,High,69.67,9.11,70.85333333333334,5
2024,Singapore,3,Technology,Medium,128,2.73,99.0,92.8,97.0,High,78.78,18.22,76.00999999999999,6
2025,Singapore,3,Technology,Medium,317,2.37,99.0,100.0,97.0,High,97.0,0.0,81.81666666666666,7
2018,Singapore,3,Technology,Small,39,2.71,95.5,91.3,23.65,Low,23.65,0.0,23.65,0
2019,Singapore,3,Technology,Small,22,2.22,93.4,92.0,31.73,Medium,23.65,8.080000000000002,23.65,1
2020,Singapore,3,Technology,Small,5,2.89,99.0,100.0,42.99,Medium,31.73,11.260000000000002,27.689999999999998,2
2021,Singapore,3,Technology,Small,78,2.71,98.0,99.0,53.09,Medium,42.99,10.100000000000001,32.79,3
2022,Singapore,3,Technology,Small,10,2.78,94.3,100.0,61.13,High,53.09,8.04,42.60333333333333,4
2023,Singapore,3,Technology,Small,87,1.97,99.0,80.8,69.33,High,61.13,8.199999999999996,52.403333333333336,5
2024,Singapore,3,Technology,Small,12,2.38,92.5,85.8,89.6,High,69.33,20.269999999999996,61.18333333333334,6
2025,Singapore,3,Technology,Small,14,2.78,93.4,97.6,83.79,High,89.6,-5.809999999999988,73.35333333333334,7
2018,South Africa,1,Agriculture,Large,17825,1.2,48.3,32.8,2.0,Low,2.0,0.0,2.0,0
2019,South Africa,1,Agriculture,Large,1308,1.49,58.1,39.7,5.89,Low,2.0,3.8899999999999997,2.0,1
2020,South Africa,1,Agriculture,Large,40852,1.48,59.4,40.8,9.92,Low,5.89,4.03,3.945,2
2021,South Africa,1,Agriculture,Large,45852,1.44,74.9,49.3,15.84,Low,9.92,5.92,5.9366666666666665,3
2022,South Africa,1,Agriculture,Large,44001,1.11,56.3,43.2,30.15,Medium,15.84,14.309999999999999,10.549999999999999,4
2023,South Africa,1,Agriculture,Large,17998,1.26,59.8,51.9,37.55,Medium,30.15,7.399999999999999,18.636666666666667,5
2024,South Africa,1,Agriculture,Large,3900,0.76,61.7,37.1,38.54,Medium,37.55,0.990000000000002,27.846666666666664,6
2025,South Africa,1,Agriculture,Large,27086,1.19,63.7,63.4,53.41,Medium,38.54,14.869999999999997,35.41333333333333,7
2018,South Africa,1,Agriculture,Medium,533,1.67,70.5,38.3,2.0,Low,2.0,0.0,2.0,0
2019,South Africa,1,Agriculture,Medium,999,1.0,59.5,24.1,2.0,Low,2.0,0.0,2.0,1
2020,South Africa,1,Agriculture,Medium,670,0.92,80.5,40.8,6.11,Low,2.0,4.11,2.0,2
2021,South Africa,1,Agriculture,Medium,195,1.16,62.0,53.3,18.32,Low,6.11,12.21,3.3699999999999997,3
2022,South Africa,1,Agriculture,Medium,295,0.88,60.1,26.4,25.57,Low,18.32,7.25,8.81,4
2023,South Africa,1,Agriculture,Medium,918,1.26,64.8,36.1,27.25,Low,25.57,1.6799999999999997,16.666666666666668,5
2024,South Africa,1,Agriculture,Medium,278,1.07,67.6,39.1,44.41,Medium,27.25,17.159999999999997,23.713333333333335,6
2025,South Africa,1,Agriculture,Medium,391,1.04,64.3,41.9,50.71,Medium,44.41,6.300000000000004,32.41,7
2018,South Africa,1,Agriculture,Small,51,1.23,49.3,46.1,2.0,Low,2.0,0.0,2.0,0
2019,South Africa,1,Agriculture,Small,58,1.32,56.5,55.5,2.0,Low,2.0,0.0,2.0,1
2020,South Africa,1,Agriculture,Small,84,1.21,58.8,42.1,8.14,Low,2.0,6.140000000000001,2.0,2
2021,South Africa,1,Agriculture,Small,25,1.05,60.8,21.5,2.9,Low,8.14,-5.24,4.046666666666667,3
2022,South Africa,1,Agriculture,Small,67,0.95,54.1,36.2,18.19,Low,2.9,15.290000000000001,4.346666666666667,4
2023,South Africa,1,Agriculture,Small,9,1.03,61.3,59.2,23.79,Low,18.19,5.599999999999998,9.743333333333334,5
2024,South Africa,1,Agriculture,Small,69,1.28,63.0,42.9,36.89,Medium,23.79,13.100000000000001,14.959999999999999,6
2025,South Africa,1,Agriculture,Small,5,0.91,68.7,38.0,44.73,Medium,36.89,7.839999999999996,26.290000000000003,7
2018,South Africa,1,Automotive,Large,37382,1.05,50.1,52.1,22.87,Low,22.87,0.0,22.87,0
2019,South Africa,1,Automotive,Large,12206,1.38,59.8,32.2,24.98,Low,22.87,2.1099999999999994,22.87,1
2020,South Africa,1,Automotive,Large,3720,0.86,72.6,36.2,39.6,Medium,24.98,14.620000000000001,23.925,2
2021,South Africa,1,Automotive,Large,2939,1.35,57.8,52.6,50.76,Medium,39.6,11.159999999999997,29.150000000000002,3
2022,South Africa,1,Automotive,Large,19467,1.26,77.0,62.9,53.4,Medium,50.76,2.6400000000000006,38.446666666666665,4
2023,South Africa,1,Automotive,Large,37872,1.07,59.2,54.6,68.64,High,53.4,15.240000000000002,47.919999999999995,5
2024,South Africa,1,Automotive,Large,6025,0.96,49.3,41.3,75.61,High,68.64,6.969999999999999,57.6,6
2025,South Africa,1,Automotive,Large,10041,0.91,61.4,51.2,72.51,High,75.61,-3.0999999999999943,65.88333333333334,7
2018,South Africa,1,Automotive,Medium,229,1.48,63.1,41.3,5.39,Low,5.39,0.0,5.39,0
2019,South Africa,1,Automotive,Medium,813,1.74,44.0,51.5,28.99,Low,5.39,23.599999999999998,5.39,1
2020,South Africa,1,Automotive,Medium,369,0.62,69.2,38.4,20.16,Low,28.99,-8.829999999999998,17.189999999999998,2
2021,South Africa,1,Automotive,Medium,434,1.11,67.0,30.7,39.75,Medium,20.16,19.59,18.18,3
2022,South Africa,1,Automotive,Medium,949,0.71,73.1,53.2,37.52,Medium,39.75,-2.229999999999997,29.633333333333336,4
2023,South Africa,1,Automotive,Medium,990,1.34,59.2,50.2,50.26,Medium,37.52,12.739999999999995,32.47666666666667,5
2024,South Africa,1,Automotive,Medium,338,1.32,55.1,57.1,46.44,Medium,50.26,-3.8200000000000003,42.51,6
2025,South Africa,1,Automotive,Medium,661,1.49,69.2,44.5,74.67,High,46.44,28.230000000000004,44.74,7
2018,South Africa,1,Automotive,Small,70,1.24,55.5,57.4,4.78,Low,4.78,0.0,4.78,0
2019,South Africa,1,Automotive,Small,84,1.07,55.0,39.1,11.24,Low,4.78,6.46,4.78,1
2020,South Africa,1,Automotive,Small,39,1.63,60.6,62.9,13.65,Low,11.24,2.41,8.01,2
2021,South Africa,1,Automotive,Small,10,1.01,44.4,63.7,18.15,Low,13.65,4.499999999999998,9.89,3
2022,South Africa,1,Automotive,Small,78,1.0,56.6,44.9,31.62,Medium,18.15,13.470000000000002,14.346666666666666,4
2023,South Africa,1,Automotive,Small,73,1.53,60.7,72.4,35.22,Medium,31.62,3.599999999999998,21.14,5
2024,South Africa,1,Automotive,Small,90,1.15,61.9,47.5,48.8,Medium,35.22,13.579999999999998,28.330000000000002,6
2025,South Africa,1,Automotive,Small,7,1.33,69.9,57.7,65.3,High,48.8,16.5,38.54666666666666,7
2018,South Africa,1,Education,Large,34845,1.26,54.1,51.9,4.08,Low,4.08,0.0,4.08,0
2019,South Africa,1,Education,Large,35139,0.96,59.6,29.7,21.86,Low,4.08,17.78,4.08,1
2020,South Africa,1,Education,Large,6361,1.1,69.0,49.8,31.29,Medium,21.86,9.43,12.969999999999999,2
2021,South Africa,1,Education,Large,17179,1.73,71.2,47.6,42.0,Medium,31.29,10.71,19.076666666666664,3
2022,South Africa,1,Education,Large,3812,1.3,57.6,51.6,36.09,Medium,42.0,-5.909999999999997,31.71666666666667,4
2023,South Africa,1,Education,Large,48006,0.88,53.0,39.6,42.17,Medium,36.09,6.079999999999998,36.46,5
2024,South Africa,1,Education,Large,38103,0.95,48.0,56.4,58.84,High,42.17,16.67,40.08666666666667,6
2025,South Africa,1,Education,Large,18014,1.23,58.1,36.4,64.38,High,58.84,5.539999999999992,45.70000000000001,7
2018,South Africa,1,Education,Medium,164,1.01,53.2,28.8,9.81,Low,9.81,0.0,9.81,0
2019,South Africa,1,Education,Medium,869,0.93,71.0,57.5,8.82,Low,9.81,-0.9900000000000002,9.81,1
2020,South Africa,1,Education,Medium,378,0.95,67.2,57.6,17.92,Low,8.82,9.100000000000001,9.315000000000001,2
2021,South Africa,1,Education,Medium,464,1.12,75.9,35.5,20.44,Low,17.92,2.5199999999999996,12.183333333333335,3
2022,South Africa,1,Education,Medium,781,1.12,60.3,52.0,38.05,Medium,20.44,17.609999999999996,15.726666666666668,4
2023,South Africa,1,Education,Medium,614,1.29,69.4,37.7,46.35,Medium,38.05,8.300000000000004,25.47,5
2024,South Africa,1,Education,Medium,511,1.28,54.1,42.0,60.42,High,46.35,14.07,34.946666666666665,6
2025,South Africa,1,Education,Medium,972,1.07,50.6,52.7,44.99,Medium,60.42,-15.43,48.27333333333333,7
2018,South Africa,1,Education,Small,10,1.4,57.3,57.6,5.74,Low,5.74,0.0,5.74,0
2019,South Africa,1,Education,Small,60,0.97,52.0,48.3,11.58,Low,5.74,5.84,5.74,1
2020,South Africa,1,Education,Small,60,1.32,72.5,50.0,8.27,Low,11.58,-3.3100000000000005,8.66,2
2021,South Africa,1,Education,Small,23,1.37,57.4,51.1,14.64,Low,8.27,6.370000000000001,8.53,3
2022,South Africa,1,Education,Small,36,1.21,54.9,69.8,20.69,Low,14.64,6.050000000000001,11.496666666666668,4
2023,South Africa,1,Education,Small,95,1.71,60.6,45.0,43.19,Medium,20.69,22.499999999999996,14.533333333333333,5
2024,South Africa,1,Education,Small,97,1.05,51.0,23.5,41.52,Medium,43.19,-1.6699999999999946,26.173333333333332,6
2025,South Africa,1,Education,Small,85,0.6,56.1,56.7,49.76,Medium,41.52,8.239999999999995,35.13333333333333,7
2018,South Africa,1,Financial Services,Large,26804,0.98,51.5,59.6,25.03,Low,25.03,0.0,25.03,0
2019,South Africa,1,Financial Services,Large,33448,1.24,59.6,50.5,28.33,Low,25.03,3.299999999999997,25.03,1
2020,South Africa,1,Financial Services,Large,32088,0.98,58.5,40.8,50.36,Medium,28.33,22.03,26.68,2
2021,South Africa,1,Financial Services,Large,11210,0.86,69.7,39.9,50.12,Medium,50.36,-0.240000000000002,34.57333333333333,3
2022,South Africa,1,Financial Services,Large,34791,1.83,57.2,71.4,53.51,Medium,50.12,3.3900000000000006,42.93666666666667,4
2023,South Africa,1,Financial Services,Large,18500,1.75,43.2,57.8,71.41,High,53.51,17.9,51.330000000000005,5
2024,South Africa,1,Financial Services,Large,14686,1.11,46.0,63.5,69.62,High,71.41,-1.789999999999992,58.346666666666664,6
2025,South Africa,1,Financial Services,Large,5960,1.31,73.8,48.2,81.51,High,69.62,11.89,64.84666666666666,7
2018,South Africa,1,Financial Services,Medium,116,0.82,65.5,53.3,12.33,Low,12.33,0.0,12.33,0
2019,South Africa,1,Financial Services,Medium,764,1.21,61.2,41.4,26.22,Low,12.33,13.889999999999999,12.33,1
2020,South Africa,1,Financial Services,Medium,702,1.29,57.9,60.2,24.09,Low,26.22,-2.129999999999999,19.275,2
2021,South Africa,1,Financial Services,Medium,457,1.56,54.1,41.3,28.94,Low,24.09,4.850000000000001,20.88,3
2022,South Africa,1,Financial Services,Medium,805,1.42,50.7,37.5,42.59,Medium,28.94,13.650000000000002,26.416666666666668,4
2023,South Africa,1,Financial Services,Medium,686,1.51,51.0,53.2,49.54,Medium,42.59,6.949999999999996,31.873333333333335,5
2024,South Africa,1,Financial Services,Medium,895,1.6,51.3,57.4,60.72,High,49.54,11.18,40.35666666666666,6
2025,South Africa,1,Financial Services,Medium,151,1.33,64.2,42.2,77.11,High,60.72,16.39,50.949999999999996,7
2018,South Africa,1,Financial Services,Small,68,1.27,68.4,66.1,5.2,Low,5.2,0.0,5.2,0
2019,South Africa,1,Financial Services,Small,57,1.1,64.7,51.8,10.04,Low,5.2,4.839999999999999,5.2,1
2020,South Africa,1,Financial Services,Small,46,0.85,71.3,46.9,18.6,Low,10.04,8.560000000000002,7.619999999999999,2
2021,South Africa,1,Financial Services,Small,65,1.48,56.7,63.8,23.11,Low,18.6,4.509999999999998,11.280000000000001,3
2022,South Africa,1,Financial Services,Small,94,0.99,49.0,36.4,27.0,Low,23.11,3.8900000000000006,17.25,4
2023,South Africa,1,Financial Services,Small,18,0.52,52.6,38.5,37.05,Medium,27.0,10.049999999999997,22.903333333333336,5
2024,South Africa,1,Financial Services,Small,86,1.79,51.1,65.4,59.63,High,37.05,22.580000000000005,29.05333333333333,6
2025,South Africa,1,Financial Services,Small,65,0.57,52.5,42.9,50.84,Medium,59.63,-8.79,41.22666666666667,7
2018,South Africa,1,Gaming,Large,24903,1.23,60.8,45.0,33.39,Medium,33.39,0.0,33.39,0
2019,South Africa,1,Gaming,Large,19615,1.4,59.0,49.6,33.88,Medium,33.39,0.490000000000002,33.39,1
2020,South Africa,1,Gaming,Large,1813,1.39,60.0,50.9,40.16,Medium,33.88,6.279999999999994,33.635000000000005,2
2021,South Africa,1,Gaming,Large,6505,0.98,68.5,59.8,56.5,High,40.16,16.340000000000003,35.81,3
2022,South Africa,1,Gaming,Large,38111,1.14,43.3,59.3,58.79,High,56.5,2.289999999999999,43.51333333333333,4
2023,South Africa,1,Gaming,Large,22200,1.09,54.1,59.5,63.78,High,58.79,4.990000000000002,51.81666666666666,5
2024,South Africa,1,Gaming,Large,41378,0.68,60.8,56.6,71.97,High,63.78,8.189999999999998,59.69,6
2025,South Africa,1,Gaming,Large,10324,0.77,68.8,47.5,80.37,High,71.97,8.400000000000006,64.84666666666668,7
2018,South Africa,1,Gaming,Medium,166,1.06,65.7,46.4,18.86,Low,18.86,0.0,18.86,0
2019,South Africa,1,Gaming,Medium,524,1.23,50.4,42.0,25.57,Low,18.86,6.710000000000001,18.86,1
2020,South Africa,1,Gaming,Medium,300,1.43,85.1,44.8,28.38,Low,25.57,2.8099999999999987,22.215,2
2021,South Africa,1,Gaming,Medium,363,1.57,57.5,53.9,37.22,Medium,28.38,8.84,24.27,3
2022,South Africa,1,Gaming,Medium,477,0.93,59.5,41.5,37.58,Medium,37.22,0.35999999999999943,30.39,4
2023,South Africa,1,Gaming,Medium,493,0.98,64.4,55.5,57.77,High,37.58,20.190000000000005,34.39333333333333,5
2024,South Africa,1,Gaming,Medium,420,1.55,54.5,67.2,57.79,High,57.77,0.01999999999999602,44.19,6
2025,South Africa,1,Gaming,Medium,628,0.64,54.6,69.5,74.19,High,57.79,16.4,51.04666666666666,7
2018,South Africa,1,Gaming,Small,57,1.06,72.6,52.0,2.0,Low,2.0,0.0,2.0,0
2019,South Africa,1,Gaming,Small,98,1.22,71.1,78.5,13.04,Low,2.0,11.04,2.0,1
2020,South Africa,1,Gaming,Small,50,0.81,48.5,47.5,18.81,Low,13.04,5.77,7.52,2
2021,South Africa,1,Gaming,Small,17,1.13,61.0,58.7,22.12,Low,18.81,3.3100000000000023,11.283333333333331,3
2022,South Africa,1,Gaming,Small,63,1.24,70.3,56.7,26.89,Low,22.12,4.77,17.99,4
2023,South Africa,1,Gaming,Small,67,1.21,64.4,60.1,33.97,Medium,26.89,7.079999999999998,22.606666666666666,5
2024,South Africa,1,Gaming,Small,99,0.88,67.0,61.2,59.97,High,33.97,26.0,27.659999999999997,6
2025,South Africa,1,Gaming,Small,38,1.54,68.2,49.5,78.42,High,59.97,18.450000000000003,40.276666666666664,7
2018,South Africa,1,Government,Large,8824,1.13,44.1,56.8,2.7,Low,2.7,0.0,2.7,0
2019,South Africa,1,Government,Large,25918,1.36,64.1,45.3,16.33,Low,2.7,13.629999999999999,2.7,1
2020,South Africa,1,Government,Large,47337,1.1,55.0,50.1,12.35,Low,16.33,-3.9799999999999986,9.514999999999999,2
2021,South Africa,1,Government,Large,14472,1.26,65.6,47.5,28.54,Low,12.35,16.189999999999998,10.459999999999999,3
2022,South Africa,1,Government,Large,1163,1.16,59.3,37.5,36.2,Medium,28.54,7.660000000000004,19.073333333333334,4
2023,South Africa,1,Government,Large,32790,1.4,69.8,32.0,42.56,Medium,36.2,6.359999999999999,25.69666666666667,5
2024,South Africa,1,Government,Large,5481,1.11,85.3,42.9,46.97,Medium,42.56,4.409999999999997,35.76666666666667,6
2025,South Africa,1,Government,Large,18285,1.42,61.4,47.9,49.73,Medium,46.97,2.759999999999998,41.910000000000004,7
2018,South Africa,1,Government,Medium,704,0.88,60.3,22.8,2.0,Low,2.0,0.0,2.0,0
2019,South Africa,1,Government,Medium,877,0.94,59.3,39.9,6.29,Low,2.0,4.29,2.0,1
2020,South Africa,1,Government,Medium,690,1.31,65.8,53.5,13.89,Low,6.29,7.6000000000000005,4.145,2
2021,South Africa,1,Government,Medium,787,1.81,65.5,51.2,30.25,Medium,13.89,16.36,7.3933333333333335,3
2022,South Africa,1,Government,Medium,324,1.27,61.3,32.2,20.07,Low,30.25,-10.18,16.81,4
2023,South Africa,1,Government,Medium,842,1.59,60.7,46.4,35.13,Medium,20.07,15.060000000000002,21.403333333333336,5
2024,South Africa,1,Government,Medium,462,1.31,51.6,37.5,43.35,Medium,35.13,8.219999999999999,28.483333333333334,6
2025,South Africa,1,Government,Medium,184,1.33,55.7,49.7,50.68,Medium,43.35,7.329999999999998,32.85,7
2018,South Africa,1,Government,Small,93,1.54,75.8,44.6,2.0,Low,2.0,0.0,2.0,0
2019,South Africa,1,Government,Small,7,1.36,46.3,47.5,2.0,Low,2.0,0.0,2.0,1
2020,South Africa,1,Government,Small,7,0.83,55.3,37.3,13.14,Low,2.0,11.14,2.0,2
2021,South Africa,1,Government,Small,26,1.06,56.9,43.2,15.56,Low,13.14,2.42,5.713333333333334,3
2022,South Africa,1,Government,Small,84,1.02,69.1,30.5,14.93,Low,15.56,-0.6300000000000008,10.233333333333334,4
2023,South Africa,1,Government,Small,32,1.22,56.8,32.5,24.25,Low,14.93,9.32,14.543333333333335,5
2024,South Africa,1,Government,Small,12,0.85,63.6,57.0,37.09,Medium,24.25,12.840000000000003,18.246666666666666,6
2025,South Africa,1,Government,Small,20,1.73,80.0,41.0,46.57,Medium,37.09,9.479999999999997,25.423333333333336,7
2018,South Africa,1,Healthcare,Large,37637,1.51,58.7,48.5,23.16,Low,23.16,0.0,23.16,0
2019,South Africa,1,Healthcare,Large,46583,1.21,54.8,55.2,27.94,Low,23.16,4.780000000000001,23.16,1
2020,South Africa,1,Healthcare,Large,10764,1.47,40.9,60.3,39.05,Medium,27.94,11.109999999999996,25.55,2
2021,South Africa,1,Healthcare,Large,2569,1.52,53.0,50.6,42.54,Medium,39.05,3.490000000000002,30.05,3
2022,South Africa,1,Healthcare,Large,28745,1.14,62.1,60.0,48.56,Medium,42.54,6.020000000000003,36.51,4
2023,South Africa,1,Healthcare,Large,33862,0.94,55.1,65.4,56.12,High,48.56,7.559999999999995,43.38333333333333,5
2024,South Africa,1,Healthcare,Large,36069,1.22,67.5,51.9,77.49,High,56.12,21.369999999999997,49.07333333333333,6
2025,South Africa,1,Healthcare,Large,30445,1.08,55.2,63.0,73.55,High,77.49,-3.9399999999999977,60.72333333333333,7
2018,South Africa,1,Healthcare,Medium,738,1.43,49.1,79.1,10.96,Low,10.96,0.0,10.96,0
2019,South Africa,1,Healthcare,Medium,722,2.16,62.7,54.6,21.15,Low,10.96,10.189999999999998,10.96,1
2020,South Africa,1,Healthcare,Medium,542,1.08,58.9,51.6,27.34,Low,21.15,6.190000000000001,16.055,2
2021,South Africa,1,Healthcare,Medium,455,0.88,42.2,53.7,33.31,Medium,27.34,5.970000000000002,19.816666666666666,3
2022,South Africa,1,Healthcare,Medium,308,1.12,61.2,68.3,35.63,Medium,33.31,2.3200000000000003,27.26666666666667,4
2023,South Africa,1,Healthcare,Medium,886,1.25,59.9,45.3,47.19,Medium,35.63,11.559999999999995,32.093333333333334,5
2024,South Africa,1,Healthcare,Medium,809,1.38,50.9,70.7,64.23,High,47.19,17.040000000000006,38.71,6
2025,South Africa,1,Healthcare,Medium,731,1.43,64.6,48.2,70.03,High,64.23,5.799999999999997,49.01666666666667,7
2018,South Africa,1,Healthcare,Small,22,0.97,46.4,57.8,5.15,Low,5.15,0.0,5.15,0
2019,South Africa,1,Healthcare,Small,86,0.73,53.7,56.1,9.56,Low,5.15,4.41,5.15,1
2020,South Africa,1,Healthcare,Small,18,0.83,61.6,45.4,22.88,Low,9.56,13.319999999999999,7.355,2
2021,South Africa,1,Healthcare,Small,96,1.1,58.9,54.4,28.91,Low,22.88,6.030000000000001,12.530000000000001,3
2022,South Africa,1,Healthcare,Small,77,1.69,54.7,32.6,21.41,Low,28.91,-7.5,20.45,4
2023,South Africa,1,Healthcare,Small,74,1.37,60.1,52.0,41.4,Medium,21.41,19.99,24.400000000000002,5
2024,South Africa,1,Healthcare,Small,79,0.4,64.5,62.1,43.85,Medium,41.4,2.450000000000003,30.573333333333334,6
2025,South Africa,1,Healthcare,Small,34,1.09,68.0,42.9,53.89,Medium,43.85,10.04,35.553333333333335,7
2018,South Africa,1,Legal,Large,30903,1.51,56.6,47.3,7.22,Low,7.22,0.0,7.22,0
2019,South Africa,1,Legal,Large,5351,1.62,56.6,43.6,12.68,Low,7.22,5.46,7.22,1
2020,South Africa,1,Legal,Large,18597,1.42,69.1,48.4,23.69,Low,12.68,11.010000000000002,9.95,2
2021,South Africa,1,Legal,Large,38064,1.36,48.6,41.4,29.7,Low,23.69,6.009999999999998,14.530000000000001,3
2022,South Africa,1,Legal,Large,20471,1.51,66.7,38.1,45.21,Medium,29.7,15.510000000000002,22.02333333333333,4
2023,South Africa,1,Legal,Large,24443,1.51,62.5,48.4,51.0,Medium,45.21,5.789999999999999,32.86666666666667,5
2024,South Africa,1,Legal,Large,47676,0.72,63.8,28.2,55.59,High,51.0,4.590000000000003,41.97,6
2025,South Africa,1,Legal,Large,47739,0.95,56.9,54.5,67.11,High,55.59,11.519999999999996,50.6,7
2018,South Africa,1,Legal,Medium,876,1.21,48.3,47.2,2.0,Low,2.0,0.0,2.0,0
2019,South Africa,1,Legal,Medium,742,0.88,61.2,57.4,7.2,Low,2.0,5.2,2.0,1
2020,South Africa,1,Legal,Medium,606,1.09,55.0,49.0,16.58,Low,7.2,9.379999999999999,4.6,2
2021,South Africa,1,Legal,Medium,588,1.2,56.4,46.1,13.28,Low,16.58,-3.299999999999999,8.593333333333332,3
2022,South Africa,1,Legal,Medium,422,1.71,64.5,57.9,33.68,Medium,13.28,20.4,12.353333333333332,4
2023,South Africa,1,Legal,Medium,120,0.9,62.1,47.8,36.42,Medium,33.68,2.740000000000002,21.179999999999996,5
2024,South Africa,1,Legal,Medium,929,1.15,57.6,44.7,52.58,Medium,36.42,16.159999999999997,27.793333333333333,6
2025,South Africa,1,Legal,Medium,875,0.95,59.4,42.9,50.13,Medium,52.58,-2.4499999999999957,40.89333333333334,7
2018,South Africa,1,Legal,Small,35,1.21,70.8,35.2,2.0,Low,2.0,0.0,2.0,0
2019,South Africa,1,Legal,Small,68,1.07,50.1,39.6,2.0,Low,2.0,0.0,2.0,1
2020,South Africa,1,Legal,Small,16,1.21,54.0,41.7,2.0,Low,2.0,0.0,2.0,2
2021,South Africa,1,Legal,Small,68,1.26,50.8,47.4,17.48,Low,2.0,15.48,2.0,3
2022,South Africa,1,Legal,Small,29,1.1,53.7,46.9,16.47,Low,17.48,-1.0100000000000016,7.16,4
2023,South Africa,1,Legal,Small,12,1.01,75.9,62.6,29.91,Low,16.47,13.440000000000001,11.983333333333334,5
2024,South Africa,1,Legal,Small,49,0.97,63.8,34.7,44.4,Medium,29.91,14.489999999999998,21.286666666666665,6
2025,South Africa,1,Legal,Small,12,1.57,53.2,64.6,37.81,Medium,44.4,-6.589999999999996,30.26,7
2018,South Africa,1,Manufacturing,Large,27507,1.04,63.8,34.7,19.06,Low,19.06,0.0,19.06,0
2019,South Africa,1,Manufacturing,Large,29418,0.9,57.8,60.6,18.59,Low,19.06,-0.46999999999999886,19.06,1
2020,South Africa,1,Manufacturing,Large,15558,1.26,63.6,42.8,32.55,Medium,18.59,13.959999999999997,18.825,2
2021,South Africa,1,Manufacturing,Large,41870,0.87,66.9,56.6,37.13,Medium,32.55,4.580000000000005,23.399999999999995,3
2022,South Africa,1,Manufacturing,Large,31619,0.84,55.9,57.2,39.31,Medium,37.13,2.1799999999999997,29.423333333333332,4
2023,South Africa,1,Manufacturing,Large,16187,1.21,56.9,48.5,46.88,Medium,39.31,7.57,36.330000000000005,5
2024,South Africa,1,Manufacturing,Large,19919,1.21,39.5,43.4,58.45,High,46.88,11.57,41.10666666666666,6
2025,South Africa,1,Manufacturing,Large,15880,1.17,53.9,69.6,81.16,High,58.45,22.709999999999994,48.21333333333334,7
2018,South Africa,1,Manufacturing,Medium,438,1.13,79.1,42.1,13.1,Low,13.1,0.0,13.1,0
2019,South Africa,1,Manufacturing,Medium,834,1.7,50.3,62.1,12.62,Low,13.1,-0.4800000000000004,13.1,1
2020,South Africa,1,Manufacturing,Medium,815,1.38,53.8,36.2,31.58,Medium,12.62,18.96,12.86,2
2021,South Africa,1,Manufacturing,Medium,799,1.59,58.8,54.0,36.18,Medium,31.58,4.600000000000001,19.099999999999998,3
2022,South Africa,1,Manufacturing,Medium,650,0.97,52.5,34.3,39.0,Medium,36.18,2.8200000000000003,26.793333333333333,4
2023,South Africa,1,Manufacturing,Medium,512,1.54,54.8,49.1,48.83,Medium,39.0,9.829999999999998,35.586666666666666,5
2024,South Africa,1,Manufacturing,Medium,654,1.9,45.7,43.0,55.3,High,48.83,6.469999999999999,41.336666666666666,6
2025,South Africa,1,Manufacturing,Medium,674,1.18,55.4,56.7,66.64,High,55.3,11.340000000000003,47.71,7
2018,South Africa,1,Manufacturing,Small,74,1.2,61.5,49.3,2.0,Low,2.0,0.0,2.0,0
2019,South Africa,1,Manufacturing,Small,47,1.47,56.9,38.6,9.77,Low,2.0,7.77,2.0,1
2020,South Africa,1,Manufacturing,Small,34,1.14,74.9,53.2,16.04,Low,9.77,6.27,5.885,2
2021,South Africa,1,Manufacturing,Small,59,1.72,55.1,60.2,33.95,Medium,16.04,17.910000000000004,9.27,3
2022,South Africa,1,Manufacturing,Small,93,0.54,46.6,59.9,26.58,Low,33.95,-7.3700000000000045,19.92,4
2023,South Africa,1,Manufacturing,Small,63,1.36,56.1,52.6,48.12,Medium,26.58,21.54,25.523333333333337,5
2024,South Africa,1,Manufacturing,Small,19,1.32,64.2,54.5,41.58,Medium,48.12,-6.539999999999999,36.21666666666667,6
2025,South Africa,1,Manufacturing,Small,25,1.53,75.6,53.0,62.29,High,41.58,20.71,38.76,7
2018,South Africa,1,Media & Entertainment,Large,46612,1.44,57.3,58.6,18.79,Low,18.79,0.0,18.79,0
2019,South Africa,1,Media & Entertainment,Large,41479,1.31,47.4,39.7,24.95,Low,18.79,6.16,18.79,1
2020,South Africa,1,Media & Entertainment,Large,6430,1.5,53.7,56.8,41.71,Medium,24.95,16.76,21.869999999999997,2
2021,South Africa,1,Media & Entertainment,Large,35825,0.68,67.0,41.9,52.54,Medium,41.71,10.829999999999998,28.483333333333334,3
2022,South Africa,1,Media & Entertainment,Large,17723,0.82,53.7,52.7,39.81,Medium,52.54,-12.729999999999997,39.73333333333333,4
2023,South Africa,1,Media & Entertainment,Large,24674,1.09,49.7,61.8,56.34,High,39.81,16.53,44.68666666666667,5
2024,South Africa,1,Media & Entertainment,Large,4876,1.27,45.8,53.8,78.46,High,56.34,22.11999999999999,49.56333333333333,6
2025,South Africa,1,Media & Entertainment,Large,11896,1.04,54.8,56.2,90.06,High,78.46,11.600000000000009,58.20333333333334,7
2018,South Africa,1,Media & Entertainment,Medium,303,1.16,55.1,48.5,10.55,Low,10.55,0.0,10.55,0
2019,South Africa,1,Media & Entertainment,Medium,258,0.92,46.9,60.4,17.7,Low,10.55,7.149999999999999,10.55,1
2020,South Africa,1,Media & Entertainment,Medium,289,1.54,66.7,51.0,30.69,Medium,17.7,12.990000000000002,14.125,2
2021,South Africa,1,Media & Entertainment,Medium,297,0.76,64.4,43.8,35.83,Medium,30.69,5.139999999999997,19.646666666666665,3
2022,South Africa,1,Media & Entertainment,Medium,728,1.82,49.9,63.1,39.89,Medium,35.83,4.060000000000002,28.073333333333334,4
2023,South Africa,1,Media & Entertainment,Medium,910,1.26,62.0,53.8,44.45,Medium,39.89,4.560000000000002,35.47,5
2024,South Africa,1,Media & Entertainment,Medium,397,0.76,64.9,55.4,57.75,High,44.45,13.299999999999997,40.056666666666665,6
2025,South Africa,1,Media & Entertainment,Medium,530,1.34,63.4,68.7,65.97,High,57.75,8.219999999999999,47.36333333333334,7
2018,South Africa,1,Media & Entertainment,Small,32,0.9,51.3,57.1,8.55,Low,8.55,0.0,8.55,0
2019,South Africa,1,Media & Entertainment,Small,36,1.58,54.3,30.1,3.99,Low,8.55,-4.5600000000000005,8.55,1
2020,South Africa,1,Media & Entertainment,Small,5,0.9,54.9,48.1,20.91,Low,3.99,16.92,6.2700000000000005,2
2021,South Africa,1,Media & Entertainment,Small,97,0.91,55.8,52.9,22.74,Low,20.91,1.8299999999999983,11.15,3
2022,South Africa,1,Media & Entertainment,Small,51,1.42,62.8,49.5,30.04,Medium,22.74,7.300000000000001,15.88,4
2023,South Africa,1,Media & Entertainment,Small,76,0.9,65.5,68.2,36.31,Medium,30.04,6.270000000000003,24.563333333333333,5
2024,South Africa,1,Media & Entertainment,Small,75,1.27,57.5,24.9,52.62,Medium,36.31,16.309999999999995,29.69666666666667,6
2025,South Africa,1,Media & Entertainment,Small,75,1.26,70.0,52.0,59.42,High,52.62,6.800000000000004,39.656666666666666,7
2018,South Africa,1,Retail,Large,48061,0.79,57.0,49.1,13.81,Low,13.81,0.0,13.81,0
2019,South Africa,1,Retail,Large,39909,1.3,64.4,41.4,19.62,Low,13.81,5.8100000000000005,13.81,1
2020,South Africa,1,Retail,Large,25527,1.18,62.3,61.7,32.04,Medium,19.62,12.419999999999998,16.715,2
2021,South Africa,1,Retail,Large,18921,1.09,58.7,30.7,36.52,Medium,32.04,4.480000000000004,21.823333333333334,3
2022,South Africa,1,Retail,Large,15632,1.32,66.9,53.4,49.44,Medium,36.52,12.919999999999995,29.393333333333334,4
2023,South Africa,1,Retail,Large,23178,1.07,41.0,45.2,49.37,Medium,49.44,-0.07000000000000028,39.333333333333336,5
2024,South Africa,1,Retail,Large,16202,1.21,64.5,55.2,65.8,High,49.37,16.43,45.11000000000001,6
2025,South Africa,1,Retail,Large,3488,1.38,70.4,45.8,84.13,High,65.8,18.33,54.87,7
2018,South Africa,1,Retail,Medium,789,1.24,49.0,46.8,15.35,Low,15.35,0.0,15.35,0
2019,South Africa,1,Retail,Medium,161,1.21,49.5,43.1,11.62,Low,15.35,-3.7300000000000004,15.35,1
2020,South Africa,1,Retail,Medium,394,0.81,66.8,51.8,28.74,Low,11.62,17.119999999999997,13.485,2
2021,South Africa,1,Retail,Medium,931,1.52,62.2,41.5,21.15,Low,28.74,-7.59,18.569999999999997,3
2022,South Africa,1,Retail,Medium,392,1.68,74.4,36.7,40.85,Medium,21.15,19.700000000000003,20.50333333333333,4
2023,South Africa,1,Retail,Medium,706,1.24,73.9,48.5,46.01,Medium,40.85,5.159999999999997,30.24666666666667,5
2024,South Africa,1,Retail,Medium,138,0.8,65.3,13.9,52.54,Medium,46.01,6.530000000000001,36.00333333333334,6
2025,South Africa,1,Retail,Medium,583,0.49,60.0,55.5,63.44,High,52.54,10.899999999999999,46.46666666666667,7
2018,South Africa,1,Retail,Small,89,1.54,63.8,53.9,2.0,Low,2.0,0.0,2.0,0
2019,South Africa,1,Retail,Small,73,1.29,60.0,56.1,8.74,Low,2.0,6.74,2.0,1
2020,South Africa,1,Retail,Small,62,1.03,63.4,35.5,13.55,Low,8.74,4.8100000000000005,5.37,2
2021,South Africa,1,Retail,Small,97,1.21,67.3,57.5,19.01,Low,13.55,5.460000000000001,8.096666666666666,3
2022,South Africa,1,Retail,Small,55,1.33,64.5,37.0,29.18,Low,19.01,10.169999999999998,13.766666666666667,4
2023,South Africa,1,Retail,Small,27,1.38,51.8,43.1,40.58,Medium,29.18,11.399999999999999,20.580000000000002,5
2024,South Africa,1,Retail,Small,35,1.34,60.9,57.9,38.32,Medium,40.58,-2.259999999999998,29.590000000000003,6
2025,South Africa,1,Retail,Small,60,0.79,71.3,67.9,59.28,High,38.32,20.96,36.026666666666664,7
2018,South Africa,1,Technology,Large,21757,1.27,62.1,63.9,28.13,Low,28.13,0.0,28.13,0
2019,South Africa,1,Technology,Large,41080,0.98,49.2,32.7,39.22,Medium,28.13,11.09,28.13,1
2020,South Africa,1,Technology,Large,30980,1.21,56.6,74.2,39.32,Medium,39.22,0.10000000000000142,33.675,2
2021,South Africa,1,Technology,Large,43865,1.77,64.1,60.9,50.7,Medium,39.32,11.380000000000003,35.556666666666665,3
2022,South Africa,1,Technology,Large,44982,1.37,73.5,53.8,56.52,High,50.7,5.82,43.080000000000005,4
2023,South Africa,1,Technology,Large,4460,1.46,71.6,58.4,77.18,High,56.52,20.660000000000004,48.84666666666667,5
2024,South Africa,1,Technology,Large,46517,1.46,51.0,39.8,79.49,High,77.18,2.309999999999988,61.466666666666676,6
2025,South Africa,1,Technology,Large,26702,0.89,53.2,42.3,95.81,High,79.49,16.320000000000007,71.06333333333333,7
2018,South Africa,1,Technology,Medium,633,1.08,57.6,24.5,14.79,Low,14.79,0.0,14.79,0
2019,South Africa,1,Technology,Medium,266,1.07,56.3,44.1,27.95,Low,14.79,13.16,14.79,1
2020,South Africa,1,Technology,Medium,484,1.22,62.7,40.3,32.19,Medium,27.95,4.239999999999998,21.369999999999997,2
2021,South Africa,1,Technology,Medium,865,1.23,62.4,58.6,42.84,Medium,32.19,10.650000000000006,24.976666666666663,3
2022,South Africa,1,Technology,Medium,138,1.34,52.6,42.6,45.74,Medium,42.84,2.8999999999999986,34.32666666666666,4
2023,South Africa,1,Technology,Medium,675,1.12,63.2,43.0,57.63,High,45.74,11.89,40.25666666666667,5
2024,South Africa,1,Technology,Medium,649,1.35,61.6,46.7,61.1,High,57.63,3.469999999999999,48.73666666666667,6
2025,South Africa,1,Technology,Medium,105,1.01,57.7,65.4,78.31,High,61.1,17.21,54.82333333333333,7
2018,South Africa,1,Technology,Small,98,1.33,63.0,51.5,4.91,Low,4.91,0.0,4.91,0
2019,South Africa,1,Technology,Small,59,0.99,69.9,46.7,14.54,Low,4.91,9.629999999999999,4.91,1
2020,South Africa,1,Technology,Small,70,1.24,51.1,50.6,16.67,Low,14.54,2.1300000000000026,9.725,2
2021,South Africa,1,Technology,Small,63,1.22,64.3,55.4,24.27,Low,16.67,7.599999999999998,12.040000000000001,3
2022,South Africa,1,Technology,Small,18,1.65,54.1,79.8,30.67,Medium,24.27,6.400000000000002,18.493333333333336,4
2023,South Africa,1,Technology,Small,11,1.29,48.4,70.7,46.49,Medium,30.67,15.82,23.87,5
2024,South Africa,1,Technology,Small,84,1.37,65.4,73.0,54.79,Medium,46.49,8.299999999999997,33.81,6
2025,South Africa,1,Technology,Small,64,1.78,52.3,53.1,57.34,High,54.79,2.5500000000000043,43.98333333333334,7
2018,South Korea,3,Agriculture,Large,8711,2.39,93.8,89.9,20.91,Low,20.91,0.0,20.91,0
2019,South Korea,3,Agriculture,Large,37176,2.48,99.0,79.7,27.16,Low,20.91,6.25,20.91,1
2020,South Korea,3,Agriculture,Large,32533,2.37,99.0,69.9,27.66,Low,27.16,0.5,24.035,2
2021,South Korea,3,Agriculture,Large,2561,2.61,91.8,81.5,43.04,Medium,27.66,15.379999999999999,25.243333333333336,3
2022,South Korea,3,Agriculture,Large,17139,2.41,98.3,80.7,38.97,Medium,43.04,-4.07,32.62,4
2023,South Korea,3,Agriculture,Large,43837,1.99,99.0,84.0,58.54,High,38.97,19.57,36.556666666666665,5
2024,South Korea,3,Agriculture,Large,49336,2.53,99.0,69.8,67.04,High,58.54,8.500000000000007,46.849999999999994,6
2025,South Korea,3,Agriculture,Large,28188,2.64,99.0,68.9,67.57,High,67.04,0.5299999999999869,54.85,7
2018,South Korea,3,Agriculture,Medium,936,2.48,84.3,69.6,11.32,Low,11.32,0.0,11.32,0
2019,South Korea,3,Agriculture,Medium,570,2.92,84.7,97.4,14.87,Low,11.32,3.549999999999999,11.32,1
2020,South Korea,3,Agriculture,Medium,729,3.08,99.0,88.2,16.92,Low,14.87,2.0500000000000025,13.094999999999999,2
2021,South Korea,3,Agriculture,Medium,804,2.69,99.0,75.6,26.2,Low,16.92,9.279999999999998,14.37,3
2022,South Korea,3,Agriculture,Medium,706,2.62,99.0,81.2,35.96,Medium,26.2,9.760000000000002,19.33,4
2023,South Korea,3,Agriculture,Medium,867,2.79,97.0,89.1,39.39,Medium,35.96,3.4299999999999997,26.360000000000003,5
2024,South Korea,3,Agriculture,Medium,115,2.71,98.7,76.3,50.27,Medium,39.39,10.880000000000003,33.85,6
2025,South Korea,3,Agriculture,Medium,441,2.57,99.0,99.0,56.63,High,50.27,6.359999999999999,41.873333333333335,7
2018,South Korea,3,Agriculture,Small,29,2.46,95.7,89.6,2.0,Low,2.0,0.0,2.0,0
2019,South Korea,3,Agriculture,Small,59,3.1,99.0,79.0,2.74,Low,2.0,0.7400000000000002,2.0,1
2020,South Korea,3,Agriculture,Small,95,2.77,95.2,100.0,16.25,Low,2.74,13.51,2.37,2
2021,South Korea,3,Agriculture,Small,56,2.65,93.3,77.3,27.88,Low,16.25,11.629999999999999,6.996666666666667,3
2022,South Korea,3,Agriculture,Small,86,2.33,99.0,87.1,18.35,Low,27.88,-9.529999999999998,15.623333333333335,4
2023,South Korea,3,Agriculture,Small,33,2.67,95.0,80.7,35.61,Medium,18.35,17.259999999999998,20.826666666666668,5
2024,South Korea,3,Agriculture,Small,92,2.85,99.0,69.5,42.15,Medium,35.61,6.539999999999999,27.28,6
2025,South Korea,3,Agriculture,Small,70,2.47,97.0,85.5,51.14,Medium,42.15,8.990000000000002,32.03666666666667,7
2018,South Korea,3,Automotive,Large,36319,2.73,99.0,95.7,58.09,High,58.09,0.0,58.09,0
2019,South Korea,3,Automotive,Large,38617,2.76,99.0,88.3,69.54,High,58.09,11.450000000000003,58.09,1
2020,South Korea,3,Automotive,Large,24563,2.69,95.2,71.5,76.52,High,69.54,6.97999999999999,63.815000000000005,2
2021,South Korea,3,Automotive,Large,30040,2.17,99.0,91.6,63.34,High,76.52,-13.179999999999993,68.05,3
2022,South Korea,3,Automotive,Large,38390,2.76,99.0,100.0,88.89,High,63.34,25.549999999999997,69.8,4
2023,South Korea,3,Automotive,Large,25680,2.26,84.0,90.4,86.94,High,88.89,-1.9500000000000028,76.25,5
2024,South Korea,3,Automotive,Large,34538,2.49,99.0,88.6,97.0,High,86.94,10.060000000000002,79.72333333333334,6
2025,South Korea,3,Automotive,Large,47290,2.71,99.0,93.0,97.0,High,97.0,0.0,90.94333333333333,7
2018,South Korea,3,Automotive,Medium,215,2.86,99.0,95.6,28.44,Low,28.44,0.0,28.44,0
2019,South Korea,3,Automotive,Medium,607,2.77,99.0,98.7,35.62,Medium,28.44,7.179999999999996,28.44,1
2020,South Korea,3,Automotive,Medium,231,3.05,99.0,100.0,40.11,Medium,35.62,4.490000000000002,32.03,2
2021,South Korea,3,Automotive,Medium,256,2.84,99.0,92.6,48.36,Medium,40.11,8.25,34.72333333333333,3
2022,South Korea,3,Automotive,Medium,689,2.33,99.0,96.9,58.21,High,48.36,9.850000000000001,41.36333333333334,4
2023,South Korea,3,Automotive,Medium,285,2.82,99.0,71.2,71.8,High,58.21,13.589999999999996,48.89333333333334,5
2024,South Korea,3,Automotive,Medium,101,2.8,99.0,92.0,80.02,High,71.8,8.219999999999999,59.45666666666667,6
2025,South Korea,3,Automotive,Medium,775,2.91,99.0,100.0,86.39,High,80.02,6.3700000000000045,70.00999999999999,7
2018,South Korea,3,Automotive,Small,37,2.82,99.0,83.6,10.91,Low,10.91,0.0,10.91,0
2019,South Korea,3,Automotive,Small,72,2.63,93.8,88.9,31.31,Medium,10.91,20.4,10.91,1
2020,South Korea,3,Automotive,Small,86,1.97,99.0,85.8,28.83,Low,31.31,-2.4800000000000004,21.11,2
2021,South Korea,3,Automotive,Small,41,2.69,85.3,83.4,43.17,Medium,28.83,14.340000000000003,23.683333333333334,3
2022,South Korea,3,Automotive,Small,92,2.4,99.0,95.5,43.18,Medium,43.17,0.00999999999999801,34.43666666666667,4
2023,South Korea,3,Automotive,Small,43,2.87,99.0,80.2,53.99,Medium,43.18,10.810000000000002,38.39333333333334,5
2024,South Korea,3,Automotive,Small,48,2.33,89.8,85.1,74.53,High,53.99,20.54,46.78,6
2025,South Korea,3,Automotive,Small,32,2.26,92.4,75.5,73.84,High,74.53,-0.6899999999999977,57.23333333333333,7
2018,South Korea,3,Education,Large,25816,2.49,99.0,79.3,36.43,Medium,36.43,0.0,36.43,0
2019,South Korea,3,Education,Large,46101,2.41,99.0,86.5,46.64,Medium,36.43,10.21,36.43,1
2020,South Korea,3,Education,Large,11633,2.8,97.6,97.4,52.73,Medium,46.64,6.089999999999996,41.535,2
2021,South Korea,3,Education,Large,5861,2.87,98.8,69.6,64.96,High,52.73,12.229999999999997,45.26666666666667,3
2022,South Korea,3,Education,Large,36571,2.63,99.0,100.0,62.86,High,64.96,-2.0999999999999943,54.776666666666664,4
2023,South Korea,3,Education,Large,9486,2.42,97.0,70.9,74.85,High,62.86,11.989999999999995,60.18333333333334,5
2024,South Korea,3,Education,Large,25829,2.56,99.0,85.0,88.05,High,74.85,13.200000000000003,67.55666666666666,6
2025,South Korea,3,Education,Large,17746,2.4,95.1,90.3,95.75,High,88.05,7.700000000000003,75.25333333333333,7
2018,South Korea,3,Education,Medium,759,2.29,99.0,100.0,12.57,Low,12.57,0.0,12.57,0
2019,South Korea,3,Education,Medium,907,2.65,99.0,77.9,25.52,Low,12.57,12.95,12.57,1
2020,South Korea,3,Education,Medium,468,3.27,99.0,86.2,30.41,Medium,25.52,4.890000000000001,19.045,2
2021,South Korea,3,Education,Medium,999,2.71,95.6,95.2,36.39,Medium,30.41,5.98,22.833333333333332,3
2022,South Korea,3,Education,Medium,450,1.96,90.3,86.4,47.54,Medium,36.39,11.149999999999999,30.77333333333333,4
2023,South Korea,3,Education,Medium,174,2.13,96.8,76.5,49.17,Medium,47.54,1.6300000000000026,38.11333333333334,5
2024,South Korea,3,Education,Medium,409,2.59,99.0,85.6,62.23,High,49.17,13.059999999999995,44.366666666666674,6
2025,South Korea,3,Education,Medium,574,2.14,97.1,90.7,78.69,High,62.23,16.46,52.98,7
2018,South Korea,3,Education,Small,53,2.49,99.0,83.9,2.0,Low,2.0,0.0,2.0,0
2019,South Korea,3,Education,Small,12,2.69,84.5,97.9,15.88,Low,2.0,13.88,2.0,1
2020,South Korea,3,Education,Small,83,2.28,91.0,100.0,18.97,Low,15.88,3.089999999999998,8.940000000000001,2
2021,South Korea,3,Education,Small,17,2.79,99.0,89.9,24.36,Low,18.97,5.390000000000001,12.283333333333333,3
2022,South Korea,3,Education,Small,66,2.31,99.0,91.7,30.31,Medium,24.36,5.949999999999999,19.736666666666668,4
2023,South Korea,3,Education,Small,36,2.36,99.0,95.9,47.89,Medium,30.31,17.580000000000002,24.546666666666667,5
2024,South Korea,3,Education,Small,26,2.73,99.0,82.7,54.88,Medium,47.89,6.990000000000002,34.18666666666667,6
2025,South Korea,3,Education,Small,13,2.56,96.5,94.1,56.0,High,54.88,1.1199999999999974,44.36000000000001,7
2018,South Korea,3,Financial Services,Large,21191,2.32,99.0,91.3,65.3,High,65.3,0.0,65.3,0
2019,South Korea,3,Financial Services,Large,35560,2.55,90.8,88.3,76.04,High,65.3,10.740000000000009,65.3,1
2020,South Korea,3,Financial Services,Large,1944,2.57,99.0,88.8,74.36,High,76.04,-1.6800000000000068,70.67,2
2021,South Korea,3,Financial Services,Large,47489,2.39,99.0,84.8,82.58,High,74.36,8.219999999999999,71.89999999999999,3
2022,South Korea,3,Financial Services,Large,9273,2.22,99.0,98.9,83.65,High,82.58,1.0700000000000074,77.66,4
2023,South Korea,3,Financial Services,Large,9155,2.82,99.0,93.2,91.73,High,83.65,8.079999999999998,80.19666666666667,5
2024,South Korea,3,Financial Services,Large,49993,3.12,99.0,96.6,97.0,High,91.73,5.269999999999996,85.98666666666668,6
2025,South Korea,3,Financial Services,Large,15322,3.02,90.3,87.3,97.0,High,97.0,0.0,90.79333333333334,7
2018,South Korea,3,Financial Services,Medium,540,2.87,99.0,94.7,35.01,Medium,35.01,0.0,35.01,0
2019,South Korea,3,Financial Services,Medium,789,2.68,97.5,100.0,36.0,Medium,35.01,0.990000000000002,35.01,1
2020,South Korea,3,Financial Services,Medium,799,2.22,99.0,89.9,45.12,Medium,36.0,9.119999999999997,35.504999999999995,2
2021,South Korea,3,Financial Services,Medium,116,2.69,99.0,98.2,50.51,Medium,45.12,5.390000000000001,38.71,3
2022,South Korea,3,Financial Services,Medium,339,2.2,99.0,82.8,75.8,High,50.51,25.29,43.876666666666665,4
2023,South Korea,3,Financial Services,Medium,950,2.65,99.0,84.9,73.58,High,75.8,-2.219999999999999,57.14333333333334,5
2024,South Korea,3,Financial Services,Medium,970,2.73,98.4,74.8,79.19,High,73.58,5.609999999999999,66.63,6
2025,South Korea,3,Financial Services,Medium,757,3.1,96.8,74.6,91.03,High,79.19,11.840000000000003,76.19,7
2018,South Korea,3,Financial Services,Small,98,3.2,96.1,83.9,21.39,Low,21.39,0.0,21.39,0
2019,South Korea,3,Financial Services,Small,90,2.95,96.9,93.0,37.34,Medium,21.39,15.950000000000003,21.39,1
2020,South Korea,3,Financial Services,Small,13,2.66,88.9,91.8,32.74,Medium,37.34,-4.600000000000001,29.365000000000002,2
2021,South Korea,3,Financial Services,Small,82,2.84,99.0,81.4,41.74,Medium,32.74,9.0,30.49,3
2022,South Korea,3,Financial Services,Small,41,2.93,95.3,97.1,49.22,Medium,41.74,7.479999999999997,37.27333333333333,4
2023,South Korea,3,Financial Services,Small,94,2.46,98.2,93.0,52.07,Medium,49.22,2.8500000000000014,41.233333333333334,5
2024,South Korea,3,Financial Services,Small,68,2.51,99.0,83.0,68.34,High,52.07,16.270000000000003,47.67666666666667,6
2025,South Korea,3,Financial Services,Small,58,2.36,99.0,97.6,68.46,High,68.34,0.11999999999999034,56.54333333333333,7
2018,South Korea,3,Gaming,Large,2600,2.66,99.0,92.6,58.99,High,58.99,0.0,58.99,0
2019,South Korea,3,Gaming,Large,10963,2.79,99.0,99.5,74.94,High,58.99,15.949999999999996,58.99,1
2020,South Korea,3,Gaming,Large,2064,3.03,99.0,95.9,80.66,High,74.94,5.719999999999999,66.965,2
2021,South Korea,3,Gaming,Large,18884,2.01,95.2,98.7,84.2,High,80.66,3.5400000000000063,71.53,3
2022,South Korea,3,Gaming,Large,49022,2.64,99.0,83.6,96.21,High,84.2,12.009999999999991,79.93333333333334,4
2023,South Korea,3,Gaming,Large,46180,2.19,97.7,89.1,97.0,High,96.21,0.7900000000000063,87.02333333333333,5
2024,South Korea,3,Gaming,Large,31802,1.97,86.2,96.1,97.0,High,97.0,0.0,92.46999999999998,6
2025,South Korea,3,Gaming,Large,37535,2.76,99.0,97.0,97.0,High,97.0,0.0,96.73666666666668,7
2018,South Korea,3,Gaming,Medium,569,2.53,99.0,100.0,40.45,Medium,40.45,0.0,40.45,0
2019,South Korea,3,Gaming,Medium,519,2.07,97.2,100.0,40.74,Medium,40.45,0.28999999999999915,40.45,1
2020,South Korea,3,Gaming,Medium,395,3.06,93.6,77.7,57.58,High,40.74,16.839999999999996,40.595,2
2021,South Korea,3,Gaming,Medium,882,2.84,99.0,100.0,63.67,High,57.58,6.090000000000003,46.25666666666667,3
2022,South Korea,3,Gaming,Medium,906,2.87,99.0,98.2,66.04,High,63.67,2.3700000000000045,53.99666666666667,4
2023,South Korea,3,Gaming,Medium,942,2.63,86.5,100.0,72.13,High,66.04,6.089999999999989,62.43,5
2024,South Korea,3,Gaming,Medium,760,2.51,97.9,100.0,86.76,High,72.13,14.63000000000001,67.28,6
2025,South Korea,3,Gaming,Medium,440,2.63,95.7,95.9,88.79,High,86.76,2.030000000000001,74.97666666666667,7
2018,South Korea,3,Gaming,Small,65,2.58,99.0,83.7,14.97,Low,14.97,0.0,14.97,0
2019,South Korea,3,Gaming,Small,54,2.55,99.0,84.0,31.63,Medium,14.97,16.659999999999997,14.97,1
2020,South Korea,3,Gaming,Small,39,3.08,93.7,100.0,42.01,Medium,31.63,10.379999999999999,23.3,2
2021,South Korea,3,Gaming,Small,36,2.8,99.0,77.0,41.54,Medium,42.01,-0.46999999999999886,29.53666666666666,3
2022,South Korea,3,Gaming,Small,49,2.42,99.0,100.0,51.17,Medium,41.54,9.630000000000003,38.39333333333333,4
2023,South Korea,3,Gaming,Small,71,2.93,90.9,81.0,54.19,Medium,51.17,3.019999999999996,44.90666666666666,5
2024,South Korea,3,Gaming,Small,78,2.81,97.7,100.0,66.94,High,54.19,12.75,48.96666666666666,6
2025,South Korea,3,Gaming,Small,79,3.09,99.0,96.5,73.19,High,66.94,6.25,57.43333333333334,7
2018,South Korea,3,Government,Large,8485,1.94,96.6,98.9,29.16,Low,29.16,0.0,29.16,0
2019,South Korea,3,Government,Large,25723,2.66,99.0,83.8,34.03,Medium,29.16,4.870000000000001,29.16,1
2020,South Korea,3,Government,Large,34210,1.82,95.9,85.1,33.15,Medium,34.03,-0.8800000000000026,31.595,2
2021,South Korea,3,Government,Large,45291,3.0,99.0,89.2,44.94,Medium,33.15,11.79,32.11333333333334,3
2022,South Korea,3,Government,Large,29500,2.7,93.5,75.2,49.6,Medium,44.94,4.660000000000004,37.373333333333335,4
2023,South Korea,3,Government,Large,2499,2.0,98.1,69.6,58.82,High,49.6,9.219999999999999,42.56333333333333,5
2024,South Korea,3,Government,Large,43278,2.88,99.0,100.0,75.37,High,58.82,16.550000000000004,51.12,6
2025,South Korea,3,Government,Large,7218,2.83,98.5,76.6,76.12,High,75.37,0.75,61.26333333333333,7
2018,South Korea,3,Government,Medium,992,2.57,99.0,70.1,19.09,Low,19.09,0.0,19.09,0
2019,South Korea,3,Government,Medium,359,2.89,99.0,73.3,16.12,Low,19.09,-2.969999999999999,19.09,1
2020,South Korea,3,Government,Medium,816,2.43,96.1,79.2,29.4,Low,16.12,13.279999999999998,17.605,2
2021,South Korea,3,Government,Medium,777,2.4,93.1,87.0,39.59,Medium,29.4,10.190000000000005,21.536666666666665,3
2022,South Korea,3,Government,Medium,554,2.51,95.4,94.2,46.75,Medium,39.59,7.159999999999997,28.37,4
2023,South Korea,3,Government,Medium,941,2.69,98.4,100.0,48.53,Medium,46.75,1.7800000000000011,38.580000000000005,5
2024,South Korea,3,Government,Medium,875,2.34,98.4,86.9,60.67,High,48.53,12.14,44.95666666666667,6
2025,South Korea,3,Government,Medium,491,2.67,95.4,95.2,72.34,High,60.67,11.670000000000002,51.98333333333333,7
2018,South Korea,3,Government,Small,89,2.43,94.7,75.5,5.61,Low,5.61,0.0,5.61,0
2019,South Korea,3,Government,Small,64,2.85,99.0,93.2,6.94,Low,5.61,1.33,5.61,1
2020,South Korea,3,Government,Small,69,2.3,99.0,92.0,18.5,Low,6.94,11.559999999999999,6.275,2
2021,South Korea,3,Government,Small,27,2.53,99.0,92.3,20.98,Low,18.5,2.4800000000000004,10.35,3
2022,South Korea,3,Government,Small,21,2.72,99.0,75.6,22.23,Low,20.98,1.25,15.473333333333334,4
2023,South Korea,3,Government,Small,30,2.39,99.0,74.9,36.26,Medium,22.23,14.029999999999998,20.570000000000004,5
2024,South Korea,3,Government,Small,37,2.3,95.8,88.3,46.54,Medium,36.26,10.280000000000001,26.49,6
2025,South Korea,3,Government,Small,23,2.16,99.0,94.6,56.0,High,46.54,9.46,35.01,7
2018,South Korea,3,Healthcare,Large,4465,2.64,95.6,100.0,54.71,Medium,54.71,0.0,54.71,0
2019,South Korea,3,Healthcare,Large,40520,2.94,99.0,100.0,61.41,High,54.71,6.699999999999996,54.71,1
2020,South Korea,3,Healthcare,Large,34948,2.67,99.0,82.1,65.22,High,61.41,3.8100000000000023,58.06,2
2021,South Korea,3,Healthcare,Large,33782,2.41,93.7,100.0,81.49,High,65.22,16.269999999999996,60.446666666666665,3
2022,South Korea,3,Healthcare,Large,20017,2.52,99.0,98.2,82.2,High,81.49,0.710000000000008,69.37333333333333,4
2023,South Korea,3,Healthcare,Large,48800,2.1,99.0,80.8,88.77,High,82.2,6.569999999999993,76.30333333333333,5
2024,South Korea,3,Healthcare,Large,17040,2.47,99.0,76.7,97.0,High,88.77,8.230000000000004,84.15333333333332,6
2025,South Korea,3,Healthcare,Large,14347,2.79,93.7,82.5,97.0,High,97.0,0.0,89.32333333333332,7
2018,South Korea,3,Healthcare,Medium,660,3.15,99.0,89.7,31.48,Medium,31.48,0.0,31.48,0
2019,South Korea,3,Healthcare,Medium,122,3.15,87.8,91.0,44.06,Medium,31.48,12.580000000000002,31.48,1
2020,South Korea,3,Healthcare,Medium,458,2.83,99.0,88.5,47.47,Medium,44.06,3.4099999999999966,37.77,2
2021,South Korea,3,Healthcare,Medium,927,2.46,99.0,92.0,49.42,Medium,47.47,1.9500000000000028,41.00333333333334,3
2022,South Korea,3,Healthcare,Medium,413,2.24,94.3,100.0,55.87,High,49.42,6.449999999999996,46.98333333333333,4
2023,South Korea,3,Healthcare,Medium,369,2.75,97.4,96.8,72.42,High,55.87,16.550000000000004,50.919999999999995,5
2024,South Korea,3,Healthcare,Medium,508,2.47,94.7,95.5,96.05,High,72.42,23.629999999999995,59.23666666666667,6
2025,South Korea,3,Healthcare,Medium,874,2.15,99.0,99.1,95.7,High,96.05,-0.3499999999999943,74.78000000000002,7
2018,South Korea,3,Healthcare,Small,33,2.45,99.0,75.0,25.69,Low,25.69,0.0,25.69,0
2019,South Korea,3,Healthcare,Small,6,2.33,99.0,90.8,21.1,Low,25.69,-4.59,25.69,1
2020,South Korea,3,Healthcare,Small,49,2.34,99.0,73.0,31.35,Medium,21.1,10.25,23.395000000000003,2
2021,South Korea,3,Healthcare,Small,87,2.45,99.0,100.0,40.04,Medium,31.35,8.689999999999998,26.046666666666667,3
2022,South Korea,3,Healthcare,Small,25,2.6,95.4,93.3,43.88,Medium,40.04,3.8400000000000034,30.830000000000002,4
2023,South Korea,3,Healthcare,Small,88,2.16,99.0,90.3,47.18,Medium,43.88,3.299999999999997,38.42333333333334,5
2024,South Korea,3,Healthcare,Small,16,2.65,99.0,95.5,64.55,High,47.18,17.369999999999997,43.70000000000001,6
2025,South Korea,3,Healthcare,Small,74,2.56,98.4,94.0,72.69,High,64.55,8.14,51.870000000000005,7
2018,South Korea,3,Legal,Large,21872,2.61,99.0,93.5,24.65,Low,24.65,0.0,24.65,0
2019,South Korea,3,Legal,Large,12795,2.21,99.0,70.3,45.37,Medium,24.65,20.72,24.65,1
2020,South Korea,3,Legal,Large,19260,2.24,99.0,86.3,43.3,Medium,45.37,-2.0700000000000003,35.01,2
2021,South Korea,3,Legal,Large,36425,2.27,97.6,79.4,53.42,Medium,43.3,10.120000000000005,37.77333333333333,3
2022,South Korea,3,Legal,Large,39626,2.09,99.0,85.2,66.33,High,53.42,12.909999999999997,47.36333333333332,4
2023,South Korea,3,Legal,Large,14281,2.39,89.4,82.9,71.25,High,66.33,4.920000000000002,54.35,5
2024,South Korea,3,Legal,Large,24123,2.63,99.0,80.4,87.35,High,71.25,16.099999999999994,63.666666666666664,6
2025,South Korea,3,Legal,Large,30312,3.15,89.7,83.3,96.28,High,87.35,8.930000000000007,74.97666666666666,7
2018,South Korea,3,Legal,Medium,511,3.17,86.0,83.7,25.65,Low,25.65,0.0,25.65,0
2019,South Korea,3,Legal,Medium,656,2.79,99.0,95.0,16.66,Low,25.65,-8.989999999999998,25.65,1
2020,South Korea,3,Legal,Medium,173,2.59,97.9,99.7,33.65,Medium,16.66,16.99,21.155,2
2021,South Korea,3,Legal,Medium,429,1.9,90.6,96.8,41.43,Medium,33.65,7.780000000000001,25.319999999999997,3
2022,South Korea,3,Legal,Medium,766,2.64,99.0,88.3,41.09,Medium,41.43,-0.3399999999999963,30.58,4
2023,South Korea,3,Legal,Medium,912,2.95,99.0,88.0,52.56,Medium,41.09,11.469999999999999,38.723333333333336,5
2024,South Korea,3,Legal,Medium,304,2.03,99.0,96.0,69.64,High,52.56,17.08,45.026666666666664,6
2025,South Korea,3,Legal,Medium,517,2.06,85.1,97.8,65.54,High,69.64,-4.099999999999994,54.43,7
2018,South Korea,3,Legal,Small,54,2.39,99.0,77.3,12.48,Low,12.48,0.0,12.48,0
2019,South Korea,3,Legal,Small,99,2.61,99.0,84.2,13.57,Low,12.48,1.0899999999999999,12.48,1
2020,South Korea,3,Legal,Small,44,2.24,99.0,98.2,17.97,Low,13.57,4.399999999999999,13.025,2
2021,South Korea,3,Legal,Small,8,2.81,99.0,83.1,26.33,Low,17.97,8.36,14.673333333333332,3
2022,South Korea,3,Legal,Small,77,2.36,99.0,85.4,36.11,Medium,26.33,9.780000000000001,19.29,4
2023,South Korea,3,Legal,Small,90,2.96,95.2,98.7,41.38,Medium,36.11,5.270000000000003,26.80333333333333,5
2024,South Korea,3,Legal,Small,90,2.67,95.7,98.7,54.94,Medium,41.38,13.559999999999995,34.60666666666666,6
2025,South Korea,3,Legal,Small,40,2.58,86.3,90.9,60.93,High,54.94,5.990000000000002,44.14333333333334,7
2018,South Korea,3,Manufacturing,Large,29389,2.44,97.5,100.0,51.27,Medium,51.27,0.0,51.27,0
2019,South Korea,3,Manufacturing,Large,6285,2.36,99.0,82.2,47.63,Medium,51.27,-3.6400000000000006,51.27,1
2020,South Korea,3,Manufacturing,Large,29552,2.33,99.0,77.9,62.21,High,47.63,14.579999999999998,49.45,2
2021,South Korea,3,Manufacturing,Large,21954,2.45,83.9,77.5,66.7,High,62.21,4.490000000000002,53.70333333333334,3
2022,South Korea,3,Manufacturing,Large,20336,3.1,98.7,88.3,77.16,High,66.7,10.459999999999994,58.846666666666664,4
2023,South Korea,3,Manufacturing,Large,28097,3.05,87.4,81.7,97.0,High,77.16,19.840000000000003,68.69,5
2024,South Korea,3,Manufacturing,Large,26835,2.84,99.0,88.2,94.44,High,97.0,-2.5600000000000023,80.28666666666666,6
2025,South Korea,3,Manufacturing,Large,14200,2.55,99.0,90.6,97.0,High,94.44,2.5600000000000023,89.53333333333335,7
2018,South Korea,3,Manufacturing,Medium,168,2.38,99.0,98.2,25.12,Low,25.12,0.0,25.12,0
2019,South Korea,3,Manufacturing,Medium,765,2.67,99.0,95.0,33.26,Medium,25.12,8.139999999999997,25.12,1
2020,South Korea,3,Manufacturing,Medium,249,2.48,91.0,94.5,42.89,Medium,33.26,9.630000000000003,29.189999999999998,2
2021,South Korea,3,Manufacturing,Medium,827,2.74,94.2,91.3,58.14,High,42.89,15.25,33.75666666666667,3
2022,South Korea,3,Manufacturing,Medium,892,1.72,92.0,100.0,61.58,High,58.14,3.4399999999999977,44.76333333333333,4
2023,South Korea,3,Manufacturing,Medium,108,2.03,99.0,100.0,64.38,High,61.58,2.799999999999997,54.20333333333334,5
2024,South Korea,3,Manufacturing,Medium,649,2.75,99.0,96.9,75.68,High,64.38,11.300000000000011,61.366666666666674,6
2025,South Korea,3,Manufacturing,Medium,129,2.56,98.7,100.0,86.13,High,75.68,10.449999999999989,67.21333333333334,7
2018,South Korea,3,Manufacturing,Small,10,2.89,99.0,80.7,6.51,Low,6.51,0.0,6.51,0
2019,South Korea,3,Manufacturing,Small,63,2.89,99.0,95.2,14.83,Low,6.51,8.32,6.51,1
2020,South Korea,3,Manufacturing,Small,30,2.5,94.4,100.0,34.28,Medium,14.83,19.450000000000003,10.67,2
2021,South Korea,3,Manufacturing,Small,75,2.96,96.2,83.8,29.56,Low,34.28,-4.720000000000002,18.540000000000003,3
2022,South Korea,3,Manufacturing,Small,81,2.49,90.4,80.8,46.27,Medium,29.56,16.710000000000004,26.223333333333333,4
2023,South Korea,3,Manufacturing,Small,77,2.69,90.2,67.1,47.1,Medium,46.27,0.8299999999999983,36.70333333333334,5
2024,South Korea,3,Manufacturing,Small,50,2.66,99.0,80.3,72.69,High,47.1,25.589999999999996,40.97666666666667,6
2025,South Korea,3,Manufacturing,Small,23,2.17,97.9,97.0,70.14,High,72.69,-2.549999999999997,55.35333333333333,7
2018,South Korea,3,Media & Entertainment,Large,23831,2.13,99.0,96.9,55.36,High,55.36,0.0,55.36,0
2019,South Korea,3,Media & Entertainment,Large,34457,2.42,99.0,78.4,61.13,High,55.36,5.770000000000003,55.36,1
2020,South Korea,3,Media & Entertainment,Large,29702,2.02,99.0,95.9,68.9,High,61.13,7.770000000000003,58.245000000000005,2
2021,South Korea,3,Media & Entertainment,Large,47228,2.48,95.9,99.8,66.27,High,68.9,-2.6300000000000097,61.796666666666674,3
2022,South Korea,3,Media & Entertainment,Large,8222,2.56,95.4,74.6,83.89,High,66.27,17.620000000000005,65.43333333333334,4
2023,South Korea,3,Media & Entertainment,Large,26318,2.41,99.0,88.7,97.0,High,83.89,13.11,73.02,5
2024,South Korea,3,Media & Entertainment,Large,2617,2.97,99.0,86.6,97.0,High,97.0,0.0,82.38666666666667,6
2025,South Korea,3,Media & Entertainment,Large,21517,2.62,99.0,79.5,97.0,High,97.0,0.0,92.63,7
2018,South Korea,3,Media & Entertainment,Medium,186,2.34,99.0,97.9,31.63,Medium,31.63,0.0,31.63,0
2019,South Korea,3,Media & Entertainment,Medium,645,2.51,99.0,84.2,39.01,Medium,31.63,7.379999999999999,31.63,1
2020,South Korea,3,Media & Entertainment,Medium,915,2.49,87.3,100.0,52.61,Medium,39.01,13.600000000000001,35.32,2
2021,South Korea,3,Media & Entertainment,Medium,275,2.55,99.0,81.3,55.85,High,52.61,3.240000000000002,41.083333333333336,3
2022,South Korea,3,Media & Entertainment,Medium,753,2.45,94.0,100.0,64.79,High,55.85,8.940000000000005,49.156666666666666,4
2023,South Korea,3,Media & Entertainment,Medium,109,3.15,90.0,96.8,64.07,High,64.79,-0.7200000000000131,57.75,5
2024,South Korea,3,Media & Entertainment,Medium,338,2.81,99.0,92.2,80.52,High,64.07,16.450000000000003,61.56999999999999,6
2025,South Korea,3,Media & Entertainment,Medium,251,2.68,99.0,100.0,90.52,High,80.52,10.0,69.79333333333334,7
2018,South Korea,3,Media & Entertainment,Small,23,2.84,99.0,89.3,26.31,Low,26.31,0.0,26.31,0
2019,South Korea,3,Media & Entertainment,Small,19,2.86,98.3,100.0,30.47,Medium,26.31,4.16,26.31,1
2020,South Korea,3,Media & Entertainment,Small,67,2.28,99.0,99.2,38.66,Medium,30.47,8.189999999999998,28.39,2
2021,South Korea,3,Media & Entertainment,Small,79,2.58,93.2,74.5,40.18,Medium,38.66,1.5200000000000031,31.813333333333333,3
2022,South Korea,3,Media & Entertainment,Small,71,2.21,90.5,97.3,49.81,Medium,40.18,9.630000000000003,36.43666666666667,4
2023,South Korea,3,Media & Entertainment,Small,25,2.47,99.0,90.0,57.09,High,49.81,7.280000000000001,42.88333333333333,5
2024,South Korea,3,Media & Entertainment,Small,77,2.63,99.0,99.7,63.45,High,57.09,6.359999999999999,49.02666666666667,6
2025,South Korea,3,Media & Entertainment,Small,7,2.55,94.1,100.0,78.74,High,63.45,15.289999999999992,56.78333333333333,7
2018,South Korea,3,Retail,Large,2301,2.08,94.2,94.1,49.59,Medium,49.59,0.0,49.59,0
2019,South Korea,3,Retail,Large,17882,2.72,99.0,80.1,52.64,Medium,49.59,3.049999999999997,49.59,1
2020,South Korea,3,Retail,Large,6630,2.25,99.0,100.0,64.23,High,52.64,11.590000000000003,51.115,2
2021,South Korea,3,Retail,Large,2067,2.79,97.9,95.6,59.26,High,64.23,-4.970000000000006,55.48666666666667,3
2022,South Korea,3,Retail,Large,34939,2.57,99.0,81.9,75.73,High,59.26,16.470000000000006,58.71,4
2023,South Korea,3,Retail,Large,4577,2.64,99.0,88.0,93.04,High,75.73,17.310000000000002,66.40666666666668,5
2024,South Korea,3,Retail,Large,42809,2.91,91.5,93.5,91.18,High,93.04,-1.8599999999999994,76.01,6
2025,South Korea,3,Retail,Large,23131,2.37,99.0,94.2,97.0,High,91.18,5.819999999999993,86.65000000000002,7
2018,South Korea,3,Retail,Medium,913,2.55,92.0,72.6,28.21,Low,28.21,0.0,28.21,0
2019,South Korea,3,Retail,Medium,521,2.38,97.9,84.9,33.65,Medium,28.21,5.439999999999998,28.21,1
2020,South Korea,3,Retail,Medium,538,2.93,89.6,82.3,39.49,Medium,33.65,5.840000000000003,30.93,2
2021,South Korea,3,Retail,Medium,629,2.72,99.0,99.6,43.89,Medium,39.49,4.399999999999999,33.78333333333333,3
2022,South Korea,3,Retail,Medium,226,3.18,99.0,100.0,55.3,High,43.89,11.409999999999997,39.01,4
2023,South Korea,3,Retail,Medium,824,2.67,99.0,84.4,72.04,High,55.3,16.74000000000001,46.22666666666667,5
2024,South Korea,3,Retail,Medium,321,2.58,99.0,89.1,80.83,High,72.04,8.789999999999992,57.07666666666666,6
2025,South Korea,3,Retail,Medium,558,2.66,81.2,90.2,87.64,High,80.83,6.810000000000002,69.39,7
2018,South Korea,3,Retail,Small,12,2.54,96.1,91.2,2.82,Low,2.82,0.0,2.82,0
2019,South Korea,3,Retail,Small,46,2.72,86.3,91.1,19.34,Low,2.82,16.52,2.82,1
2020,South Korea,3,Retail,Small,89,2.9,99.0,71.7,24.46,Low,19.34,5.120000000000001,11.08,2
2021,South Korea,3,Retail,Small,74,2.34,93.3,93.2,30.99,Medium,24.46,6.529999999999998,15.540000000000001,3
2022,South Korea,3,Retail,Small,80,3.33,95.3,100.0,37.79,Medium,30.99,6.800000000000001,24.929999999999996,4
2023,South Korea,3,Retail,Small,48,2.24,96.4,94.2,55.65,High,37.79,17.86,31.08,5
2024,South Korea,3,Retail,Small,29,2.78,99.0,94.8,61.25,High,55.65,5.600000000000001,41.47666666666667,6
2025,South Korea,3,Retail,Small,68,2.79,77.6,93.8,62.8,High,61.25,1.5499999999999972,51.56333333333333,7
2018,South Korea,3,Technology,Large,13661,2.84,97.4,100.0,78.69,High,78.69,0.0,78.69,0
2019,South Korea,3,Technology,Large,1064,3.28,98.4,93.4,77.22,High,78.69,-1.4699999999999989,78.69,1
2020,South Korea,3,Technology,Large,49226,2.84,95.0,88.2,90.4,High,77.22,13.180000000000007,77.955,2
2021,South Korea,3,Technology,Large,6967,2.48,99.0,94.4,94.03,High,90.4,3.6299999999999955,82.10333333333334,3
2022,South Korea,3,Technology,Large,17445,2.62,93.8,91.8,97.0,High,94.03,2.969999999999999,87.21666666666665,4
2023,South Korea,3,Technology,Large,17489,2.98,99.0,76.0,97.0,High,97.0,0.0,93.81,5
2024,South Korea,3,Technology,Large,17676,2.72,95.2,100.0,97.0,High,97.0,0.0,96.00999999999999,6
2025,South Korea,3,Technology,Large,5860,2.92,99.0,94.8,97.0,High,97.0,0.0,97.0,7
2018,South Korea,3,Technology,Medium,329,3.01,99.0,93.1,52.25,Medium,52.25,0.0,52.25,0
2019,South Korea,3,Technology,Medium,583,2.51,98.8,85.8,46.01,Medium,52.25,-6.240000000000002,52.25,1
2020,South Korea,3,Technology,Medium,944,2.73,96.3,97.1,66.42,High,46.01,20.410000000000004,49.129999999999995,2
2021,South Korea,3,Technology,Medium,629,2.54,99.0,96.7,63.68,High,66.42,-2.740000000000002,54.89333333333334,3
2022,South Korea,3,Technology,Medium,646,2.32,88.5,90.8,68.84,High,63.68,5.160000000000004,58.70333333333334,4
2023,South Korea,3,Technology,Medium,659,2.28,99.0,99.6,82.2,High,68.84,13.36,66.31333333333335,5
2024,South Korea,3,Technology,Medium,867,2.31,74.9,93.9,83.79,High,82.2,1.5900000000000034,71.57333333333334,6
2025,South Korea,3,Technology,Medium,789,2.14,99.0,93.0,97.0,High,83.79,13.209999999999994,78.27666666666667,7
2018,South Korea,3,Technology,Small,38,2.41,99.0,84.4,27.0,Low,27.0,0.0,27.0,0
2019,South Korea,3,Technology,Small,18,3.23,99.0,100.0,41.02,Medium,27.0,14.020000000000003,27.0,1
2020,South Korea,3,Technology,Small,36,2.56,89.3,100.0,42.44,Medium,41.02,1.4199999999999946,34.010000000000005,2
2021,South Korea,3,Technology,Small,21,2.69,99.0,77.6,49.74,Medium,42.44,7.300000000000004,36.82,3
2022,South Korea,3,Technology,Small,27,2.08,97.9,100.0,55.47,High,49.74,5.729999999999997,44.4,4
2023,South Korea,3,Technology,Small,37,2.35,83.9,96.6,60.62,High,55.47,5.149999999999999,49.21666666666666,5
2024,South Korea,3,Technology,Small,70,2.74,99.0,92.8,65.55,High,60.62,4.93,55.276666666666664,6
2025,South Korea,3,Technology,Small,31,2.35,99.0,91.7,83.45,High,65.55,17.900000000000006,60.54666666666666,7
2018,Sweden,3,Agriculture,Large,24756,2.64,83.2,89.8,17.67,Low,17.67,0.0,17.67,0
2019,Sweden,3,Agriculture,Large,1951,2.71,99.0,80.5,30.39,Medium,17.67,12.719999999999999,17.67,1
2020,Sweden,3,Agriculture,Large,45693,2.96,96.3,81.2,26.02,Low,30.39,-4.370000000000001,24.03,2
2021,Sweden,3,Agriculture,Large,44455,2.59,99.0,85.4,42.05,Medium,26.02,16.029999999999998,24.69333333333333,3
2022,Sweden,3,Agriculture,Large,42532,2.77,99.0,88.3,49.51,Medium,42.05,7.460000000000001,32.82,4
2023,Sweden,3,Agriculture,Large,43774,2.25,99.0,90.6,52.96,Medium,49.51,3.450000000000003,39.19333333333333,5
2024,Sweden,3,Agriculture,Large,22444,2.74,99.0,63.9,60.08,High,52.96,7.119999999999997,48.173333333333325,6
2025,Sweden,3,Agriculture,Large,47113,2.71,92.7,71.3,72.52,High,60.08,12.439999999999998,54.18333333333334,7
2018,Sweden,3,Agriculture,Medium,695,2.84,99.0,95.0,12.52,Low,12.52,0.0,12.52,0
2019,Sweden,3,Agriculture,Medium,473,2.29,94.5,74.0,12.43,Low,12.52,-0.08999999999999986,12.52,1
2020,Sweden,3,Agriculture,Medium,410,2.48,99.0,68.0,17.91,Low,12.43,5.48,12.475,2
2021,Sweden,3,Agriculture,Medium,555,2.62,97.6,83.9,27.39,Low,17.91,9.48,14.286666666666667,3
2022,Sweden,3,Agriculture,Medium,247,2.51,99.0,83.4,31.18,Medium,27.39,3.789999999999999,19.243333333333336,4
2023,Sweden,3,Agriculture,Medium,725,2.34,99.0,91.1,46.69,Medium,31.18,15.509999999999998,25.493333333333336,5
2024,Sweden,3,Agriculture,Medium,235,2.48,97.5,76.4,51.95,Medium,46.69,5.260000000000005,35.086666666666666,6
2025,Sweden,3,Agriculture,Medium,343,2.6,99.0,98.6,54.71,Medium,51.95,2.759999999999998,43.27333333333333,7
2018,Sweden,3,Agriculture,Small,72,2.33,96.8,77.4,2.0,Low,2.0,0.0,2.0,0
2019,Sweden,3,Agriculture,Small,78,2.89,99.0,77.4,2.0,Low,2.0,0.0,2.0,1
2020,Sweden,3,Agriculture,Small,62,2.45,82.6,89.6,3.94,Low,2.0,1.94,2.0,2
2021,Sweden,3,Agriculture,Small,69,2.49,83.7,96.3,18.53,Low,3.94,14.590000000000002,2.6466666666666665,3
2022,Sweden,3,Agriculture,Small,33,2.67,99.0,85.1,24.98,Low,18.53,6.449999999999999,8.156666666666666,4
2023,Sweden,3,Agriculture,Small,28,2.69,98.2,85.1,32.51,Medium,24.98,7.529999999999998,15.816666666666668,5
2024,Sweden,3,Agriculture,Small,31,2.32,92.4,71.0,54.75,Medium,32.51,22.240000000000002,25.34,6
2025,Sweden,3,Agriculture,Small,28,2.26,99.0,95.1,49.69,Medium,54.75,-5.060000000000002,37.413333333333334,7
2018,Sweden,3,Automotive,Large,40430,2.61,98.3,87.8,59.09,High,59.09,0.0,59.09,0
2019,Sweden,3,Automotive,Large,9139,2.33,99.0,87.2,65.57,High,59.09,6.47999999999999,59.09,1
2020,Sweden,3,Automotive,Large,46949,2.27,98.9,92.4,57.17,High,65.57,-8.399999999999991,62.33,2
2021,Sweden,3,Automotive,Large,15962,2.18,99.0,72.4,74.15,High,57.17,16.980000000000004,60.60999999999999,3
2022,Sweden,3,Automotive,Large,38185,2.87,99.0,78.5,80.38,High,74.15,6.22999999999999,65.63,4
2023,Sweden,3,Automotive,Large,23547,2.61,98.9,100.0,90.82,High,80.38,10.439999999999998,70.56666666666666,5
2024,Sweden,3,Automotive,Large,4623,2.49,96.1,83.6,95.07,High,90.82,4.25,81.78333333333332,6
2025,Sweden,3,Automotive,Large,47410,3.0,99.0,91.8,97.0,High,95.07,1.9300000000000068,88.75666666666666,7
2018,Sweden,3,Automotive,Medium,539,2.57,99.0,83.7,35.33,Medium,35.33,0.0,35.33,0
2019,Sweden,3,Automotive,Medium,689,2.55,89.4,93.5,42.1,Medium,35.33,6.770000000000003,35.33,1
2020,Sweden,3,Automotive,Medium,481,3.13,98.9,100.0,51.61,Medium,42.1,9.509999999999998,38.715,2
2021,Sweden,3,Automotive,Medium,830,2.58,99.0,81.9,55.7,High,51.61,4.090000000000003,43.01333333333333,3
2022,Sweden,3,Automotive,Medium,606,2.44,99.0,96.3,61.03,High,55.7,5.329999999999998,49.803333333333335,4
2023,Sweden,3,Automotive,Medium,761,2.28,99.0,96.7,71.78,High,61.03,10.75,56.11333333333334,5
2024,Sweden,3,Automotive,Medium,291,2.57,97.3,90.7,89.11,High,71.78,17.33,62.836666666666666,6
2025,Sweden,3,Automotive,Medium,431,2.89,99.0,77.5,93.67,High,89.11,4.560000000000002,73.97333333333334,7
2018,Sweden,3,Automotive,Small,68,2.4,99.0,88.5,16.83,Low,16.83,0.0,16.83,0
2019,Sweden,3,Automotive,Small,79,2.76,99.0,84.7,24.89,Low,16.83,8.060000000000002,16.83,1
2020,Sweden,3,Automotive,Small,8,2.96,99.0,86.2,27.61,Low,24.89,2.719999999999999,20.86,2
2021,Sweden,3,Automotive,Small,13,3.13,96.6,86.5,45.54,Medium,27.61,17.93,23.11,3
2022,Sweden,3,Automotive,Small,60,3.07,96.2,88.5,48.15,Medium,45.54,2.6099999999999994,32.68,4
2023,Sweden,3,Automotive,Small,23,2.53,84.7,85.7,57.43,High,48.15,9.280000000000001,40.43333333333333,5
2024,Sweden,3,Automotive,Small,37,2.25,99.0,70.7,60.79,High,57.43,3.3599999999999994,50.373333333333335,6
2025,Sweden,3,Automotive,Small,70,2.6,99.0,93.7,77.55,High,60.79,16.759999999999998,55.45666666666667,7
2018,Sweden,3,Education,Large,29783,2.25,96.6,96.1,39.69,Medium,39.69,0.0,39.69,0
2019,Sweden,3,Education,Large,34678,2.66,99.0,100.0,44.48,Medium,39.69,4.789999999999999,39.69,1
2020,Sweden,3,Education,Large,10448,2.94,99.0,78.8,47.33,Medium,44.48,2.8500000000000014,42.084999999999994,2
2021,Sweden,3,Education,Large,21829,2.17,96.3,100.0,47.57,Medium,47.33,0.240000000000002,43.833333333333336,3
2022,Sweden,3,Education,Large,47857,2.59,99.0,77.6,64.26,High,47.57,16.690000000000005,46.46,4
2023,Sweden,3,Education,Large,5127,3.15,86.1,94.8,70.43,High,64.26,6.170000000000002,53.05333333333334,5
2024,Sweden,3,Education,Large,28623,2.29,95.8,91.7,92.99,High,70.43,22.559999999999988,60.75333333333333,6
2025,Sweden,3,Education,Large,30908,2.84,87.2,86.9,92.75,High,92.99,-0.23999999999999488,75.89333333333333,7
2018,Sweden,3,Education,Medium,923,2.84,90.2,97.4,18.9,Low,18.9,0.0,18.9,0
2019,Sweden,3,Education,Medium,127,2.83,99.0,93.9,36.78,Medium,18.9,17.880000000000003,18.9,1
2020,Sweden,3,Education,Medium,259,2.49,92.7,80.6,44.86,Medium,36.78,8.079999999999998,27.84,2
2021,Sweden,3,Education,Medium,302,3.32,90.8,72.8,39.58,Medium,44.86,-5.280000000000001,33.51333333333333,3
2022,Sweden,3,Education,Medium,391,2.2,99.0,90.8,45.39,Medium,39.58,5.810000000000002,40.406666666666666,4
2023,Sweden,3,Education,Medium,318,2.62,91.3,83.3,59.96,High,45.39,14.57,43.276666666666664,5
2024,Sweden,3,Education,Medium,355,2.44,94.0,93.4,71.3,High,59.96,11.339999999999996,48.31,6
2025,Sweden,3,Education,Medium,546,2.75,99.0,79.0,80.22,High,71.3,8.920000000000002,58.883333333333326,7
2018,Sweden,3,Education,Small,11,2.06,89.4,81.8,11.87,Low,11.87,0.0,11.87,0
2019,Sweden,3,Education,Small,35,2.19,99.0,98.7,21.68,Low,11.87,9.81,11.87,1
2020,Sweden,3,Education,Small,39,2.77,95.5,100.0,28.55,Low,21.68,6.870000000000001,16.775,2
2021,Sweden,3,Education,Small,8,2.77,88.1,81.2,26.2,Low,28.55,-2.3500000000000014,20.7,3
2022,Sweden,3,Education,Small,98,2.26,99.0,77.5,28.27,Low,26.2,2.0700000000000003,25.47666666666667,4
2023,Sweden,3,Education,Small,26,2.71,99.0,75.8,46.34,Medium,28.27,18.070000000000004,27.673333333333332,5
2024,Sweden,3,Education,Small,67,2.42,86.1,76.1,59.41,High,46.34,13.069999999999993,33.60333333333333,6
2025,Sweden,3,Education,Small,79,2.45,96.8,79.0,60.38,High,59.41,0.970000000000006,44.673333333333325,7
2018,Sweden,3,Financial Services,Large,27221,2.86,96.6,100.0,69.02,High,69.02,0.0,69.02,0
2019,Sweden,3,Financial Services,Large,17951,2.21,86.0,100.0,66.58,High,69.02,-2.4399999999999977,69.02,1
2020,Sweden,3,Financial Services,Large,47599,2.73,99.0,86.1,71.27,High,66.58,4.689999999999998,67.8,2
2021,Sweden,3,Financial Services,Large,29484,2.55,87.0,69.8,90.95,High,71.27,19.680000000000007,68.95666666666666,3
2022,Sweden,3,Financial Services,Large,30959,2.91,90.7,86.4,87.95,High,90.95,-3.0,76.26666666666667,4
2023,Sweden,3,Financial Services,Large,17928,2.36,98.1,79.6,93.74,High,87.95,5.789999999999992,83.39,5
2024,Sweden,3,Financial Services,Large,10166,2.89,90.6,85.3,97.0,High,93.74,3.260000000000005,90.88,6
2025,Sweden,3,Financial Services,Large,34517,3.08,97.3,95.8,97.0,High,97.0,0.0,92.89666666666666,7
2018,Sweden,3,Financial Services,Medium,453,2.58,93.6,100.0,42.16,Medium,42.16,0.0,42.16,0
2019,Sweden,3,Financial Services,Medium,614,2.91,96.3,88.9,52.4,Medium,42.16,10.240000000000002,42.16,1
2020,Sweden,3,Financial Services,Medium,852,2.24,94.9,76.9,52.1,Medium,52.4,-0.29999999999999716,47.28,2
2021,Sweden,3,Financial Services,Medium,870,2.31,90.4,93.5,64.4,High,52.1,12.300000000000004,48.88666666666666,3
2022,Sweden,3,Financial Services,Medium,980,2.46,99.0,90.9,70.17,High,64.4,5.769999999999996,56.300000000000004,4
2023,Sweden,3,Financial Services,Medium,228,2.78,96.5,76.4,72.23,High,70.17,2.0600000000000023,62.223333333333336,5
2024,Sweden,3,Financial Services,Medium,975,2.48,93.6,86.1,82.32,High,72.23,10.08999999999999,68.93333333333334,6
2025,Sweden,3,Financial Services,Medium,669,2.52,99.0,83.2,86.9,High,82.32,4.5800000000000125,74.90666666666667,7
2018,Sweden,3,Financial Services,Small,12,2.8,99.0,99.2,25.18,Low,25.18,0.0,25.18,0
2019,Sweden,3,Financial Services,Small,37,2.69,99.0,99.2,28.73,Low,25.18,3.5500000000000007,25.18,1
2020,Sweden,3,Financial Services,Small,59,2.89,99.0,98.3,43.06,Medium,28.73,14.330000000000002,26.955,2
2021,Sweden,3,Financial Services,Small,76,2.65,99.0,90.8,37.43,Medium,43.06,-5.630000000000003,32.32333333333333,3
2022,Sweden,3,Financial Services,Small,41,2.61,85.3,90.3,49.17,Medium,37.43,11.740000000000002,36.406666666666666,4
2023,Sweden,3,Financial Services,Small,86,2.73,95.2,93.4,64.7,High,49.17,15.530000000000001,43.22,5
2024,Sweden,3,Financial Services,Small,85,2.44,87.4,89.9,70.66,High,64.7,5.959999999999994,50.43333333333334,6
2025,Sweden,3,Financial Services,Small,41,2.39,99.0,92.8,83.07,High,70.66,12.409999999999997,61.51,7
2018,Sweden,3,Gaming,Large,30362,2.99,95.9,84.5,72.75,High,72.75,0.0,72.75,0
2019,Sweden,3,Gaming,Large,46179,2.25,99.0,94.2,80.84,High,72.75,8.090000000000003,72.75,1
2020,Sweden,3,Gaming,Large,37423,2.62,92.4,100.0,85.92,High,80.84,5.079999999999998,76.795,2
2021,Sweden,3,Gaming,Large,13108,2.86,99.0,98.2,82.25,High,85.92,-3.6700000000000017,79.83666666666666,3
2022,Sweden,3,Gaming,Large,2086,2.21,98.9,100.0,97.0,High,82.25,14.75,83.00333333333333,4
2023,Sweden,3,Gaming,Large,23805,2.55,80.8,90.1,97.0,High,97.0,0.0,88.39,5
2024,Sweden,3,Gaming,Large,26093,3.0,99.0,95.2,97.0,High,97.0,0.0,92.08333333333333,6
2025,Sweden,3,Gaming,Large,47957,2.64,99.0,79.4,97.0,High,97.0,0.0,97.0,7
2018,Sweden,3,Gaming,Medium,166,2.63,95.3,100.0,41.36,Medium,41.36,0.0,41.36,0
2019,Sweden,3,Gaming,Medium,755,2.16,99.0,100.0,50.21,Medium,41.36,8.850000000000001,41.36,1
2020,Sweden,3,Gaming,Medium,148,2.76,99.0,97.1,63.9,High,50.21,13.689999999999998,45.785,2
2021,Sweden,3,Gaming,Medium,275,2.37,96.5,100.0,65.0,High,63.9,1.1000000000000014,51.82333333333333,3
2022,Sweden,3,Gaming,Medium,855,2.83,98.1,90.5,69.32,High,65.0,4.319999999999993,59.70333333333334,4
2023,Sweden,3,Gaming,Medium,137,2.31,99.0,100.0,72.79,High,69.32,3.470000000000013,66.07333333333332,5
2024,Sweden,3,Gaming,Medium,484,2.23,99.0,85.0,94.75,High,72.79,21.959999999999994,69.03666666666668,6
2025,Sweden,3,Gaming,Medium,286,2.26,98.9,98.3,97.0,High,94.75,2.25,78.95333333333333,7
2018,Sweden,3,Gaming,Small,99,2.65,99.0,100.0,29.11,Low,29.11,0.0,29.11,0
2019,Sweden,3,Gaming,Small,97,2.5,99.0,96.1,24.16,Low,29.11,-4.949999999999999,29.11,1
2020,Sweden,3,Gaming,Small,62,2.42,99.0,79.6,39.7,Medium,24.16,15.540000000000003,26.634999999999998,2
2021,Sweden,3,Gaming,Small,34,2.46,99.0,91.7,50.11,Medium,39.7,10.409999999999997,30.99,3
2022,Sweden,3,Gaming,Small,98,2.45,99.0,85.0,56.2,High,50.11,6.090000000000003,37.99,4
2023,Sweden,3,Gaming,Small,78,2.67,94.4,92.5,58.11,High,56.2,1.9099999999999966,48.669999999999995,5
2024,Sweden,3,Gaming,Small,51,2.44,88.5,81.0,75.2,High,58.11,17.090000000000003,54.80666666666667,6
2025,Sweden,3,Gaming,Small,15,2.85,99.0,97.6,85.39,High,75.2,10.189999999999998,63.169999999999995,7
2018,Sweden,3,Government,Large,37752,2.47,93.2,95.8,22.37,Low,22.37,0.0,22.37,0
2019,Sweden,3,Government,Large,44642,3.27,92.4,92.8,30.24,Medium,22.37,7.869999999999997,22.37,1
2020,Sweden,3,Government,Large,35126,2.39,99.0,87.5,41.2,Medium,30.24,10.960000000000004,26.305,2
2021,Sweden,3,Government,Large,1825,2.8,99.0,84.0,48.31,Medium,41.2,7.109999999999999,31.27,3
2022,Sweden,3,Government,Large,44736,2.51,99.0,74.1,60.15,High,48.31,11.839999999999996,39.916666666666664,4
2023,Sweden,3,Government,Large,13769,2.48,99.0,94.1,66.97,High,60.15,6.82,49.88666666666666,5
2024,Sweden,3,Government,Large,42353,2.31,90.8,79.0,68.91,High,66.97,1.9399999999999977,58.47666666666667,6
2025,Sweden,3,Government,Large,6773,2.73,99.0,81.6,80.78,High,68.91,11.870000000000005,65.34333333333332,7
2018,Sweden,3,Government,Medium,835,2.37,98.0,77.7,16.38,Low,16.38,0.0,16.38,0
2019,Sweden,3,Government,Medium,780,2.45,97.4,97.1,15.73,Low,16.38,-0.6499999999999986,16.38,1
2020,Sweden,3,Government,Medium,298,2.71,99.0,95.3,28.25,Low,15.73,12.52,16.055,2
2021,Sweden,3,Government,Medium,275,2.9,99.0,94.2,33.81,Medium,28.25,5.560000000000002,20.12,3
2022,Sweden,3,Government,Medium,397,2.57,99.0,71.8,35.57,Medium,33.81,1.759999999999998,25.930000000000003,4
2023,Sweden,3,Government,Medium,686,2.2,98.3,93.4,54.76,Medium,35.57,19.189999999999998,32.54333333333333,5
2024,Sweden,3,Government,Medium,737,2.31,99.0,84.1,52.11,Medium,54.76,-2.6499999999999986,41.38,6
2025,Sweden,3,Government,Medium,839,2.99,99.0,95.0,60.06,High,52.11,7.950000000000003,47.48,7
2018,Sweden,3,Government,Small,8,3.09,99.0,81.2,16.0,Low,16.0,0.0,16.0,0
2019,Sweden,3,Government,Small,57,2.76,93.2,85.2,12.71,Low,16.0,-3.289999999999999,16.0,1
2020,Sweden,3,Government,Small,13,2.78,93.8,74.2,10.46,Low,12.71,-2.25,14.355,2
2021,Sweden,3,Government,Small,81,2.66,99.0,82.5,33.45,Medium,10.46,22.990000000000002,13.056666666666667,3
2022,Sweden,3,Government,Small,55,2.67,95.2,68.5,31.32,Medium,33.45,-2.1300000000000026,18.873333333333335,4
2023,Sweden,3,Government,Small,28,2.54,99.0,100.0,42.01,Medium,31.32,10.689999999999998,25.076666666666668,5
2024,Sweden,3,Government,Small,89,2.96,99.0,90.6,48.62,Medium,42.01,6.609999999999999,35.593333333333334,6
2025,Sweden,3,Government,Small,66,2.6,82.1,98.7,59.24,High,48.62,10.620000000000005,40.65,7
2018,Sweden,3,Healthcare,Large,41272,3.23,99.0,94.4,63.8,High,63.8,0.0,63.8,0
2019,Sweden,3,Healthcare,Large,48417,2.49,96.7,98.4,71.66,High,63.8,7.859999999999999,63.8,1
2020,Sweden,3,Healthcare,Large,12976,2.78,99.0,81.2,75.3,High,71.66,3.6400000000000006,67.72999999999999,2
2021,Sweden,3,Healthcare,Large,15134,2.69,91.8,99.2,81.32,High,75.3,6.019999999999996,70.25333333333333,3
2022,Sweden,3,Healthcare,Large,1059,2.69,85.4,100.0,88.62,High,81.32,7.300000000000011,76.09333333333332,4
2023,Sweden,3,Healthcare,Large,30467,2.72,99.0,84.5,97.0,High,88.62,8.379999999999995,81.74666666666667,5
2024,Sweden,3,Healthcare,Large,46207,2.94,99.0,95.7,97.0,High,97.0,0.0,88.98,6
2025,Sweden,3,Healthcare,Large,23349,2.77,99.0,95.1,97.0,High,97.0,0.0,94.20666666666666,7
2018,Sweden,3,Healthcare,Medium,460,2.39,98.9,81.4,45.09,Medium,45.09,0.0,45.09,0
2019,Sweden,3,Healthcare,Medium,219,2.81,92.2,100.0,40.53,Medium,45.09,-4.560000000000002,45.09,1
2020,Sweden,3,Healthcare,Medium,334,2.52,99.0,83.4,50.38,Medium,40.53,9.850000000000001,42.81,2
2021,Sweden,3,Healthcare,Medium,989,2.44,90.9,90.3,61.45,High,50.38,11.07,45.333333333333336,3
2022,Sweden,3,Healthcare,Medium,148,2.82,99.0,86.4,67.62,High,61.45,6.170000000000002,50.78666666666667,4
2023,Sweden,3,Healthcare,Medium,897,3.09,99.0,100.0,68.27,High,67.62,0.6499999999999915,59.81666666666667,5
2024,Sweden,3,Healthcare,Medium,536,2.34,93.7,93.8,92.63,High,68.27,24.36,65.78000000000002,6
2025,Sweden,3,Healthcare,Medium,608,2.51,97.4,95.7,97.0,High,92.63,4.3700000000000045,76.17333333333333,7
2018,Sweden,3,Healthcare,Small,60,2.37,99.0,100.0,28.13,Low,28.13,0.0,28.13,0
2019,Sweden,3,Healthcare,Small,72,2.49,99.0,88.5,29.37,Low,28.13,1.240000000000002,28.13,1
2020,Sweden,3,Healthcare,Small,85,2.66,99.0,88.7,42.8,Medium,29.37,13.429999999999996,28.75,2
2021,Sweden,3,Healthcare,Small,62,2.51,99.0,88.8,38.99,Medium,42.8,-3.809999999999995,33.43333333333333,3
2022,Sweden,3,Healthcare,Small,42,2.96,99.0,100.0,51.6,Medium,38.99,12.61,37.053333333333335,4
2023,Sweden,3,Healthcare,Small,12,2.54,99.0,90.8,52.81,Medium,51.6,1.2100000000000009,44.46333333333333,5
2024,Sweden,3,Healthcare,Small,79,2.7,99.0,84.3,68.17,High,52.81,15.36,47.800000000000004,6
2025,Sweden,3,Healthcare,Small,7,2.65,99.0,74.4,83.69,High,68.17,15.519999999999996,57.526666666666664,7
2018,Sweden,3,Legal,Large,19150,2.67,99.0,90.6,40.34,Medium,40.34,0.0,40.34,0
2019,Sweden,3,Legal,Large,49028,2.92,93.9,91.6,40.06,Medium,40.34,-0.28000000000000114,40.34,1
2020,Sweden,3,Legal,Large,41563,2.47,99.0,79.4,49.8,Medium,40.06,9.739999999999995,40.2,2
2021,Sweden,3,Legal,Large,16979,2.66,99.0,75.1,54.94,Medium,49.8,5.140000000000001,43.4,3
2022,Sweden,3,Legal,Large,19467,2.46,99.0,82.4,70.61,High,54.94,15.670000000000002,48.26666666666667,4
2023,Sweden,3,Legal,Large,9719,2.37,99.0,83.5,67.53,High,70.61,-3.0799999999999983,58.449999999999996,5
2024,Sweden,3,Legal,Large,38172,2.05,99.0,84.6,66.74,High,67.53,-0.7900000000000063,64.36,6
2025,Sweden,3,Legal,Large,43773,2.46,99.0,81.8,86.57,High,66.74,19.83,68.29333333333334,7
2018,Sweden,3,Legal,Medium,886,2.88,99.0,94.6,21.08,Low,21.08,0.0,21.08,0
2019,Sweden,3,Legal,Medium,777,2.96,93.5,66.7,28.38,Low,21.08,7.300000000000001,21.08,1
2020,Sweden,3,Legal,Medium,184,2.4,92.0,93.5,42.39,Medium,28.38,14.010000000000002,24.729999999999997,2
2021,Sweden,3,Legal,Medium,679,2.23,97.4,99.0,43.37,Medium,42.39,0.9799999999999969,30.616666666666664,3
2022,Sweden,3,Legal,Medium,449,2.85,97.0,75.6,41.06,Medium,43.37,-2.309999999999995,38.04666666666666,4
2023,Sweden,3,Legal,Medium,810,2.94,99.0,75.2,56.37,High,41.06,15.309999999999995,42.27333333333333,5
2024,Sweden,3,Legal,Medium,829,2.79,91.9,99.1,59.63,High,56.37,3.260000000000005,46.93333333333334,6
2025,Sweden,3,Legal,Medium,951,2.68,78.7,90.0,83.94,High,59.63,24.309999999999995,52.35333333333333,7
2018,Sweden,3,Legal,Small,71,2.31,99.0,95.1,11.98,Low,11.98,0.0,11.98,0
2019,Sweden,3,Legal,Small,65,2.81,99.0,94.6,3.28,Low,11.98,-8.700000000000001,11.98,1
2020,Sweden,3,Legal,Small,31,2.57,97.4,100.0,26.99,Low,3.28,23.709999999999997,7.63,2
2021,Sweden,3,Legal,Small,67,2.2,99.0,80.3,27.03,Low,26.99,0.0400000000000027,14.083333333333334,3
2022,Sweden,3,Legal,Small,87,2.66,93.9,81.7,29.52,Low,27.03,2.4899999999999984,19.099999999999998,4
2023,Sweden,3,Legal,Small,72,2.58,99.0,67.6,56.51,High,29.52,26.99,27.846666666666664,5
2024,Sweden,3,Legal,Small,69,2.13,99.0,92.4,59.35,High,56.51,2.8400000000000034,37.68666666666667,6
2025,Sweden,3,Legal,Small,32,2.81,99.0,82.2,58.43,High,59.35,-0.9200000000000017,48.46,7
2018,Sweden,3,Manufacturing,Large,32862,2.13,99.0,86.7,56.98,High,56.98,0.0,56.98,0
2019,Sweden,3,Manufacturing,Large,12865,2.69,99.0,75.9,58.02,High,56.98,1.0400000000000063,56.98,1
2020,Sweden,3,Manufacturing,Large,41349,2.88,99.0,100.0,63.07,High,58.02,5.049999999999997,57.5,2
2021,Sweden,3,Manufacturing,Large,32611,2.71,99.0,97.0,73.95,High,63.07,10.880000000000003,59.35666666666666,3
2022,Sweden,3,Manufacturing,Large,40334,3.08,99.0,100.0,77.88,High,73.95,3.9299999999999926,65.01333333333334,4
2023,Sweden,3,Manufacturing,Large,31024,2.68,95.7,74.2,97.0,High,77.88,19.120000000000005,71.63333333333334,5
2024,Sweden,3,Manufacturing,Large,46646,2.86,96.3,97.5,97.0,High,97.0,0.0,82.94333333333334,6
2025,Sweden,3,Manufacturing,Large,5876,3.02,99.0,99.5,97.0,High,97.0,0.0,90.62666666666667,7
2018,Sweden,3,Manufacturing,Medium,600,2.66,99.0,77.3,39.78,Medium,39.78,0.0,39.78,0
2019,Sweden,3,Manufacturing,Medium,307,2.45,99.0,100.0,44.08,Medium,39.78,4.299999999999997,39.78,1
2020,Sweden,3,Manufacturing,Medium,640,3.43,99.0,91.2,46.08,Medium,44.08,2.0,41.93,2
2021,Sweden,3,Manufacturing,Medium,396,1.73,99.0,91.0,58.64,High,46.08,12.560000000000002,43.31333333333333,3
2022,Sweden,3,Manufacturing,Medium,717,2.45,99.0,92.3,62.99,High,58.64,4.350000000000001,49.6,4
2023,Sweden,3,Manufacturing,Medium,630,2.18,99.0,90.8,73.01,High,62.99,10.020000000000003,55.903333333333336,5
2024,Sweden,3,Manufacturing,Medium,518,2.58,99.0,89.3,72.78,High,73.01,-0.23000000000000398,64.88,6
2025,Sweden,3,Manufacturing,Medium,590,2.7,99.0,85.7,94.09,High,72.78,21.310000000000002,69.59333333333335,7
2018,Sweden,3,Manufacturing,Small,53,2.85,99.0,98.8,12.8,Low,12.8,0.0,12.8,0
2019,Sweden,3,Manufacturing,Small,86,2.99,90.6,100.0,21.34,Low,12.8,8.54,12.8,1
2020,Sweden,3,Manufacturing,Small,83,2.36,94.4,86.0,41.23,Medium,21.34,19.889999999999997,17.07,2
2021,Sweden,3,Manufacturing,Small,83,2.6,97.4,77.6,35.67,Medium,41.23,-5.559999999999995,25.123333333333335,3
2022,Sweden,3,Manufacturing,Small,92,2.58,99.0,95.4,38.87,Medium,35.67,3.1999999999999957,32.74666666666667,4
2023,Sweden,3,Manufacturing,Small,36,2.15,99.0,80.5,51.24,Medium,38.87,12.370000000000005,38.589999999999996,5
2024,Sweden,3,Manufacturing,Small,95,2.73,99.0,89.5,58.5,High,51.24,7.259999999999998,41.92666666666667,6
2025,Sweden,3,Manufacturing,Small,30,2.2,99.0,78.2,64.89,High,58.5,6.390000000000001,49.53666666666667,7
2018,Sweden,3,Media & Entertainment,Large,15725,2.43,88.3,100.0,52.85,Medium,52.85,0.0,52.85,0
2019,Sweden,3,Media & Entertainment,Large,21042,2.38,99.0,99.3,65.37,High,52.85,12.520000000000003,52.85,1
2020,Sweden,3,Media & Entertainment,Large,15691,2.71,96.8,89.7,73.63,High,65.37,8.259999999999991,59.11,2
2021,Sweden,3,Media & Entertainment,Large,18010,2.4,77.0,84.2,76.7,High,73.63,3.0700000000000074,63.949999999999996,3
2022,Sweden,3,Media & Entertainment,Large,19286,2.38,99.0,78.1,92.6,High,76.7,15.899999999999991,71.89999999999999,4
2023,Sweden,3,Media & Entertainment,Large,45452,2.81,99.0,79.7,90.79,High,92.6,-1.809999999999988,80.97666666666667,5
2024,Sweden,3,Media & Entertainment,Large,9524,2.65,99.0,83.4,97.0,High,90.79,6.209999999999994,86.69666666666667,6
2025,Sweden,3,Media & Entertainment,Large,35759,2.32,91.2,84.7,97.0,High,97.0,0.0,93.46333333333332,7
2018,Sweden,3,Media & Entertainment,Medium,151,2.66,91.2,100.0,35.95,Medium,35.95,0.0,35.95,0
2019,Sweden,3,Media & Entertainment,Medium,606,3.33,91.8,82.6,45.7,Medium,35.95,9.75,35.95,1
2020,Sweden,3,Media & Entertainment,Medium,312,2.69,94.5,82.3,53.37,Medium,45.7,7.669999999999995,40.825,2
2021,Sweden,3,Media & Entertainment,Medium,985,2.69,93.0,100.0,55.8,High,53.37,2.4299999999999997,45.00666666666667,3
2022,Sweden,3,Media & Entertainment,Medium,675,2.62,91.8,100.0,63.23,High,55.8,7.43,51.623333333333335,4
2023,Sweden,3,Media & Entertainment,Medium,644,3.19,94.9,84.6,73.28,High,63.23,10.050000000000004,57.46666666666666,5
2024,Sweden,3,Media & Entertainment,Medium,429,2.36,95.8,97.2,78.99,High,73.28,5.709999999999994,64.10333333333334,6
2025,Sweden,3,Media & Entertainment,Medium,134,3.3,98.6,94.0,82.81,High,78.99,3.8200000000000074,71.83333333333333,7
2018,Sweden,3,Media & Entertainment,Small,91,2.72,97.7,91.7,13.5,Low,13.5,0.0,13.5,0
2019,Sweden,3,Media & Entertainment,Small,42,3.09,98.9,86.6,29.4,Low,13.5,15.899999999999999,13.5,1
2020,Sweden,3,Media & Entertainment,Small,78,2.36,93.7,100.0,36.03,Medium,29.4,6.630000000000003,21.45,2
2021,Sweden,3,Media & Entertainment,Small,78,2.99,93.0,100.0,44.17,Medium,36.03,8.14,26.310000000000002,3
2022,Sweden,3,Media & Entertainment,Small,91,2.56,99.0,100.0,54.25,Medium,44.17,10.079999999999998,36.53333333333333,4
2023,Sweden,3,Media & Entertainment,Small,86,2.52,99.0,96.1,64.15,High,54.25,9.900000000000006,44.81666666666666,5
2024,Sweden,3,Media & Entertainment,Small,17,2.8,94.6,94.4,69.63,High,64.15,5.47999999999999,54.19,6
2025,Sweden,3,Media & Entertainment,Small,74,2.19,87.7,93.8,71.33,High,69.63,1.7000000000000028,62.67666666666667,7
2018,Sweden,3,Retail,Large,32403,2.61,99.0,97.8,39.56,Medium,39.56,0.0,39.56,0
2019,Sweden,3,Retail,Large,31447,1.95,97.8,100.0,56.31,High,39.56,16.75,39.56,1
2020,Sweden,3,Retail,Large,20344,2.44,89.9,94.3,55.66,High,56.31,-0.6500000000000057,47.935,2
2021,Sweden,3,Retail,Large,39753,2.63,94.7,90.0,72.17,High,55.66,16.510000000000005,50.51,3
2022,Sweden,3,Retail,Large,14304,2.42,99.0,78.1,74.95,High,72.17,2.780000000000001,61.379999999999995,4
2023,Sweden,3,Retail,Large,11057,2.66,99.0,90.8,90.77,High,74.95,15.819999999999993,67.59333333333333,5
2024,Sweden,3,Retail,Large,44130,2.96,99.0,91.9,93.25,High,90.77,2.480000000000004,79.29666666666667,6
2025,Sweden,3,Retail,Large,28330,2.57,97.6,84.5,97.0,High,93.25,3.75,86.32333333333332,7
2018,Sweden,3,Retail,Medium,180,2.57,85.1,94.9,26.05,Low,26.05,0.0,26.05,0
2019,Sweden,3,Retail,Medium,829,2.96,99.0,95.8,36.46,Medium,26.05,10.41,26.05,1
2020,Sweden,3,Retail,Medium,874,2.61,99.0,88.8,47.39,Medium,36.46,10.93,31.255000000000003,2
2021,Sweden,3,Retail,Medium,217,1.99,96.5,100.0,46.16,Medium,47.39,-1.230000000000004,36.63333333333333,3
2022,Sweden,3,Retail,Medium,258,2.82,99.0,82.7,64.6,High,46.16,18.439999999999998,43.336666666666666,4
2023,Sweden,3,Retail,Medium,703,2.73,95.3,89.9,74.07,High,64.6,9.469999999999999,52.71666666666666,5
2024,Sweden,3,Retail,Medium,980,2.93,89.2,72.5,77.93,High,74.07,3.8600000000000136,61.60999999999999,6
2025,Sweden,3,Retail,Medium,931,2.46,99.0,100.0,88.57,High,77.93,10.639999999999986,72.19999999999999,7
2018,Sweden,3,Retail,Small,98,2.47,99.0,96.4,15.94,Low,15.94,0.0,15.94,0
2019,Sweden,3,Retail,Small,19,2.56,99.0,89.7,21.11,Low,15.94,5.17,15.94,1
2020,Sweden,3,Retail,Small,96,2.52,99.0,83.0,29.06,Low,21.11,7.949999999999999,18.525,2
2021,Sweden,3,Retail,Small,7,2.98,94.8,92.0,35.47,Medium,29.06,6.41,22.036666666666665,3
2022,Sweden,3,Retail,Small,74,2.28,97.8,80.0,44.12,Medium,35.47,8.649999999999999,28.546666666666667,4
2023,Sweden,3,Retail,Small,13,3.07,78.3,79.1,56.88,High,44.12,12.760000000000005,36.21666666666667,5
2024,Sweden,3,Retail,Small,57,3.04,99.0,91.1,57.53,High,56.88,0.6499999999999986,45.49,6
2025,Sweden,3,Retail,Small,43,2.56,99.0,95.5,82.7,High,57.53,25.17,52.843333333333334,7
2018,Sweden,3,Technology,Large,36103,3.38,94.6,92.5,72.78,High,72.78,0.0,72.78,0
2019,Sweden,3,Technology,Large,13152,2.08,99.0,91.2,85.29,High,72.78,12.510000000000005,72.78,1
2020,Sweden,3,Technology,Large,35288,2.46,93.3,80.3,75.14,High,85.29,-10.150000000000006,79.035,2
2021,Sweden,3,Technology,Large,12432,2.82,99.0,100.0,95.59,High,75.14,20.450000000000003,77.73666666666666,3
2022,Sweden,3,Technology,Large,49900,2.79,99.0,90.8,97.0,High,95.59,1.4099999999999966,85.33999999999999,4
2023,Sweden,3,Technology,Large,15201,2.67,99.0,94.2,97.0,High,97.0,0.0,89.24333333333334,5
2024,Sweden,3,Technology,Large,12895,2.83,86.6,100.0,97.0,High,97.0,0.0,96.53000000000002,6
2025,Sweden,3,Technology,Large,27220,2.48,99.0,80.3,97.0,High,97.0,0.0,97.0,7
2018,Sweden,3,Technology,Medium,669,2.19,99.0,100.0,46.67,Medium,46.67,0.0,46.67,0
2019,Sweden,3,Technology,Medium,655,2.41,99.0,81.0,47.84,Medium,46.67,1.1700000000000017,46.67,1
2020,Sweden,3,Technology,Medium,194,2.32,93.9,76.8,64.31,High,47.84,16.47,47.255,2
2021,Sweden,3,Technology,Medium,773,3.03,99.0,92.2,70.6,High,64.31,6.289999999999992,52.94,3
2022,Sweden,3,Technology,Medium,899,2.8,99.0,100.0,76.13,High,70.6,5.530000000000001,60.916666666666664,4
2023,Sweden,3,Technology,Medium,860,2.39,95.0,96.8,86.25,High,76.13,10.120000000000005,70.34666666666666,5
2024,Sweden,3,Technology,Medium,514,2.02,92.2,77.3,97.0,High,86.25,10.75,77.66,6
2025,Sweden,3,Technology,Medium,752,3.32,99.0,85.9,97.0,High,97.0,0.0,86.46,7
2018,Sweden,3,Technology,Small,77,2.75,99.0,100.0,34.46,Medium,34.46,0.0,34.46,0
2019,Sweden,3,Technology,Small,70,2.78,91.9,90.9,40.28,Medium,34.46,5.82,34.46,1
2020,Sweden,3,Technology,Small,80,2.72,99.0,89.4,41.92,Medium,40.28,1.6400000000000006,37.370000000000005,2
2021,Sweden,3,Technology,Small,97,2.83,99.0,100.0,57.45,High,41.92,15.530000000000001,38.88666666666666,3
2022,Sweden,3,Technology,Small,9,2.42,89.2,93.1,54.74,Medium,57.45,-2.710000000000001,46.550000000000004,4
2023,Sweden,3,Technology,Small,29,2.26,99.0,100.0,60.78,High,54.74,6.039999999999999,51.370000000000005,5
2024,Sweden,3,Technology,Small,54,2.22,96.6,90.6,74.09,High,60.78,13.310000000000002,57.65666666666667,6
2025,Sweden,3,Technology,Small,82,2.35,99.0,100.0,81.14,High,74.09,7.049999999999997,63.20333333333334,7
2018,United Kingdom,3,Agriculture,Large,28167,2.07,99.0,95.5,13.07,Low,13.07,0.0,13.07,0
2019,United Kingdom,3,Agriculture,Large,18502,2.51,98.1,97.9,31.64,Medium,13.07,18.57,13.07,1
2020,United Kingdom,3,Agriculture,Large,4970,2.8,92.6,71.9,26.44,Low,31.64,-5.199999999999999,22.355,2
2021,United Kingdom,3,Agriculture,Large,47233,2.17,99.0,94.5,37.28,Medium,26.44,10.84,23.71666666666667,3
2022,United Kingdom,3,Agriculture,Large,15925,2.34,99.0,76.9,43.35,Medium,37.28,6.07,31.786666666666672,4
2023,United Kingdom,3,Agriculture,Large,12284,2.36,99.0,72.4,64.76,High,43.35,21.410000000000004,35.690000000000005,5
2024,United Kingdom,3,Agriculture,Large,23689,2.37,99.0,65.8,61.09,High,64.76,-3.6700000000000017,48.46333333333334,6
2025,United Kingdom,3,Agriculture,Large,47569,2.79,99.0,84.4,69.81,High,61.09,8.719999999999999,56.400000000000006,7
2018,United Kingdom,3,Agriculture,Medium,137,2.49,98.5,58.4,9.16,Low,9.16,0.0,9.16,0
2019,United Kingdom,3,Agriculture,Medium,855,2.62,94.0,86.9,10.54,Low,9.16,1.379999999999999,9.16,1
2020,United Kingdom,3,Agriculture,Medium,135,2.58,99.0,82.0,23.89,Low,10.54,13.350000000000001,9.85,2
2021,United Kingdom,3,Agriculture,Medium,772,2.75,99.0,89.7,24.68,Low,23.89,0.7899999999999991,14.530000000000001,3
2022,United Kingdom,3,Agriculture,Medium,204,2.36,99.0,77.2,32.15,Medium,24.68,7.469999999999999,19.703333333333333,4
2023,United Kingdom,3,Agriculture,Medium,410,2.27,99.0,73.4,41.76,Medium,32.15,9.61,26.906666666666666,5
2024,United Kingdom,3,Agriculture,Medium,938,2.41,99.0,86.8,54.46,Medium,41.76,12.700000000000003,32.86333333333334,6
2025,United Kingdom,3,Agriculture,Medium,833,3.04,99.0,84.8,64.1,High,54.46,9.639999999999993,42.79,7
2018,United Kingdom,3,Agriculture,Small,55,2.72,99.0,88.0,2.0,Low,2.0,0.0,2.0,0
2019,United Kingdom,3,Agriculture,Small,41,2.82,99.0,95.8,2.0,Low,2.0,0.0,2.0,1
2020,United Kingdom,3,Agriculture,Small,99,2.46,97.6,79.7,6.53,Low,2.0,4.53,2.0,2
2021,United Kingdom,3,Agriculture,Small,56,2.27,99.0,100.0,16.92,Low,6.53,10.39,3.5100000000000002,3
2022,United Kingdom,3,Agriculture,Small,22,2.04,96.0,88.9,36.48,Medium,16.92,19.559999999999995,8.483333333333334,4
2023,United Kingdom,3,Agriculture,Small,49,2.51,99.0,83.4,30.25,Medium,36.48,-6.229999999999997,19.976666666666667,5
2024,United Kingdom,3,Agriculture,Small,56,2.84,86.4,82.6,48.01,Medium,30.25,17.759999999999998,27.883333333333336,6
2025,United Kingdom,3,Agriculture,Small,69,2.4,98.9,99.4,59.12,High,48.01,11.11,38.24666666666666,7
2018,United Kingdom,3,Automotive,Large,13500,3.13,99.0,78.8,61.22,High,61.22,0.0,61.22,0
2019,United Kingdom,3,Automotive,Large,23331,2.89,99.0,100.0,64.27,High,61.22,3.049999999999997,61.22,1
2020,United Kingdom,3,Automotive,Large,12109,2.92,99.0,93.2,74.51,High,64.27,10.240000000000009,62.745,2
2021,United Kingdom,3,Automotive,Large,48661,2.91,89.9,80.7,73.39,High,74.51,-1.1200000000000045,66.66666666666667,3
2022,United Kingdom,3,Automotive,Large,4770,2.73,99.0,80.2,88.76,High,73.39,15.370000000000005,70.72333333333334,4
2023,United Kingdom,3,Automotive,Large,40159,2.48,98.6,62.5,90.32,High,88.76,1.559999999999988,78.88666666666667,5
2024,United Kingdom,3,Automotive,Large,43684,2.74,99.0,92.4,97.0,High,90.32,6.680000000000007,84.15666666666667,6
2025,United Kingdom,3,Automotive,Large,23491,2.37,99.0,78.3,97.0,High,97.0,0.0,92.02666666666666,7
2018,United Kingdom,3,Automotive,Medium,718,2.33,99.0,100.0,43.91,Medium,43.91,0.0,43.91,0
2019,United Kingdom,3,Automotive,Medium,665,2.85,99.0,87.3,37.88,Medium,43.91,-6.029999999999994,43.91,1
2020,United Kingdom,3,Automotive,Medium,282,2.64,90.6,100.0,64.69,High,37.88,26.809999999999995,40.894999999999996,2
2021,United Kingdom,3,Automotive,Medium,632,2.35,99.0,69.4,56.72,High,64.69,-7.969999999999999,48.82666666666666,3
2022,United Kingdom,3,Automotive,Medium,331,2.83,98.4,89.9,61.32,High,56.72,4.600000000000001,53.096666666666664,4
2023,United Kingdom,3,Automotive,Medium,690,3.07,92.8,66.9,68.87,High,61.32,7.550000000000004,60.91,5
2024,United Kingdom,3,Automotive,Medium,578,2.79,95.2,86.1,85.09,High,68.87,16.22,62.303333333333335,6
2025,United Kingdom,3,Automotive,Medium,516,2.97,97.9,100.0,91.76,High,85.09,6.670000000000002,71.76,7
2018,United Kingdom,3,Automotive,Small,40,2.22,99.0,92.0,25.61,Low,25.61,0.0,25.61,0
2019,United Kingdom,3,Automotive,Small,26,1.88,97.4,74.5,41.44,Medium,25.61,15.829999999999998,25.61,1
2020,United Kingdom,3,Automotive,Small,85,3.04,99.0,86.2,36.87,Medium,41.44,-4.57,33.525,2
2021,United Kingdom,3,Automotive,Small,47,2.83,99.0,78.8,36.38,Medium,36.87,-0.4899999999999949,34.63999999999999,3
2022,United Kingdom,3,Automotive,Small,84,2.74,99.0,100.0,43.81,Medium,36.38,7.43,38.23,4
2023,United Kingdom,3,Automotive,Small,85,2.65,86.3,84.9,47.91,Medium,43.81,4.099999999999994,39.02,5
2024,United Kingdom,3,Automotive,Small,90,2.09,98.9,83.1,75.15,High,47.91,27.24000000000001,42.699999999999996,6
2025,United Kingdom,3,Automotive,Small,84,2.78,94.8,88.7,84.53,High,75.15,9.379999999999995,55.623333333333335,7
2018,United Kingdom,3,Education,Large,5151,2.76,99.0,90.6,34.2,Medium,34.2,0.0,34.2,0
2019,United Kingdom,3,Education,Large,19066,2.83,90.0,87.5,48.87,Medium,34.2,14.669999999999995,34.2,1
2020,United Kingdom,3,Education,Large,5515,2.54,92.8,91.1,43.08,Medium,48.87,-5.789999999999999,41.535,2
2021,United Kingdom,3,Education,Large,33305,2.27,99.0,85.6,67.86,High,43.08,24.78,42.050000000000004,3
2022,United Kingdom,3,Education,Large,4775,2.75,92.1,73.7,66.57,High,67.86,-1.2900000000000063,53.27,4
2023,United Kingdom,3,Education,Large,46656,2.5,99.0,87.0,76.96,High,66.57,10.39,59.169999999999995,5
2024,United Kingdom,3,Education,Large,37382,2.47,99.0,95.4,79.82,High,76.96,2.8599999999999994,70.46333333333332,6
2025,United Kingdom,3,Education,Large,16700,2.21,99.0,84.2,95.96,High,79.82,16.14,74.44999999999999,7
2018,United Kingdom,3,Education,Medium,307,2.94,84.9,96.1,24.63,Low,24.63,0.0,24.63,0
2019,United Kingdom,3,Education,Medium,860,2.58,83.8,93.2,26.95,Low,24.63,2.3200000000000003,24.63,1
2020,United Kingdom,3,Education,Medium,833,2.75,99.0,96.0,33.56,Medium,26.95,6.610000000000003,25.79,2
2021,United Kingdom,3,Education,Medium,846,2.64,99.0,90.9,43.23,Medium,33.56,9.669999999999995,28.38,3
2022,United Kingdom,3,Education,Medium,722,2.79,88.4,81.5,50.85,Medium,43.23,7.6200000000000045,34.580000000000005,4
2023,United Kingdom,3,Education,Medium,304,3.12,93.9,81.7,57.73,High,50.85,6.8799999999999955,42.54666666666667,5
2024,United Kingdom,3,Education,Medium,541,2.24,82.3,85.4,67.66,High,57.73,9.93,50.60333333333333,6
2025,United Kingdom,3,Education,Medium,670,3.17,96.7,89.2,73.86,High,67.66,6.200000000000003,58.74666666666667,7
2018,United Kingdom,3,Education,Small,80,2.51,99.0,71.6,3.1,Low,3.1,0.0,3.1,0
2019,United Kingdom,3,Education,Small,33,2.94,95.3,100.0,14.88,Low,3.1,11.780000000000001,3.1,1
2020,United Kingdom,3,Education,Small,99,2.47,94.2,95.0,32.43,Medium,14.88,17.549999999999997,8.99,2
2021,United Kingdom,3,Education,Small,31,2.52,99.0,85.8,30.05,Medium,32.43,-2.379999999999999,16.80333333333333,3
2022,United Kingdom,3,Education,Small,45,2.61,99.0,100.0,30.91,Medium,30.05,0.8599999999999994,25.786666666666665,4
2023,United Kingdom,3,Education,Small,45,2.5,91.9,88.2,42.75,Medium,30.91,11.84,31.130000000000006,5
2024,United Kingdom,3,Education,Small,92,2.47,96.3,100.0,43.23,Medium,42.75,0.4799999999999969,34.57,6
2025,United Kingdom,3,Education,Small,17,2.75,99.0,88.2,67.47,High,43.23,24.240000000000002,38.96333333333333,7
2018,United Kingdom,3,Financial Services,Large,25406,2.54,99.0,100.0,70.06,High,70.06,0.0,70.06,0
2019,United Kingdom,3,Financial Services,Large,5311,2.45,91.8,93.6,77.93,High,70.06,7.8700000000000045,70.06,1
2020,United Kingdom,3,Financial Services,Large,21800,2.78,99.0,85.3,76.96,High,77.93,-0.9700000000000131,73.995,2
2021,United Kingdom,3,Financial Services,Large,33471,2.45,95.9,81.0,87.58,High,76.96,10.620000000000005,74.98333333333333,3
2022,United Kingdom,3,Financial Services,Large,7691,2.32,99.0,82.3,91.0,High,87.58,3.4200000000000017,80.82333333333334,4
2023,United Kingdom,3,Financial Services,Large,39179,2.54,99.0,85.0,97.0,High,91.0,6.0,85.17999999999999,5
2024,United Kingdom,3,Financial Services,Large,27751,2.34,99.0,96.9,97.0,High,97.0,0.0,91.86,6
2025,United Kingdom,3,Financial Services,Large,30482,2.79,99.0,84.1,97.0,High,97.0,0.0,95.0,7
2018,United Kingdom,3,Financial Services,Medium,432,2.83,99.0,100.0,37.06,Medium,37.06,0.0,37.06,0
2019,United Kingdom,3,Financial Services,Medium,500,2.6,99.0,100.0,48.34,Medium,37.06,11.280000000000001,37.06,1
2020,United Kingdom,3,Financial Services,Medium,871,2.89,88.1,100.0,57.97,High,48.34,9.629999999999995,42.7,2
2021,United Kingdom,3,Financial Services,Medium,778,2.62,89.7,100.0,62.38,High,57.97,4.410000000000004,47.79,3
2022,United Kingdom,3,Financial Services,Medium,731,2.55,99.0,93.6,62.51,High,62.38,0.12999999999999545,56.23,4
2023,United Kingdom,3,Financial Services,Medium,178,2.54,99.0,93.4,82.13,High,62.51,19.619999999999997,60.95333333333334,5
2024,United Kingdom,3,Financial Services,Medium,829,2.41,93.6,68.5,90.07,High,82.13,7.939999999999998,69.00666666666666,6
2025,United Kingdom,3,Financial Services,Medium,468,3.03,92.9,77.8,95.66,High,90.07,5.590000000000003,78.23666666666666,7
2018,United Kingdom,3,Financial Services,Small,98,2.58,99.0,86.2,24.02,Low,24.02,0.0,24.02,0
2019,United Kingdom,3,Financial Services,Small,17,2.52,99.0,75.6,31.76,Medium,24.02,7.740000000000002,24.02,1
2020,United Kingdom,3,Financial Services,Small,75,2.64,99.0,97.3,37.62,Medium,31.76,5.859999999999996,27.89,2
2021,United Kingdom,3,Financial Services,Small,61,2.9,93.7,99.7,47.13,Medium,37.62,9.510000000000005,31.133333333333336,3
2022,United Kingdom,3,Financial Services,Small,81,2.4,95.4,98.4,47.84,Medium,47.13,0.7100000000000009,38.836666666666666,4
2023,United Kingdom,3,Financial Services,Small,70,2.87,98.2,86.4,65.93,High,47.84,18.090000000000003,44.196666666666665,5
2024,United Kingdom,3,Financial Services,Small,70,2.37,99.0,100.0,69.61,High,65.93,3.6799999999999926,53.63333333333333,6
2025,United Kingdom,3,Financial Services,Small,77,2.74,99.0,72.1,79.59,High,69.61,9.980000000000004,61.126666666666665,7
2018,United Kingdom,3,Gaming,Large,11892,2.6,98.4,89.8,68.99,High,68.99,0.0,68.99,0
2019,United Kingdom,3,Gaming,Large,40994,2.83,99.0,92.9,72.46,High,68.99,3.469999999999999,68.99,1
2020,United Kingdom,3,Gaming,Large,12595,2.91,99.0,99.7,89.72,High,72.46,17.260000000000005,70.725,2
2021,United Kingdom,3,Gaming,Large,5083,2.89,99.0,81.7,82.93,High,89.72,-6.789999999999992,77.05666666666666,3
2022,United Kingdom,3,Gaming,Large,23684,2.37,99.0,97.7,96.49,High,82.93,13.559999999999988,81.70333333333333,4
2023,United Kingdom,3,Gaming,Large,48661,2.76,99.0,79.9,97.0,High,96.49,0.5100000000000051,89.71333333333332,5
2024,United Kingdom,3,Gaming,Large,28328,2.0,96.0,100.0,97.0,High,97.0,0.0,92.14,6
2025,United Kingdom,3,Gaming,Large,41969,2.56,99.0,100.0,97.0,High,97.0,0.0,96.83,7
2018,United Kingdom,3,Gaming,Medium,352,2.36,99.0,100.0,45.83,Medium,45.83,0.0,45.83,0
2019,United Kingdom,3,Gaming,Medium,811,1.88,88.3,89.5,50.65,Medium,45.83,4.82,45.83,1
2020,United Kingdom,3,Gaming,Medium,753,2.79,94.6,100.0,66.07,High,50.65,15.419999999999995,48.239999999999995,2
2021,United Kingdom,3,Gaming,Medium,747,2.53,99.0,99.7,69.45,High,66.07,3.3800000000000097,54.18333333333333,3
2022,United Kingdom,3,Gaming,Medium,312,2.83,99.0,92.4,72.58,High,69.45,3.1299999999999955,62.056666666666665,4
2023,United Kingdom,3,Gaming,Medium,940,2.94,99.0,88.9,91.5,High,72.58,18.92,69.36666666666666,5
2024,United Kingdom,3,Gaming,Medium,822,2.87,90.1,94.2,93.42,High,91.5,1.9200000000000017,77.84333333333332,6
2025,United Kingdom,3,Gaming,Medium,812,2.38,84.3,93.5,97.0,High,93.42,3.5799999999999983,85.83333333333333,7
2018,United Kingdom,3,Gaming,Small,38,2.8,99.0,99.3,28.01,Low,28.01,0.0,28.01,0
2019,United Kingdom,3,Gaming,Small,76,2.76,99.0,83.0,30.65,Medium,28.01,2.639999999999997,28.01,1
2020,United Kingdom,3,Gaming,Small,15,2.33,96.8,83.4,41.4,Medium,30.65,10.75,29.33,2
2021,United Kingdom,3,Gaming,Small,82,2.21,99.0,82.5,45.5,Medium,41.4,4.100000000000001,33.35333333333333,3
2022,United Kingdom,3,Gaming,Small,75,2.16,99.0,91.2,58.74,High,45.5,13.240000000000002,39.18333333333333,4
2023,United Kingdom,3,Gaming,Small,70,2.36,93.1,78.0,63.59,High,58.74,4.850000000000001,48.546666666666674,5
2024,United Kingdom,3,Gaming,Small,36,2.39,99.0,88.7,70.93,High,63.59,7.340000000000003,55.943333333333335,6
2025,United Kingdom,3,Gaming,Small,44,2.94,95.8,88.5,80.25,High,70.93,9.319999999999993,64.42,7
2018,United Kingdom,3,Government,Large,38973,2.19,92.0,75.1,33.93,Medium,33.93,0.0,33.93,0
2019,United Kingdom,3,Government,Large,20689,2.6,88.2,78.8,45.55,Medium,33.93,11.619999999999997,33.93,1
2020,United Kingdom,3,Government,Large,49068,2.86,96.1,79.3,49.86,Medium,45.55,4.310000000000002,39.739999999999995,2
2021,United Kingdom,3,Government,Large,2892,2.73,98.7,76.3,53.03,Medium,49.86,3.1700000000000017,43.11333333333334,3
2022,United Kingdom,3,Government,Large,5833,2.97,95.4,87.5,64.37,High,53.03,11.340000000000003,49.48,4
2023,United Kingdom,3,Government,Large,38180,2.42,99.0,84.0,73.31,High,64.37,8.939999999999998,55.75333333333334,5
2024,United Kingdom,3,Government,Large,18573,2.24,92.1,83.0,65.25,High,73.31,-8.060000000000002,63.57,6
2025,United Kingdom,3,Government,Large,39137,2.71,99.0,97.9,93.8,High,65.25,28.549999999999997,67.64333333333333,7
2018,United Kingdom,3,Government,Medium,701,2.63,99.0,78.3,10.08,Low,10.08,0.0,10.08,0
2019,United Kingdom,3,Government,Medium,322,3.08,99.0,76.2,24.64,Low,10.08,14.56,10.08,1
2020,United Kingdom,3,Government,Medium,844,2.58,98.8,74.9,26.82,Low,24.64,2.1799999999999997,17.36,2
2021,United Kingdom,3,Government,Medium,117,2.46,93.2,94.3,28.13,Low,26.82,1.3099999999999987,20.513333333333332,3
2022,United Kingdom,3,Government,Medium,287,2.61,99.0,77.6,40.33,Medium,28.13,12.2,26.53,4
2023,United Kingdom,3,Government,Medium,880,3.05,93.5,70.9,57.66,High,40.33,17.33,31.76,5
2024,United Kingdom,3,Government,Medium,602,2.61,93.6,74.0,71.14,High,57.66,13.480000000000004,42.04,6
2025,United Kingdom,3,Government,Medium,809,2.43,99.0,95.1,75.25,High,71.14,4.109999999999999,56.376666666666665,7
2018,United Kingdom,3,Government,Small,76,2.46,95.8,75.9,12.89,Low,12.89,0.0,12.89,0
2019,United Kingdom,3,Government,Small,39,2.78,99.0,92.7,24.8,Low,12.89,11.91,12.89,1
2020,United Kingdom,3,Government,Small,64,3.11,93.8,80.2,19.57,Low,24.8,-5.23,18.845,2
2021,United Kingdom,3,Government,Small,94,2.15,99.0,90.0,28.48,Low,19.57,8.91,19.08666666666667,3
2022,United Kingdom,3,Government,Small,87,2.3,99.0,91.1,36.11,Medium,28.48,7.629999999999999,24.28333333333333,4
2023,United Kingdom,3,Government,Small,58,3.07,89.6,78.9,42.72,Medium,36.11,6.609999999999999,28.05333333333333,5
2024,United Kingdom,3,Government,Small,23,2.73,96.0,87.1,47.63,Medium,42.72,4.910000000000004,35.77,6
2025,United Kingdom,3,Government,Small,55,2.31,99.0,79.1,60.41,High,47.63,12.779999999999994,42.153333333333336,7
2018,United Kingdom,3,Healthcare,Large,33737,2.34,99.0,80.1,67.77,High,67.77,0.0,67.77,0
2019,United Kingdom,3,Healthcare,Large,37901,2.39,94.2,64.0,73.63,High,67.77,5.859999999999999,67.77,1
2020,United Kingdom,3,Healthcare,Large,39765,3.45,99.0,95.4,77.3,High,73.63,3.6700000000000017,70.69999999999999,2
2021,United Kingdom,3,Healthcare,Large,34172,2.87,99.0,90.8,76.47,High,77.3,-0.8299999999999983,72.89999999999999,3
2022,United Kingdom,3,Healthcare,Large,10491,2.53,99.0,100.0,85.66,High,76.47,9.189999999999998,75.8,4
2023,United Kingdom,3,Healthcare,Large,31936,2.53,93.0,68.2,95.11,High,85.66,9.450000000000003,79.80999999999999,5
2024,United Kingdom,3,Healthcare,Large,23912,3.13,87.0,92.8,97.0,High,95.11,1.8900000000000006,85.74666666666667,6
2025,United Kingdom,3,Healthcare,Large,6534,2.19,92.2,83.9,97.0,High,97.0,0.0,92.58999999999999,7
2018,United Kingdom,3,Healthcare,Medium,272,2.69,99.0,100.0,48.42,Medium,48.42,0.0,48.42,0
2019,United Kingdom,3,Healthcare,Medium,638,2.67,89.7,90.8,43.86,Medium,48.42,-4.560000000000002,48.42,1
2020,United Kingdom,3,Healthcare,Medium,851,1.94,99.0,100.0,59.58,High,43.86,15.719999999999999,46.14,2
2021,United Kingdom,3,Healthcare,Medium,921,2.63,99.0,91.4,53.2,Medium,59.58,-6.3799999999999955,50.620000000000005,3
2022,United Kingdom,3,Healthcare,Medium,466,2.42,88.9,100.0,64.65,High,53.2,11.450000000000003,52.21333333333333,4
2023,United Kingdom,3,Healthcare,Medium,964,2.96,89.9,100.0,87.13,High,64.65,22.47999999999999,59.14333333333334,5
2024,United Kingdom,3,Healthcare,Medium,334,2.95,99.0,100.0,86.79,High,87.13,-0.3399999999999892,68.32666666666667,6
2025,United Kingdom,3,Healthcare,Medium,397,2.18,98.4,100.0,95.73,High,86.79,8.939999999999998,79.52333333333334,7
2018,United Kingdom,3,Healthcare,Small,38,2.89,99.0,100.0,19.93,Low,19.93,0.0,19.93,0
2019,United Kingdom,3,Healthcare,Small,61,2.74,99.0,87.5,25.07,Low,19.93,5.140000000000001,19.93,1
2020,United Kingdom,3,Healthcare,Small,39,3.08,99.0,98.6,33.47,Medium,25.07,8.399999999999999,22.5,2
2021,United Kingdom,3,Healthcare,Small,12,2.84,99.0,85.6,43.18,Medium,33.47,9.71,26.156666666666666,3
2022,United Kingdom,3,Healthcare,Small,53,2.31,99.0,85.6,48.06,Medium,43.18,4.880000000000003,33.906666666666666,4
2023,United Kingdom,3,Healthcare,Small,43,2.85,90.6,74.9,72.8,High,48.06,24.739999999999995,41.57,5
2024,United Kingdom,3,Healthcare,Small,11,2.35,95.9,100.0,70.67,High,72.8,-2.1299999999999955,54.68000000000001,6
2025,United Kingdom,3,Healthcare,Small,87,2.55,99.0,91.4,77.34,High,70.67,6.670000000000002,63.843333333333334,7
2018,United Kingdom,3,Legal,Large,18040,2.84,95.5,86.7,28.84,Low,28.84,0.0,28.84,0
2019,United Kingdom,3,Legal,Large,20669,2.3,99.0,82.5,45.62,Medium,28.84,16.779999999999998,28.84,1
2020,United Kingdom,3,Legal,Large,14923,2.69,99.0,85.7,54.71,Medium,45.62,9.090000000000003,37.23,2
2021,United Kingdom,3,Legal,Large,23113,2.43,99.0,88.4,56.92,High,54.71,2.210000000000001,43.05666666666667,3
2022,United Kingdom,3,Legal,Large,2971,2.42,99.0,99.9,56.81,High,56.92,-0.10999999999999943,52.416666666666664,4
2023,United Kingdom,3,Legal,Large,7403,2.65,99.0,94.3,69.18,High,56.81,12.370000000000005,56.14666666666667,5
2024,United Kingdom,3,Legal,Large,7212,2.43,99.0,85.0,84.38,High,69.18,15.199999999999989,60.970000000000006,6
2025,United Kingdom,3,Legal,Large,49015,2.6,99.0,73.6,79.55,High,84.38,-4.829999999999998,70.12333333333333,7
2018,United Kingdom,3,Legal,Medium,272,2.6,86.7,89.1,27.04,Low,27.04,0.0,27.04,0
2019,United Kingdom,3,Legal,Medium,900,2.69,99.0,84.2,33.49,Medium,27.04,6.450000000000003,27.04,1
2020,United Kingdom,3,Legal,Medium,644,2.6,99.0,65.5,40.08,Medium,33.49,6.589999999999996,30.265,2
2021,United Kingdom,3,Legal,Medium,760,2.1,99.0,84.9,37.59,Medium,40.08,-2.489999999999995,33.53666666666667,3
2022,United Kingdom,3,Legal,Medium,612,2.72,99.0,81.3,57.16,High,37.59,19.569999999999993,37.053333333333335,4
2023,United Kingdom,3,Legal,Medium,932,2.48,99.0,90.1,59.37,High,57.16,2.210000000000001,44.94333333333333,5
2024,United Kingdom,3,Legal,Medium,779,2.95,99.0,78.3,64.82,High,59.37,5.449999999999996,51.373333333333335,6
2025,United Kingdom,3,Legal,Medium,524,2.91,99.0,92.6,71.83,High,64.82,7.010000000000005,60.449999999999996,7
2018,United Kingdom,3,Legal,Small,73,2.76,99.0,87.1,8.96,Low,8.96,0.0,8.96,0
2019,United Kingdom,3,Legal,Small,37,2.28,99.0,83.7,19.1,Low,8.96,10.14,8.96,1
2020,United Kingdom,3,Legal,Small,77,2.72,92.3,79.0,29.44,Low,19.1,10.34,14.030000000000001,2
2021,United Kingdom,3,Legal,Small,82,1.91,99.0,91.4,30.05,Medium,29.44,0.6099999999999994,19.166666666666668,3
2022,United Kingdom,3,Legal,Small,25,3.27,89.4,94.7,41.76,Medium,30.05,11.709999999999997,26.19666666666667,4
2023,United Kingdom,3,Legal,Small,88,2.25,95.6,86.9,44.81,Medium,41.76,3.0500000000000043,33.75,5
2024,United Kingdom,3,Legal,Small,24,2.85,99.0,91.5,52.89,Medium,44.81,8.079999999999998,38.873333333333335,6
2025,United Kingdom,3,Legal,Small,55,2.84,99.0,95.6,59.95,High,52.89,7.060000000000002,46.48666666666666,7
2018,United Kingdom,3,Manufacturing,Large,28701,3.3,99.0,95.8,59.89,High,59.89,0.0,59.89,0
2019,United Kingdom,3,Manufacturing,Large,12258,2.64,99.0,90.5,58.38,High,59.89,-1.509999999999998,59.89,1
2020,United Kingdom,3,Manufacturing,Large,49521,2.5,99.0,79.5,68.54,High,58.38,10.160000000000004,59.135000000000005,2
2021,United Kingdom,3,Manufacturing,Large,19608,2.56,96.8,100.0,84.59,High,68.54,16.049999999999997,62.27,3
2022,United Kingdom,3,Manufacturing,Large,28937,2.96,99.0,100.0,84.64,High,84.59,0.04999999999999716,70.50333333333333,4
2023,United Kingdom,3,Manufacturing,Large,21802,3.01,99.0,93.4,94.4,High,84.64,9.760000000000005,79.25666666666667,5
2024,United Kingdom,3,Manufacturing,Large,43278,2.5,99.0,90.6,97.0,High,94.4,2.5999999999999943,87.87666666666667,6
2025,United Kingdom,3,Manufacturing,Large,13336,2.37,99.0,87.2,97.0,High,97.0,0.0,92.01333333333332,7
2018,United Kingdom,3,Manufacturing,Medium,734,2.06,94.7,71.7,34.63,Medium,34.63,0.0,34.63,0
2019,United Kingdom,3,Manufacturing,Medium,960,2.52,90.3,79.5,42.41,Medium,34.63,7.779999999999994,34.63,1
2020,United Kingdom,3,Manufacturing,Medium,684,2.8,95.4,85.3,44.77,Medium,42.41,2.3600000000000065,38.519999999999996,2
2021,United Kingdom,3,Manufacturing,Medium,733,2.23,99.0,93.0,45.19,Medium,44.77,0.4199999999999946,40.60333333333333,3
2022,United Kingdom,3,Manufacturing,Medium,309,2.58,96.5,74.5,57.24,High,45.19,12.050000000000004,44.123333333333335,4
2023,United Kingdom,3,Manufacturing,Medium,795,2.87,99.0,97.3,66.84,High,57.24,9.600000000000001,49.06666666666667,5
2024,United Kingdom,3,Manufacturing,Medium,413,2.63,99.0,100.0,88.42,High,66.84,21.58,56.42333333333334,6
2025,United Kingdom,3,Manufacturing,Medium,790,2.81,92.1,99.3,90.61,High,88.42,2.1899999999999977,70.83333333333333,7
2018,United Kingdom,3,Manufacturing,Small,97,2.75,99.0,92.5,25.19,Low,25.19,0.0,25.19,0
2019,United Kingdom,3,Manufacturing,Small,59,2.82,99.0,88.4,33.38,Medium,25.19,8.190000000000001,25.19,1
2020,United Kingdom,3,Manufacturing,Small,93,2.01,91.9,84.2,23.71,Low,33.38,-9.670000000000002,29.285000000000004,2
2021,United Kingdom,3,Manufacturing,Small,19,2.81,99.0,84.4,50.26,Medium,23.71,26.549999999999997,27.426666666666666,3
2022,United Kingdom,3,Manufacturing,Small,76,2.6,90.1,100.0,51.83,Medium,50.26,1.5700000000000003,35.78333333333333,4
2023,United Kingdom,3,Manufacturing,Small,58,3.2,99.0,100.0,56.85,High,51.83,5.020000000000003,41.93333333333333,5
2024,United Kingdom,3,Manufacturing,Small,42,2.61,97.9,74.6,63.04,High,56.85,6.189999999999998,52.98,6
2025,United Kingdom,3,Manufacturing,Small,37,2.96,99.0,99.3,72.06,High,63.04,9.020000000000003,57.24,7
2018,United Kingdom,3,Media & Entertainment,Large,32555,2.83,99.0,77.7,57.94,High,57.94,0.0,57.94,0
2019,United Kingdom,3,Media & Entertainment,Large,21921,2.7,99.0,100.0,61.5,High,57.94,3.5600000000000023,57.94,1
2020,United Kingdom,3,Media & Entertainment,Large,3801,2.55,99.0,83.8,73.33,High,61.5,11.829999999999998,59.72,2
2021,United Kingdom,3,Media & Entertainment,Large,35568,2.46,99.0,79.0,88.75,High,73.33,15.420000000000002,64.25666666666666,3
2022,United Kingdom,3,Media & Entertainment,Large,18570,2.95,99.0,81.4,88.14,High,88.75,-0.6099999999999994,74.52666666666666,4
2023,United Kingdom,3,Media & Entertainment,Large,22586,2.68,93.5,91.6,97.0,High,88.14,8.86,83.40666666666667,5
2024,United Kingdom,3,Media & Entertainment,Large,24396,2.76,99.0,100.0,97.0,High,97.0,0.0,91.29666666666667,6
2025,United Kingdom,3,Media & Entertainment,Large,3015,2.64,99.0,100.0,97.0,High,97.0,0.0,94.04666666666667,7
2018,United Kingdom,3,Media & Entertainment,Medium,797,2.57,99.0,74.1,42.37,Medium,42.37,0.0,42.37,0
2019,United Kingdom,3,Media & Entertainment,Medium,722,2.81,99.0,98.4,43.56,Medium,42.37,1.1900000000000048,42.37,1
2020,United Kingdom,3,Media & Entertainment,Medium,596,2.12,99.0,90.6,45.92,Medium,43.56,2.3599999999999994,42.965,2
2021,United Kingdom,3,Media & Entertainment,Medium,291,2.42,99.0,100.0,60.62,High,45.92,14.699999999999996,43.949999999999996,3
2022,United Kingdom,3,Media & Entertainment,Medium,114,1.9,99.0,100.0,58.42,High,60.62,-2.1999999999999957,50.03333333333333,4
2023,United Kingdom,3,Media & Entertainment,Medium,527,2.66,97.6,100.0,73.36,High,58.42,14.939999999999998,54.98666666666666,5
2024,United Kingdom,3,Media & Entertainment,Medium,434,2.52,99.0,96.1,85.45,High,73.36,12.090000000000003,64.13333333333334,6
2025,United Kingdom,3,Media & Entertainment,Medium,257,2.55,99.0,91.8,97.0,High,85.45,11.549999999999997,72.41000000000001,7
2018,United Kingdom,3,Media & Entertainment,Small,61,2.14,99.0,97.8,27.34,Low,27.34,0.0,27.34,0
2019,United Kingdom,3,Media & Entertainment,Small,41,2.46,99.0,84.7,32.36,Medium,27.34,5.02,27.34,1
2020,United Kingdom,3,Media & Entertainment,Small,89,2.86,99.0,77.6,32.26,Medium,32.36,-0.10000000000000142,29.85,2
2021,United Kingdom,3,Media & Entertainment,Small,55,2.7,93.0,100.0,40.18,Medium,32.26,7.920000000000002,30.653333333333336,3
2022,United Kingdom,3,Media & Entertainment,Small,14,3.35,91.6,88.0,46.56,Medium,40.18,6.380000000000003,34.93333333333333,4
2023,United Kingdom,3,Media & Entertainment,Small,25,3.24,96.7,97.9,53.8,Medium,46.56,7.239999999999995,39.666666666666664,5
2024,United Kingdom,3,Media & Entertainment,Small,53,2.72,98.6,97.9,62.5,High,53.8,8.700000000000003,46.84666666666667,6
2025,United Kingdom,3,Media & Entertainment,Small,23,2.27,95.8,100.0,74.57,High,62.5,12.069999999999993,54.28666666666667,7
2018,United Kingdom,3,Retail,Large,40830,2.39,85.5,95.4,43.39,Medium,43.39,0.0,43.39,0
2019,United Kingdom,3,Retail,Large,16329,2.58,99.0,100.0,53.82,Medium,43.39,10.43,43.39,1
2020,United Kingdom,3,Retail,Large,48207,2.83,91.6,94.3,63.7,High,53.82,9.880000000000003,48.605000000000004,2
2021,United Kingdom,3,Retail,Large,27382,2.09,98.2,79.2,75.44,High,63.7,11.739999999999995,53.63666666666666,3
2022,United Kingdom,3,Retail,Large,29341,2.33,99.0,93.6,83.12,High,75.44,7.680000000000007,64.32,4
2023,United Kingdom,3,Retail,Large,45827,2.86,97.0,86.7,81.91,High,83.12,-1.210000000000008,74.08666666666666,5
2024,United Kingdom,3,Retail,Large,15855,2.15,99.0,87.0,96.49,High,81.91,14.579999999999998,80.15666666666665,6
2025,United Kingdom,3,Retail,Large,38941,2.26,91.2,89.3,97.0,High,96.49,0.5100000000000051,87.17333333333333,7
2018,United Kingdom,3,Retail,Medium,740,2.33,96.1,76.0,24.41,Low,24.41,0.0,24.41,0
2019,United Kingdom,3,Retail,Medium,204,2.35,94.5,78.4,33.51,Medium,24.41,9.099999999999998,24.41,1
2020,United Kingdom,3,Retail,Medium,147,2.77,97.9,100.0,50.29,Medium,33.51,16.78,28.96,2
2021,United Kingdom,3,Retail,Medium,264,2.12,99.0,92.2,51.01,Medium,50.29,0.7199999999999989,36.07,3
2022,United Kingdom,3,Retail,Medium,677,2.66,94.7,87.4,53.97,Medium,51.01,2.960000000000001,44.93666666666667,4
2023,United Kingdom,3,Retail,Medium,136,2.6,99.0,88.2,67.17,High,53.97,13.200000000000003,51.75666666666666,5
2024,United Kingdom,3,Retail,Medium,644,2.77,98.8,99.7,73.69,High,67.17,6.519999999999996,57.38333333333333,6
2025,United Kingdom,3,Retail,Medium,696,2.96,99.0,96.7,88.88,High,73.69,15.189999999999998,64.94333333333333,7
2018,United Kingdom,3,Retail,Small,96,2.6,95.2,74.4,22.28,Low,22.28,0.0,22.28,0
2019,United Kingdom,3,Retail,Small,88,2.73,92.3,84.6,27.52,Low,22.28,5.239999999999998,22.28,1
2020,United Kingdom,3,Retail,Small,89,3.1,99.0,84.8,33.6,Medium,27.52,6.080000000000002,24.9,2
2021,United Kingdom,3,Retail,Small,86,2.73,99.0,81.8,38.78,Medium,33.6,5.18,27.8,3
2022,United Kingdom,3,Retail,Small,84,2.2,99.0,100.0,47.82,Medium,38.78,9.04,33.300000000000004,4
2023,United Kingdom,3,Retail,Small,79,2.12,99.0,93.8,55.22,High,47.82,7.399999999999999,40.06666666666667,5
2024,United Kingdom,3,Retail,Small,63,2.22,93.8,90.8,56.07,High,55.22,0.8500000000000014,47.27333333333333,6
2025,United Kingdom,3,Retail,Small,5,2.3,99.0,88.5,66.47,High,56.07,10.399999999999999,53.03666666666667,7
2018,United Kingdom,3,Technology,Large,36278,3.05,93.5,90.6,77.4,High,77.4,0.0,77.4,0
2019,United Kingdom,3,Technology,Large,48921,2.67,99.0,80.1,82.14,High,77.4,4.739999999999995,77.4,1
2020,United Kingdom,3,Technology,Large,2737,3.31,99.0,90.5,80.87,High,82.14,-1.269999999999996,79.77000000000001,2
2021,United Kingdom,3,Technology,Large,42034,2.64,99.0,100.0,97.0,High,80.87,16.129999999999995,80.13666666666667,3
2022,United Kingdom,3,Technology,Large,34932,2.72,97.8,97.9,97.0,High,97.0,0.0,86.67,4
2023,United Kingdom,3,Technology,Large,24495,2.53,99.0,100.0,97.0,High,97.0,0.0,91.62333333333333,5
2024,United Kingdom,3,Technology,Large,44074,2.65,99.0,100.0,97.0,High,97.0,0.0,97.0,6
2025,United Kingdom,3,Technology,Large,39367,2.9,99.0,86.1,97.0,High,97.0,0.0,97.0,7
2018,United Kingdom,3,Technology,Medium,106,2.51,98.4,82.7,52.0,Medium,52.0,0.0,52.0,0
2019,United Kingdom,3,Technology,Medium,789,2.8,98.1,90.3,55.04,High,52.0,3.039999999999999,52.0,1
2020,United Kingdom,3,Technology,Medium,764,2.39,97.9,79.3,57.92,High,55.04,2.8800000000000026,53.519999999999996,2
2021,United Kingdom,3,Technology,Medium,868,2.43,99.0,79.2,72.02,High,57.92,14.099999999999994,54.98666666666667,3
2022,United Kingdom,3,Technology,Medium,866,2.36,99.0,92.8,80.2,High,72.02,8.180000000000007,61.66,4
2023,United Kingdom,3,Technology,Medium,867,2.52,98.7,93.4,90.04,High,80.2,9.840000000000003,70.04666666666667,5
2024,United Kingdom,3,Technology,Medium,136,2.67,99.0,100.0,96.59,High,90.04,6.549999999999997,80.75333333333333,6
2025,United Kingdom,3,Technology,Medium,966,2.47,88.6,96.6,89.66,High,96.59,-6.930000000000007,88.94333333333334,7
2018,United Kingdom,3,Technology,Small,51,2.29,99.0,97.1,26.8,Low,26.8,0.0,26.8,0
2019,United Kingdom,3,Technology,Small,19,2.69,88.0,100.0,34.54,Medium,26.8,7.739999999999998,26.8,1
2020,United Kingdom,3,Technology,Small,53,2.8,99.0,99.1,38.87,Medium,34.54,4.329999999999998,30.67,2
2021,United Kingdom,3,Technology,Small,94,2.57,96.7,77.4,48.48,Medium,38.87,9.61,33.40333333333333,3
2022,United Kingdom,3,Technology,Small,62,2.93,82.3,91.2,58.49,High,48.48,10.010000000000005,40.629999999999995,4
2023,United Kingdom,3,Technology,Small,27,2.5,73.8,87.1,72.61,High,58.49,14.119999999999997,48.61333333333332,5
2024,United Kingdom,3,Technology,Small,23,3.0,99.0,97.8,87.91,High,72.61,15.299999999999997,59.85999999999999,6
2025,United Kingdom,3,Technology,Small,78,3.04,94.1,92.2,84.88,High,87.91,-3.030000000000001,73.00333333333333,7
2018,United States,3,Agriculture,Large,19733,2.99,99.0,77.8,14.49,Low,14.49,0.0,14.49,0
2019,United States,3,Agriculture,Large,37766,2.71,99.0,82.9,27.94,Low,14.49,13.450000000000001,14.49,1
2020,United States,3,Agriculture,Large,37964,2.89,99.0,80.5,43.25,Medium,27.94,15.309999999999999,21.215,2
2021,United States,3,Agriculture,Large,43616,3.23,93.7,83.2,29.72,Low,43.25,-13.530000000000001,28.560000000000002,3
2022,United States,3,Agriculture,Large,17396,3.08,99.0,73.6,45.45,Medium,29.72,15.730000000000004,33.63666666666666,4
2023,United States,3,Agriculture,Large,3017,2.21,99.0,76.5,58.35,High,45.45,12.899999999999999,39.473333333333336,5
2024,United States,3,Agriculture,Large,35206,2.81,99.0,88.2,59.06,High,58.35,0.7100000000000009,44.50666666666667,6
2025,United States,3,Agriculture,Large,47577,2.35,99.0,94.4,77.23,High,59.06,18.17,54.28666666666667,7
2018,United States,3,Agriculture,Medium,731,2.55,94.9,99.9,12.39,Low,12.39,0.0,12.39,0
2019,United States,3,Agriculture,Medium,471,2.89,92.6,85.3,8.63,Low,12.39,-3.76,12.39,1
2020,United States,3,Agriculture,Medium,703,2.82,99.0,90.6,16.51,Low,8.63,7.880000000000001,10.510000000000002,2
2021,United States,3,Agriculture,Medium,128,2.36,99.0,94.6,22.93,Low,16.51,6.419999999999998,12.51,3
2022,United States,3,Agriculture,Medium,933,2.12,89.8,70.8,31.54,Medium,22.93,8.61,16.023333333333333,4
2023,United States,3,Agriculture,Medium,932,2.58,99.0,91.2,46.26,Medium,31.54,14.719999999999999,23.659999999999997,5
2024,United States,3,Agriculture,Medium,504,2.89,99.0,77.0,47.32,Medium,46.26,1.0600000000000023,33.57666666666666,6
2025,United States,3,Agriculture,Medium,116,2.78,99.0,98.8,62.18,High,47.32,14.86,41.70666666666666,7
2018,United States,3,Agriculture,Small,87,2.37,95.0,87.6,3.66,Low,3.66,0.0,3.66,0
2019,United States,3,Agriculture,Small,96,2.65,96.1,72.6,6.28,Low,3.66,2.62,3.66,1
2020,United States,3,Agriculture,Small,27,2.44,99.0,91.6,6.76,Low,6.28,0.47999999999999954,4.970000000000001,2
2021,United States,3,Agriculture,Small,37,2.64,99.0,88.5,19.05,Low,6.76,12.290000000000001,5.566666666666666,3
2022,United States,3,Agriculture,Small,31,2.42,99.0,79.3,40.33,Medium,19.05,21.279999999999998,10.696666666666667,4
2023,United States,3,Agriculture,Small,26,2.19,99.0,81.5,35.68,Medium,40.33,-4.649999999999999,22.046666666666667,5
2024,United States,3,Agriculture,Small,52,2.59,99.0,85.9,50.21,Medium,35.68,14.530000000000001,31.686666666666667,6
2025,United States,3,Agriculture,Small,13,2.36,99.0,80.4,55.71,High,50.21,5.5,42.07333333333333,7
2018,United States,3,Automotive,Large,34932,2.36,93.1,90.1,55.11,High,55.11,0.0,55.11,0
2019,United States,3,Automotive,Large,33332,2.29,96.8,89.8,74.75,High,55.11,19.64,55.11,1
2020,United States,3,Automotive,Large,9418,2.33,99.0,99.1,67.17,High,74.75,-7.579999999999998,64.93,2
2021,United States,3,Automotive,Large,33940,3.35,81.8,82.3,87.48,High,67.17,20.310000000000002,65.67666666666666,3
2022,United States,3,Automotive,Large,12975,2.64,99.0,78.7,96.73,High,87.48,9.25,76.46666666666668,4
2023,United States,3,Automotive,Large,44539,2.47,99.0,89.6,97.0,High,96.73,0.269999999999996,83.79333333333334,5
2024,United States,3,Automotive,Large,48498,2.35,91.2,90.4,97.0,High,97.0,0.0,93.73666666666668,6
2025,United States,3,Automotive,Large,20790,2.34,88.0,100.0,97.0,High,97.0,0.0,96.91000000000001,7
2018,United States,3,Automotive,Medium,717,2.44,89.1,80.7,38.94,Medium,38.94,0.0,38.94,0
2019,United States,3,Automotive,Medium,295,3.08,99.0,100.0,46.03,Medium,38.94,7.090000000000003,38.94,1
2020,United States,3,Automotive,Medium,809,2.89,93.8,93.5,59.4,High,46.03,13.369999999999997,42.485,2
2021,United States,3,Automotive,Medium,425,2.78,99.0,87.2,67.15,High,59.4,7.750000000000007,48.123333333333335,3
2022,United States,3,Automotive,Medium,678,2.38,99.0,95.9,57.0,High,67.15,-10.150000000000006,57.52666666666667,4
2023,United States,3,Automotive,Medium,237,2.26,99.0,100.0,72.77,High,57.0,15.769999999999996,61.18333333333334,5
2024,United States,3,Automotive,Medium,830,2.88,99.0,100.0,80.64,High,72.77,7.8700000000000045,65.64,6
2025,United States,3,Automotive,Medium,787,2.12,95.0,98.8,87.06,High,80.64,6.420000000000002,70.13666666666667,7
2018,United States,3,Automotive,Small,18,2.59,99.0,76.3,35.53,Medium,35.53,0.0,35.53,0
2019,United States,3,Automotive,Small,27,2.72,99.0,95.0,24.75,Low,35.53,-10.780000000000001,35.53,1
2020,United States,3,Automotive,Small,39,2.03,99.0,100.0,32.71,Medium,24.75,7.960000000000001,30.14,2
2021,United States,3,Automotive,Small,66,2.38,95.6,87.4,45.91,Medium,32.71,13.199999999999996,30.99666666666667,3
2022,United States,3,Automotive,Small,43,2.61,99.0,86.9,55.05,High,45.91,9.14,34.45666666666667,4
2023,United States,3,Automotive,Small,42,2.79,93.9,89.1,67.13,High,55.05,12.079999999999998,44.556666666666665,5
2024,United States,3,Automotive,Small,8,2.76,94.0,79.0,67.06,High,67.13,-0.06999999999999318,56.029999999999994,6
2025,United States,3,Automotive,Small,35,2.5,97.3,88.0,80.57,High,67.06,13.509999999999991,63.07999999999999,7
2018,United States,3,Education,Large,5025,3.39,99.0,85.2,34.2,Medium,34.2,0.0,34.2,0
2019,United States,3,Education,Large,45548,2.59,99.0,81.4,52.13,Medium,34.2,17.93,34.2,1
2020,United States,3,Education,Large,18794,2.27,92.1,78.1,57.95,High,52.13,5.82,43.165000000000006,2
2021,United States,3,Education,Large,28307,2.96,99.0,83.9,60.74,High,57.95,2.789999999999999,48.093333333333334,3
2022,United States,3,Education,Large,18232,2.44,99.0,69.2,67.45,High,60.74,6.710000000000001,56.94,4
2023,United States,3,Education,Large,17698,2.65,99.0,100.0,81.68,High,67.45,14.230000000000004,62.046666666666674,5
2024,United States,3,Education,Large,32556,2.61,97.3,71.3,87.13,High,81.68,5.449999999999989,69.95666666666666,6
2025,United States,3,Education,Large,8837,3.28,90.6,84.4,97.0,High,87.13,9.870000000000005,78.75333333333333,7
2018,United States,3,Education,Medium,806,2.93,81.1,82.6,24.95,Low,24.95,0.0,24.95,0
2019,United States,3,Education,Medium,954,2.72,99.0,91.5,35.56,Medium,24.95,10.610000000000003,24.95,1
2020,United States,3,Education,Medium,244,2.63,99.0,92.5,36.35,Medium,35.56,0.7899999999999991,30.255000000000003,2
2021,United States,3,Education,Medium,967,2.9,90.8,91.8,47.81,Medium,36.35,11.46,32.28666666666667,3
2022,United States,3,Education,Medium,606,3.05,95.2,82.9,50.84,Medium,47.81,3.030000000000001,39.906666666666666,4
2023,United States,3,Education,Medium,543,2.58,99.0,97.5,54.95,Medium,50.84,4.109999999999999,45.0,5
2024,United States,3,Education,Medium,395,2.89,99.0,76.7,66.74,High,54.95,11.789999999999992,51.20000000000001,6
2025,United States,3,Education,Medium,320,2.49,92.2,89.3,70.58,High,66.74,3.8400000000000034,57.51,7
2018,United States,3,Education,Small,9,2.83,99.0,95.9,17.84,Low,17.84,0.0,17.84,0
2019,United States,3,Education,Small,91,2.41,98.9,84.0,15.04,Low,17.84,-2.8000000000000007,17.84,1
2020,United States,3,Education,Small,67,3.0,99.0,94.4,33.98,Medium,15.04,18.939999999999998,16.439999999999998,2
2021,United States,3,Education,Small,54,2.13,91.1,87.4,35.97,Medium,33.98,1.990000000000002,22.286666666666665,3
2022,United States,3,Education,Small,95,2.03,96.4,77.4,37.53,Medium,35.97,1.5600000000000023,28.33,4
2023,United States,3,Education,Small,91,2.84,99.0,71.5,57.73,High,37.53,20.199999999999996,35.82666666666667,5
2024,United States,3,Education,Small,44,2.98,99.0,83.9,64.1,High,57.73,6.369999999999997,43.74333333333333,6
2025,United States,3,Education,Small,61,2.61,82.6,82.6,72.54,High,64.1,8.440000000000012,53.12,7
2018,United States,3,Financial Services,Large,17766,2.89,90.2,100.0,72.09,High,72.09,0.0,72.09,0
2019,United States,3,Financial Services,Large,35159,2.57,98.8,99.7,82.66,High,72.09,10.569999999999993,72.09,1
2020,United States,3,Financial Services,Large,10265,3.02,99.0,99.1,78.5,High,82.66,-4.159999999999997,77.375,2
2021,United States,3,Financial Services,Large,44254,2.24,98.4,87.2,83.99,High,78.5,5.489999999999995,77.75,3
2022,United States,3,Financial Services,Large,42311,2.35,98.9,96.1,90.81,High,83.99,6.820000000000007,81.71666666666665,4
2023,United States,3,Financial Services,Large,35758,2.64,89.7,94.1,97.0,High,90.81,6.189999999999998,84.43333333333334,5
2024,United States,3,Financial Services,Large,15645,2.91,90.9,93.2,97.0,High,97.0,0.0,90.60000000000001,6
2025,United States,3,Financial Services,Large,16804,2.18,99.0,100.0,97.0,High,97.0,0.0,94.93666666666667,7
2018,United States,3,Financial Services,Medium,316,2.61,99.0,97.5,49.31,Medium,49.31,0.0,49.31,0
2019,United States,3,Financial Services,Medium,683,2.25,99.0,85.7,43.66,Medium,49.31,-5.650000000000006,49.31,1
2020,United States,3,Financial Services,Medium,106,2.42,97.0,100.0,64.15,High,43.66,20.49000000000001,46.485,2
2021,United States,3,Financial Services,Medium,948,2.86,96.6,100.0,61.7,High,64.15,-2.450000000000003,52.373333333333335,3
2022,United States,3,Financial Services,Medium,265,2.36,96.9,91.3,67.44,High,61.7,5.739999999999995,56.50333333333333,4
2023,United States,3,Financial Services,Medium,427,2.57,91.2,100.0,77.04,High,67.44,9.600000000000009,64.43,5
2024,United States,3,Financial Services,Medium,807,2.7,99.0,100.0,90.49,High,77.04,13.449999999999989,68.72666666666667,6
2025,United States,3,Financial Services,Medium,563,2.62,99.0,91.5,97.0,High,90.49,6.510000000000005,78.32333333333334,7
2018,United States,3,Financial Services,Small,22,2.23,99.0,80.1,36.66,Medium,36.66,0.0,36.66,0
2019,United States,3,Financial Services,Small,24,2.95,99.0,100.0,39.74,Medium,36.66,3.0800000000000054,36.66,1
2020,United States,3,Financial Services,Small,71,2.62,96.8,89.8,41.36,Medium,39.74,1.6199999999999974,38.2,2
2021,United States,3,Financial Services,Small,46,2.53,93.4,85.8,48.74,Medium,41.36,7.380000000000003,39.25333333333333,3
2022,United States,3,Financial Services,Small,6,2.83,99.0,100.0,47.39,Medium,48.74,-1.3500000000000014,43.28,4
2023,United States,3,Financial Services,Small,73,2.79,87.7,79.1,63.94,High,47.39,16.549999999999997,45.830000000000005,5
2024,United States,3,Financial Services,Small,96,2.33,99.0,97.9,70.83,High,63.94,6.890000000000001,53.35666666666666,6
2025,United States,3,Financial Services,Small,68,2.61,99.0,83.5,71.16,High,70.83,0.3299999999999983,60.72,7
2018,United States,3,Gaming,Large,5994,2.74,90.6,95.5,78.0,High,78.0,0.0,78.0,0
2019,United States,3,Gaming,Large,12819,2.58,98.0,100.0,88.74,High,78.0,10.739999999999995,78.0,1
2020,United States,3,Gaming,Large,20506,2.66,99.0,88.3,84.34,High,88.74,-4.3999999999999915,83.37,2
2021,United States,3,Gaming,Large,23884,2.2,89.2,97.6,94.41,High,84.34,10.069999999999993,83.69333333333333,3
2022,United States,3,Gaming,Large,27292,2.73,97.8,81.0,97.0,High,94.41,2.5900000000000034,89.16333333333334,4
2023,United States,3,Gaming,Large,2172,2.77,95.4,87.6,97.0,High,97.0,0.0,91.91666666666667,5
2024,United States,3,Gaming,Large,30709,2.85,99.0,96.2,97.0,High,97.0,0.0,96.13666666666667,6
2025,United States,3,Gaming,Large,2936,2.78,99.0,84.8,97.0,High,97.0,0.0,97.0,7
2018,United States,3,Gaming,Medium,687,2.55,99.0,100.0,37.02,Medium,37.02,0.0,37.02,0
2019,United States,3,Gaming,Medium,407,2.32,99.0,98.3,59.61,High,37.02,22.589999999999996,37.02,1
2020,United States,3,Gaming,Medium,921,2.77,99.0,100.0,62.8,High,59.61,3.1899999999999977,48.315,2
2021,United States,3,Gaming,Medium,256,2.59,98.7,87.6,66.15,High,62.8,3.3500000000000085,53.14333333333334,3
2022,United States,3,Gaming,Medium,765,2.18,99.0,86.4,80.63,High,66.15,14.47999999999999,62.85333333333333,4
2023,United States,3,Gaming,Medium,535,3.36,99.0,90.7,82.0,High,80.63,1.3700000000000045,69.86,5
2024,United States,3,Gaming,Medium,689,1.82,99.0,100.0,89.58,High,82.0,7.579999999999998,76.26,6
2025,United States,3,Gaming,Medium,677,2.97,78.0,98.0,97.0,High,89.58,7.420000000000002,84.07,7
2018,United States,3,Gaming,Small,17,1.91,99.0,70.3,18.09,Low,18.09,0.0,18.09,0
2019,United States,3,Gaming,Small,47,2.94,99.0,88.0,29.55,Low,18.09,11.46,18.09,1
2020,United States,3,Gaming,Small,13,2.52,91.5,93.3,40.42,Medium,29.55,10.870000000000001,23.82,2
2021,United States,3,Gaming,Small,89,2.31,99.0,100.0,49.97,Medium,40.42,9.549999999999997,29.353333333333335,3
2022,United States,3,Gaming,Small,88,2.53,99.0,99.8,52.98,Medium,49.97,3.009999999999998,39.98,4
2023,United States,3,Gaming,Small,86,2.16,94.1,100.0,59.61,High,52.98,6.630000000000003,47.79,5
2024,United States,3,Gaming,Small,96,2.63,99.0,73.9,71.99,High,59.61,12.379999999999995,54.18666666666667,6
2025,United States,3,Gaming,Small,53,2.34,91.2,100.0,82.97,High,71.99,10.980000000000004,61.526666666666664,7
2018,United States,3,Government,Large,45722,2.53,88.3,67.4,29.26,Low,29.26,0.0,29.26,0
2019,United States,3,Government,Large,38841,2.85,99.0,75.7,34.48,Medium,29.26,5.219999999999995,29.26,1
2020,United States,3,Government,Large,43968,2.02,99.0,79.3,44.47,Medium,34.48,9.990000000000002,31.869999999999997,2
2021,United States,3,Government,Large,43498,3.1,99.0,75.3,51.31,Medium,44.47,6.840000000000003,36.07,3
2022,United States,3,Government,Large,44723,2.57,99.0,82.3,64.04,High,51.31,12.730000000000004,43.419999999999995,4
2023,United States,3,Government,Large,34383,2.16,90.7,100.0,75.96,High,64.04,11.919999999999987,53.27333333333334,5
2024,United States,3,Government,Large,10825,2.53,96.9,68.2,77.67,High,75.96,1.710000000000008,63.77,6
2025,United States,3,Government,Large,43879,2.45,99.0,82.4,92.52,High,77.67,14.849999999999994,72.55666666666667,7
2018,United States,3,Government,Medium,755,2.41,99.0,82.5,20.91,Low,20.91,0.0,20.91,0
2019,United States,3,Government,Medium,173,2.58,99.0,77.7,15.65,Low,20.91,-5.26,20.91,1
2020,United States,3,Government,Medium,108,2.57,92.9,94.0,31.86,Medium,15.65,16.21,18.28,2
2021,United States,3,Government,Medium,256,2.82,92.3,94.2,38.36,Medium,31.86,6.5,22.80666666666667,3
2022,United States,3,Government,Medium,174,2.17,99.0,82.5,50.45,Medium,38.36,12.090000000000003,28.623333333333335,4
2023,United States,3,Government,Medium,211,2.12,98.0,89.8,61.34,High,50.45,10.89,40.223333333333336,5
2024,United States,3,Government,Medium,473,2.35,98.3,84.2,71.85,High,61.34,10.509999999999991,50.050000000000004,6
2025,United States,3,Government,Medium,573,2.35,97.7,80.5,68.67,High,71.85,-3.1799999999999926,61.21333333333333,7
2018,United States,3,Government,Small,73,2.46,99.0,85.4,11.74,Low,11.74,0.0,11.74,0
2019,United States,3,Government,Small,37,2.98,99.0,82.0,11.82,Low,11.74,0.08000000000000007,11.74,1
2020,United States,3,Government,Small,32,2.68,99.0,84.8,24.07,Low,11.82,12.25,11.780000000000001,2
2021,United States,3,Government,Small,69,2.32,98.6,76.4,23.67,Low,24.07,-0.3999999999999986,15.876666666666667,3
2022,United States,3,Government,Small,40,1.93,99.0,90.5,25.7,Low,23.67,2.0299999999999976,19.853333333333335,4
2023,United States,3,Government,Small,70,2.45,97.4,76.5,39.47,Medium,25.7,13.77,24.48,5
2024,United States,3,Government,Small,35,3.04,99.0,84.4,57.79,High,39.47,18.32,29.613333333333333,6
2025,United States,3,Government,Small,62,2.34,99.0,82.0,51.37,Medium,57.79,-6.420000000000002,40.986666666666665,7
2018,United States,3,Healthcare,Large,20878,2.74,99.0,91.4,66.52,High,66.52,0.0,66.52,0
2019,United States,3,Healthcare,Large,4956,2.85,98.6,81.6,68.63,High,66.52,2.1099999999999994,66.52,1
2020,United States,3,Healthcare,Large,32097,2.19,99.0,94.5,78.7,High,68.63,10.070000000000007,67.57499999999999,2
2021,United States,3,Healthcare,Large,18857,2.52,99.0,74.9,78.71,High,78.7,0.009999999999990905,71.28333333333333,3
2022,United States,3,Healthcare,Large,23366,2.93,99.0,100.0,93.8,High,78.71,15.090000000000003,75.34666666666665,4
2023,United States,3,Healthcare,Large,7559,2.87,99.0,79.5,97.0,High,93.8,3.200000000000003,83.73666666666666,5
2024,United States,3,Healthcare,Large,41902,2.77,99.0,87.2,97.0,High,97.0,0.0,89.83666666666666,6
2025,United States,3,Healthcare,Large,12781,2.54,95.9,86.8,97.0,High,97.0,0.0,95.93333333333334,7
2018,United States,3,Healthcare,Medium,595,2.64,99.0,80.3,44.4,Medium,44.4,0.0,44.4,0
2019,United States,3,Healthcare,Medium,526,2.45,98.4,93.0,44.21,Medium,44.4,-0.18999999999999773,44.4,1
2020,United States,3,Healthcare,Medium,619,2.4,99.0,94.8,56.8,High,44.21,12.589999999999996,44.305,2
2021,United States,3,Healthcare,Medium,945,2.29,99.0,95.6,58.12,High,56.8,1.3200000000000003,48.47,3
2022,United States,3,Healthcare,Medium,403,2.65,99.0,76.8,73.71,High,58.12,15.589999999999996,53.04333333333333,4
2023,United States,3,Healthcare,Medium,903,3.05,99.0,88.2,80.93,High,73.71,7.220000000000013,62.876666666666665,5
2024,United States,3,Healthcare,Medium,698,2.42,90.7,100.0,83.57,High,80.93,2.6399999999999864,70.92,6
2025,United States,3,Healthcare,Medium,706,2.36,99.0,87.3,97.0,High,83.57,13.430000000000007,79.40333333333332,7
2018,United States,3,Healthcare,Small,15,2.96,94.0,91.8,28.38,Low,28.38,0.0,28.38,0
2019,United States,3,Healthcare,Small,46,2.59,93.3,81.5,40.87,Medium,28.38,12.489999999999998,28.38,1
2020,United States,3,Healthcare,Small,55,2.72,94.4,100.0,39.2,Medium,40.87,-1.6699999999999946,34.625,2
2021,United States,3,Healthcare,Small,53,2.97,92.3,100.0,39.88,Medium,39.2,0.6799999999999997,36.15,3
2022,United States,3,Healthcare,Small,32,2.16,99.0,94.7,46.12,Medium,39.88,6.239999999999995,39.983333333333334,4
2023,United States,3,Healthcare,Small,18,2.44,93.6,91.6,66.35,High,46.12,20.229999999999997,41.73333333333333,5
2024,United States,3,Healthcare,Small,93,2.39,92.6,89.9,60.69,High,66.35,-5.659999999999997,50.783333333333324,6
2025,United States,3,Healthcare,Small,68,3.04,81.9,82.9,86.58,High,60.69,25.89,57.71999999999999,7
2018,United States,3,Legal,Large,11750,2.69,99.0,89.9,44.68,Medium,44.68,0.0,44.68,0
2019,United States,3,Legal,Large,7697,2.48,99.0,94.9,36.77,Medium,44.68,-7.909999999999997,44.68,1
2020,United States,3,Legal,Large,24369,2.25,99.0,91.2,50.03,Medium,36.77,13.259999999999998,40.725,2
2021,United States,3,Legal,Large,34332,2.65,99.0,70.5,48.21,Medium,50.03,-1.8200000000000003,43.826666666666675,3
2022,United States,3,Legal,Large,13224,2.89,99.0,91.5,68.46,High,48.21,20.249999999999993,45.00333333333333,4
2023,United States,3,Legal,Large,24350,2.58,99.0,82.4,75.93,High,68.46,7.470000000000013,55.56666666666666,5
2024,United States,3,Legal,Large,6577,2.4,99.0,86.9,82.26,High,75.93,6.329999999999998,64.2,6
2025,United States,3,Legal,Large,16096,3.09,90.1,93.8,92.95,High,82.26,10.689999999999998,75.55,7
2018,United States,3,Legal,Medium,514,2.7,99.0,98.4,28.82,Low,28.82,0.0,28.82,0
2019,United States,3,Legal,Medium,486,2.14,98.4,92.4,25.33,Low,28.82,-3.490000000000002,28.82,1
2020,United States,3,Legal,Medium,683,2.76,99.0,97.5,41.99,Medium,25.33,16.660000000000004,27.075,2
2021,United States,3,Legal,Medium,146,2.35,99.0,82.2,44.55,Medium,41.99,2.559999999999995,32.04666666666667,3
2022,United States,3,Legal,Medium,457,2.59,99.0,100.0,54.3,Medium,44.55,9.75,37.29,4
2023,United States,3,Legal,Medium,299,2.76,99.0,80.9,57.9,High,54.3,3.6000000000000014,46.94666666666666,5
2024,United States,3,Legal,Medium,130,2.62,99.0,100.0,67.64,High,57.9,9.740000000000002,52.25,6
2025,United States,3,Legal,Medium,903,2.85,99.0,95.0,89.37,High,67.64,21.730000000000004,59.94666666666666,7
2018,United States,3,Legal,Small,26,2.73,99.0,96.8,15.88,Low,15.88,0.0,15.88,0
2019,United States,3,Legal,Small,83,2.44,84.8,86.9,20.28,Low,15.88,4.4,15.88,1
2020,United States,3,Legal,Small,63,2.79,81.0,100.0,29.68,Low,20.28,9.399999999999999,18.080000000000002,2
2021,United States,3,Legal,Small,98,2.55,99.0,100.0,25.45,Low,29.68,-4.23,21.94666666666667,3
2022,United States,3,Legal,Small,57,2.16,99.0,82.9,35.26,Medium,25.45,9.809999999999999,25.136666666666667,4
2023,United States,3,Legal,Small,7,2.68,98.1,74.6,60.53,High,35.26,25.270000000000003,30.13,5
2024,United States,3,Legal,Small,69,2.88,99.0,97.7,62.1,High,60.53,1.5700000000000003,40.413333333333334,6
2025,United States,3,Legal,Small,88,2.68,99.0,95.1,56.44,High,62.1,-5.660000000000004,52.629999999999995,7
2018,United States,3,Manufacturing,Large,43330,2.81,95.2,90.4,55.28,High,55.28,0.0,55.28,0
2019,United States,3,Manufacturing,Large,12440,3.13,99.0,99.0,67.04,High,55.28,11.760000000000005,55.28,1
2020,United States,3,Manufacturing,Large,43481,2.42,99.0,76.0,69.98,High,67.04,2.9399999999999977,61.160000000000004,2
2021,United States,3,Manufacturing,Large,3881,2.55,97.5,88.8,82.15,High,69.98,12.170000000000002,64.10000000000001,3
2022,United States,3,Manufacturing,Large,23499,2.58,99.0,100.0,79.51,High,82.15,-2.6400000000000006,73.05666666666667,4
2023,United States,3,Manufacturing,Large,1220,2.06,99.0,81.0,93.75,High,79.51,14.239999999999995,77.21333333333332,5
2024,United States,3,Manufacturing,Large,38344,2.99,99.0,92.7,97.0,High,93.75,3.25,85.13666666666667,6
2025,United States,3,Manufacturing,Large,35836,2.41,93.5,80.1,97.0,High,97.0,0.0,90.08666666666666,7
2018,United States,3,Manufacturing,Medium,930,2.75,92.5,92.9,30.49,Medium,30.49,0.0,30.49,0
2019,United States,3,Manufacturing,Medium,408,2.49,99.0,84.5,41.88,Medium,30.49,11.390000000000004,30.49,1
2020,United States,3,Manufacturing,Medium,986,2.62,96.0,77.0,51.03,Medium,41.88,9.149999999999999,36.185,2
2021,United States,3,Manufacturing,Medium,798,2.44,99.0,82.0,59.3,High,51.03,8.269999999999996,41.13333333333333,3
2022,United States,3,Manufacturing,Medium,691,2.74,93.6,95.0,64.97,High,59.3,5.670000000000002,50.73666666666667,4
2023,United States,3,Manufacturing,Medium,939,1.85,92.3,100.0,75.31,High,64.97,10.340000000000003,58.43333333333334,5
2024,United States,3,Manufacturing,Medium,451,2.25,98.4,100.0,79.89,High,75.31,4.579999999999998,66.52666666666666,6
2025,United States,3,Manufacturing,Medium,958,2.76,99.0,78.5,89.91,High,79.89,10.019999999999996,73.39,7
2018,United States,3,Manufacturing,Small,51,2.5,93.4,84.5,26.08,Low,26.08,0.0,26.08,0
2019,United States,3,Manufacturing,Small,81,3.17,99.0,100.0,35.4,Medium,26.08,9.32,26.08,1
2020,United States,3,Manufacturing,Small,48,2.76,99.0,100.0,37.97,Medium,35.4,2.5700000000000003,30.74,2
2021,United States,3,Manufacturing,Small,30,2.53,99.0,89.9,38.65,Medium,37.97,0.6799999999999997,33.15,3
2022,United States,3,Manufacturing,Small,73,2.75,99.0,87.1,42.31,Medium,38.65,3.6600000000000037,37.339999999999996,4
2023,United States,3,Manufacturing,Small,64,2.3,93.7,91.8,55.26,High,42.31,12.949999999999996,39.64333333333334,5
2024,United States,3,Manufacturing,Small,88,2.47,96.2,100.0,66.13,High,55.26,10.869999999999997,45.406666666666666,6
2025,United States,3,Manufacturing,Small,98,2.75,92.7,100.0,75.48,High,66.13,9.350000000000009,54.56666666666666,7
2018,United States,3,Media & Entertainment,Large,14515,3.1,99.0,99.3,62.9,High,62.9,0.0,62.9,0
2019,United States,3,Media & Entertainment,Large,12593,2.3,96.0,100.0,68.88,High,62.9,5.979999999999997,62.9,1
2020,United States,3,Media & Entertainment,Large,30087,2.88,99.0,86.8,70.9,High,68.88,2.0200000000000102,65.89,2
2021,United States,3,Media & Entertainment,Large,41555,2.16,96.9,81.1,86.33,High,70.9,15.429999999999993,67.56,3
2022,United States,3,Media & Entertainment,Large,27535,2.63,97.1,71.4,85.55,High,86.33,-0.7800000000000011,75.37,4
2023,United States,3,Media & Entertainment,Large,11763,2.73,87.9,82.5,97.0,High,85.55,11.450000000000003,80.92666666666666,5
2024,United States,3,Media & Entertainment,Large,20049,2.23,92.7,94.4,97.0,High,97.0,0.0,89.62666666666667,6
2025,United States,3,Media & Entertainment,Large,29742,2.58,98.7,82.6,97.0,High,97.0,0.0,93.18333333333334,7
2018,United States,3,Media & Entertainment,Medium,382,2.84,99.0,90.0,43.11,Medium,43.11,0.0,43.11,0
2019,United States,3,Media & Entertainment,Medium,357,2.66,99.0,85.7,40.68,Medium,43.11,-2.4299999999999997,43.11,1
2020,United States,3,Media & Entertainment,Medium,721,2.35,99.0,94.7,52.47,Medium,40.68,11.79,41.894999999999996,2
2021,United States,3,Media & Entertainment,Medium,276,2.5,93.8,88.9,56.21,High,52.47,3.740000000000002,45.419999999999995,3
2022,United States,3,Media & Entertainment,Medium,309,2.9,91.5,100.0,67.0,High,56.21,10.79,49.78666666666667,4
2023,United States,3,Media & Entertainment,Medium,891,2.41,94.0,86.2,71.01,High,67.0,4.010000000000005,58.56,5
2024,United States,3,Media & Entertainment,Medium,281,2.39,99.0,99.2,85.49,High,71.01,14.47999999999999,64.74,6
2025,United States,3,Media & Entertainment,Medium,997,2.39,92.4,91.9,88.28,High,85.49,2.7900000000000063,74.5,7
2018,United States,3,Media & Entertainment,Small,8,2.39,99.0,100.0,21.13,Low,21.13,0.0,21.13,0
2019,United States,3,Media & Entertainment,Small,16,2.69,92.0,93.7,31.8,Medium,21.13,10.670000000000002,21.13,1
2020,United States,3,Media & Entertainment,Small,16,2.71,99.0,100.0,30.6,Medium,31.8,-1.1999999999999993,26.465,2
2021,United States,3,Media & Entertainment,Small,88,2.71,88.7,92.4,32.68,Medium,30.6,2.0799999999999983,27.843333333333334,3
2022,United States,3,Media & Entertainment,Small,89,3.0,99.0,91.7,46.19,Medium,32.68,13.509999999999998,31.69333333333334,4
2023,United States,3,Media & Entertainment,Small,42,2.86,99.0,82.0,57.74,High,46.19,11.550000000000004,36.49,5
2024,United States,3,Media & Entertainment,Small,28,2.5,99.0,95.1,58.58,High,57.74,0.8399999999999963,45.53666666666667,6
2025,United States,3,Media & Entertainment,Small,92,2.74,89.1,97.4,77.06,High,58.58,18.480000000000004,54.169999999999995,7
2018,United States,3,Retail,Large,11891,2.22,92.5,96.1,64.84,High,64.84,0.0,64.84,0
2019,United States,3,Retail,Large,31930,2.84,92.0,94.2,63.43,High,64.84,-1.4100000000000037,64.84,1
2020,United States,3,Retail,Large,39106,2.06,96.9,88.8,61.84,High,63.43,-1.5899999999999963,64.135,2
2021,United States,3,Retail,Large,45578,2.68,99.0,91.8,72.16,High,61.84,10.319999999999993,63.370000000000005,3
2022,United States,3,Retail,Large,49128,2.75,99.0,94.8,74.28,High,72.16,2.1200000000000045,65.81,4
2023,United States,3,Retail,Large,31435,2.8,99.0,96.7,97.0,High,74.28,22.72,69.42666666666666,5
2024,United States,3,Retail,Large,15271,2.69,99.0,89.3,92.31,High,97.0,-4.689999999999998,81.14666666666666,6
2025,United States,3,Retail,Large,4565,2.81,99.0,91.6,97.0,High,92.31,4.689999999999998,87.86333333333334,7
2018,United States,3,Retail,Medium,573,2.67,99.0,87.1,35.68,Medium,35.68,0.0,35.68,0
2019,United States,3,Retail,Medium,182,2.56,99.0,78.8,41.56,Medium,35.68,5.880000000000003,35.68,1
2020,United States,3,Retail,Medium,558,2.74,85.4,77.7,39.14,Medium,41.56,-2.4200000000000017,38.620000000000005,2
2021,United States,3,Retail,Medium,211,2.84,99.0,91.3,57.06,High,39.14,17.92,38.79333333333333,3
2022,United States,3,Retail,Medium,377,2.28,92.6,85.1,54.72,Medium,57.06,-2.3400000000000034,45.919999999999995,4
2023,United States,3,Retail,Medium,809,2.7,99.0,85.3,65.54,High,54.72,10.820000000000007,50.306666666666665,5
2024,United States,3,Retail,Medium,153,2.21,94.9,94.2,79.54,High,65.54,14.0,59.106666666666676,6
2025,United States,3,Retail,Medium,261,2.62,94.9,81.1,95.85,High,79.54,16.309999999999988,66.60000000000001,7
2018,United States,3,Retail,Small,47,2.77,99.0,100.0,15.77,Low,15.77,0.0,15.77,0
2019,United States,3,Retail,Small,73,2.84,99.0,85.3,30.98,Medium,15.77,15.21,15.77,1
2020,United States,3,Retail,Small,61,2.55,97.0,76.5,30.59,Medium,30.98,-0.39000000000000057,23.375,2
2021,United States,3,Retail,Small,5,2.76,99.0,91.7,35.31,Medium,30.59,4.720000000000002,25.78,3
2022,United States,3,Retail,Small,32,2.65,99.0,75.3,33.99,Medium,35.31,-1.3200000000000003,32.29333333333334,4
2023,United States,3,Retail,Small,92,2.65,97.9,86.2,56.3,High,33.99,22.309999999999995,33.296666666666674,5
2024,United States,3,Retail,Small,65,2.35,99.0,100.0,64.41,High,56.3,8.11,41.86666666666667,6
2025,United States,3,Retail,Small,44,2.59,99.0,89.9,74.27,High,64.41,9.86,51.56666666666666,7
2018,United States,3,Technology,Large,1864,2.34,99.0,100.0,79.74,High,79.74,0.0,79.74,0
2019,United States,3,Technology,Large,21245,2.65,99.0,100.0,81.06,High,79.74,1.3200000000000074,79.74,1
2020,United States,3,Technology,Large,5042,2.2,90.9,94.6,92.11,High,81.06,11.049999999999997,80.4,2
2021,United States,3,Technology,Large,30377,2.63,95.5,100.0,97.0,High,92.11,4.890000000000001,84.30333333333333,3
2022,United States,3,Technology,Large,28332,2.94,93.7,91.3,97.0,High,97.0,0.0,90.05666666666667,4
2023,United States,3,Technology,Large,21469,2.81,99.0,100.0,97.0,High,97.0,0.0,95.37,5
2024,United States,3,Technology,Large,11450,2.93,94.0,100.0,97.0,High,97.0,0.0,97.0,6
2025,United States,3,Technology,Large,34691,2.15,85.5,97.2,97.0,High,97.0,0.0,97.0,7
2018,United States,3,Technology,Medium,420,2.74,99.0,100.0,59.58,High,59.58,0.0,59.58,0
2019,United States,3,Technology,Medium,293,2.66,99.0,82.7,53.2,Medium,59.58,-6.3799999999999955,59.58,1
2020,United States,3,Technology,Medium,827,2.98,99.0,74.2,69.53,High,53.2,16.33,56.39,2
2021,United States,3,Technology,Medium,519,2.69,99.0,93.9,75.48,High,69.53,5.950000000000003,60.77,3
2022,United States,3,Technology,Medium,263,2.67,99.0,96.8,89.11,High,75.48,13.629999999999995,66.07000000000001,4
2023,United States,3,Technology,Medium,551,2.75,98.1,96.7,81.91,High,89.11,-7.200000000000003,78.04,5
2024,United States,3,Technology,Medium,416,3.12,99.0,82.8,97.0,High,81.91,15.090000000000003,82.16666666666667,6
2025,United States,3,Technology,Medium,709,2.53,99.0,100.0,97.0,High,97.0,0.0,89.33999999999999,7
2018,United States,3,Technology,Small,20,1.98,99.0,100.0,24.76,Low,24.76,0.0,24.76,0
2019,United States,3,Technology,Small,89,2.49,94.7,91.3,38.91,Medium,24.76,14.149999999999995,24.76,1
2020,United States,3,Technology,Small,69,2.65,93.1,62.9,38.84,Medium,38.91,-0.06999999999999318,31.835,2
2021,United States,3,Technology,Small,23,2.79,99.0,100.0,56.5,High,38.84,17.659999999999997,34.17,3
2022,United States,3,Technology,Small,70,2.87,99.0,100.0,56.92,High,56.5,0.4200000000000017,44.75,4
2023,United States,3,Technology,Small,46,2.5,99.0,91.5,64.16,High,56.92,7.239999999999995,50.75333333333333,5
2024,United States,3,Technology,Small,26,2.99,99.0,82.7,85.38,High,64.16,21.22,59.19333333333333,6
2025,United States,3,Technology,Small,77,2.7,87.2,100.0,83.9,High,85.38,-1.4799999999999898,68.82,7
